latitude,longitude,bright_ti4,scan,track,acq_date,acq_time,satellite,instrument,confidence,version,bright_ti5,frp,daynight,acq_datetime,footprint_dx,footprint_dy,footprint_nw_lat,footprint_nw_lon,footprint_ne_lat,footprint_ne_lon,footprint_se_lat,footprint_se_lon,footprint_sw_lat,footprint_sw_lon,footprint_area_km2,ee_elevation,ee_ndvi,ee_population_density,ee_landcover,ee_pdsi,ee_pr,ee_sph,ee_th,ee_tmmn,ee_tmmx,ee_vs,ee_erc
34.0369,-118.55901,344.56,0.48,0.4,2025-01-07,2040,N21,VIIRS,n,2.0NRT,285.94,6.99,D,2025-01-07 20:40:00,0.002032556609211144,0.0016843334531081568,34.03858433345311,-118.56104255660921,34.03858433345311,-118.55697744339079,34.0352156665469,-118.55697744339079,34.0352156665469,-118.56104255660921,0.140625,0,,763.5986328125,80,,0.0,0.005679999943822622,227.0,281.29998779296875,291.70001220703125,1.600000023841858,43.0
34.03789,-118.55386,341.67,0.48,0.4,2025-01-07,2040,N21,VIIRS,n,2.0NRT,286.91,10.09,D,2025-01-07 20:40:00,0.002032580331491979,0.0016843334531081568,34.0395743334531,-118.55589258033149,34.0395743334531,-118.55182741966851,34.03620566654689,-118.55182741966851,34.03620566654689,-118.55589258033149,0.140625,0,,1259.8011474609375,80,,0.0,0.005679999943822622,227.0,281.29998779296875,291.70001220703125,1.600000023841858,43.0
34.03955,-118.56501,327.67,0.48,0.4,2025-01-07,2040,N21,VIIRS,n,2.0NRT,287.19,6.99,D,2025-01-07 20:40:00,0.0020326201108502827,0.0016843334531081568,34.041234333453104,-118.56704262011085,34.041234333453104,-118.56297737988915,34.03786566654689,-118.56297737988915,34.03786566654689,-118.56704262011085,0.140625,23,0.2461,1566.06884765625,50,,0.0,0.005679999943822622,227.0,281.29998779296875,291.70001220703125,1.600000023841858,43.0
34.04055,-118.55983,353.46,0.48,0.4,2025-01-07,2040,N21,VIIRS,n,2.0NRT,291.59,6.99,D,2025-01-07 20:40:00,0.0020326440758941765,0.0016843334531081568,34.04223433345311,-118.5618626440759,34.04223433345311,-118.55779735592411,34.0388656665469,-118.55779735592411,34.0388656665469,-118.5618626440759,0.140625,35,0.2908,790.8216552734375,10,,0.0,0.005679999943822622,227.0,281.29998779296875,291.70001220703125,1.600000023841858,43.0
34.04154,-118.55464,355.57,0.48,0.4,2025-01-07,2040,N21,VIIRS,l,2.0NRT,289.75,10.09,D,2025-01-07 20:40:00,0.0020326678024542313,0.0016843334531081568,34.043224333453104,-118.55667266780246,34.043224333453104,-118.55260733219755,34.03985566654689,-118.55260733219755,34.03985566654689,-118.55667266780246,0.140625,39,0.3049,851.7344360351562,10,,0.0,0.005679999943822622,227.0,281.29998779296875,291.70001220703125,1.600000023841858,43.0
34.04251,-118.54955,350.66,0.48,0.4,2025-01-07,2040,N21,VIIRS,n,2.0NRT,288.44,10.09,D,2025-01-07 20:40:00,0.0020326910508156964,0.0016843334531081568,34.044194333453106,-118.55158269105081,34.044194333453106,-118.54751730894918,34.040825666546894,-118.54751730894918,34.040825666546894,-118.55158269105081,0.140625,39,0.3049,851.7344360351562,10,,0.0,0.005679999943822622,227.0,281.29998779296875,291.70001220703125,1.600000023841858,43.0
34.04321,-118.56579,328.79,0.48,0.4,2025-01-07,2040,N21,VIIRS,n,2.0NRT,289.74,404.27,D,2025-01-07 20:40:00,0.002032707828676052,0.0016843334531081568,34.04489433345311,-118.56782270782868,34.04489433345311,-118.56375729217133,34.041525666546896,-118.56375729217133,34.041525666546896,-118.56782270782868,0.140625,23,0.2461,1566.06884765625,50,,0.0,0.005679999943822622,227.0,281.29998779296875,291.70001220703125,1.600000023841858,43.0
34.04351,-118.54434,325.4,0.48,0.4,2025-01-07,2040,N21,VIIRS,n,2.0NRT,289.66,4.36,D,2025-01-07 20:40:00,0.002032715019365301,0.0016843334531081568,34.045194333453104,-118.54637271501937,34.045194333453104,-118.54230728498064,34.04182566654689,-118.54230728498064,34.04182566654689,-118.54637271501937,0.140625,56,0.3049,2464.794921875,10,,0.0,0.005679999943822622,227.0,281.29998779296875,291.70001220703125,1.600000023841858,43.0
34.0452,-118.55537,367.0,0.48,0.4,2025-01-07,2040,N21,VIIRS,l,2.0NRT,327.89,272.67,D,2025-01-07 20:40:00,0.00203275552890653,0.0016843334531081568,34.04688433345311,-118.5574027555289,34.04688433345311,-118.5533372444711,34.043515666546895,-118.5533372444711,34.043515666546895,-118.5574027555289,0.140625,39,0.3049,851.7344360351562,10,,0.0,0.005679999943822622,227.0,281.29998779296875,291.70001220703125,1.600000023841858,43.0
34.04617,-118.55029,367.0,0.48,0.4,2025-01-07,2040,N21,VIIRS,h,2.0NRT,291.93,272.67,D,2025-01-07 20:40:00,0.0020327787814731816,0.0016843334531081568,34.0478543334531,-118.55232277878147,34.0478543334531,-118.54825722121853,34.04448566654689,-118.54825722121853,34.04448566654689,-118.55232277878147,0.140625,39,0.3049,851.7344360351562,10,,0.0,0.005679999943822622,227.0,281.29998779296875,291.70001220703125,1.600000023841858,43.0
34.04689,-118.56643,337.71,0.48,0.4,2025-01-07,2040,N21,VIIRS,n,2.0NRT,290.89,404.27,D,2025-01-07 20:40:00,0.0020327960418310073,0.0016843334531081568,34.048574333453104,-118.56846279604183,34.048574333453104,-118.56439720395817,34.04520566654689,-118.56439720395817,34.04520566654689,-118.56846279604183,0.140625,23,0.2461,1566.06884765625,50,,0.0,0.005679999943822622,227.0,281.29998779296875,291.70001220703125,1.600000023841858,43.0
34.04715,-118.54517,338.07,0.48,0.4,2025-01-07,2040,N21,VIIRS,n,2.0NRT,290.28,4.68,D,2025-01-07 20:40:00,0.0020328022748889248,0.0016843334531081568,34.04883433345311,-118.54720280227488,34.04883433345311,-118.54313719772512,34.045465666546896,-118.54313719772512,34.045465666546896,-118.54720280227488,0.140625,56,0.3049,2464.794921875,10,,0.0,0.005679999943822622,227.0,281.29998779296875,291.70001220703125,1.600000023841858,43.0
34.04786,-118.56132,367.0,0.48,0.4,2025-01-07,2040,N21,VIIRS,l,2.0NRT,362.53,404.27,D,2025-01-07 20:40:00,0.0020328192963396468,0.0016843334531081568,34.049544333453106,-118.56335281929634,34.049544333453106,-118.55928718070365,34.046175666546894,-118.55928718070365,34.046175666546894,-118.56335281929634,0.140625,118,0.2419,42.91071319580078,10,1.6399999856948853,0.0,0.005169999785721302,227.0,281.5,291.8999938964844,1.7000000476837158,52.0
34.04813,-118.53999,325.17,0.48,0.4,2025-01-07,2040,N21,VIIRS,n,2.0NRT,291.26,4.68,D,2025-01-07 20:40:00,0.0020328257694424336,0.0016843334531081568,34.04981433345311,-118.54202282576945,34.04981433345311,-118.53795717423056,34.046445666546894,-118.53795717423056,34.046445666546894,-118.54202282576945,0.140625,105,0.2659,1420.3568115234375,10,1.6399999856948853,0.0,0.005169999785721302,227.0,281.5,291.8999938964844,1.7000000476837158,52.0
34.04882,-118.55629,367.0,0.48,0.4,2025-01-07,2040,N21,VIIRS,h,2.0NRT,357.84,272.67,D,2025-01-07 20:40:00,0.0020328423122086083,0.0016843334531081568,34.050504333453105,-118.55832284231221,34.050504333453105,-118.5542571576878,34.04713566654689,-118.5542571576878,34.04713566654689,-118.55832284231221,0.140625,118,0.2419,42.91071319580078,10,1.6399999856948853,0.0,0.005169999785721302,227.0,281.5,291.8999938964844,1.7000000476837158,52.0
34.0491,-118.53491,341.36,0.48,0.4,2025-01-07,2040,N21,VIIRS,n,2.0NRT,293.0,3.05,D,2025-01-07 20:40:00,0.002032849025376063,0.0016843334531081568,34.05078433345311,-118.53694284902538,34.05078433345311,-118.53287715097461,34.0474156665469,-118.53287715097461,34.0474156665469,-118.53694284902538,0.140625,108,0.26480000000000004,917.6705322265625,50,1.850000023841858,0.0,0.005330000072717667,227.0,280.29998779296875,293.20001220703125,1.7000000476837158,44.0
34.04981,-118.55112,367.0,0.48,0.4,2025-01-07,2040,N21,VIIRS,h,2.0NRT,334.38,272.67,D,2025-01-07 20:40:00,0.002032866048467078,0.0016843334531081568,34.05149433345311,-118.55315286604846,34.05149433345311,-118.54908713395153,34.048125666546895,-118.54908713395153,34.048125666546895,-118.55315286604846,0.140625,120,0.2564,341.0213317871094,10,1.6399999856948853,0.0,0.005169999785721302,227.0,281.5,291.8999938964844,1.7000000476837158,52.0
34.05056,-118.56711,326.1,0.48,0.4,2025-01-07,2040,N21,VIIRS,n,2.0NRT,290.66,284.83,D,2025-01-07 20:40:00,0.0020328840312541685,0.0016843334531081568,34.0522443334531,-118.56914288403125,34.0522443334531,-118.56507711596875,34.04887566654689,-118.56507711596875,34.04887566654689,-118.56914288403125,0.140625,133,0.2393,45.85663986206055,10,1.6399999856948853,0.0,0.005169999785721302,227.0,281.5,291.8999938964844,1.7000000476837158,52.0
34.05079,-118.54598,340.68,0.48,0.4,2025-01-07,2040,N21,VIIRS,n,2.0NRT,291.07,4.68,D,2025-01-07 20:40:00,0.002032889546109077,0.0016843334531081568,34.052474333453105,-118.54801288954611,34.052474333453105,-118.54394711045389,34.04910566654689,-118.54394711045389,34.04910566654689,-118.54801288954611,0.140625,105,0.2659,1420.3568115234375,10,1.6399999856948853,0.0,0.005169999785721302,227.0,281.5,291.8999938964844,1.7000000476837158,52.0
34.05155,-118.56195,367.0,0.48,0.4,2025-01-07,2040,N21,VIIRS,h,2.0NRT,333.2,284.83,D,2025-01-07 20:40:00,0.0020329077695536626,0.0016843334531081568,34.053234333453105,-118.56398290776956,34.053234333453105,-118.55991709223044,34.04986566654689,-118.55991709223044,34.04986566654689,-118.56398290776956,0.140625,118,0.2419,42.91071319580078,10,1.6399999856948853,0.0,0.005169999785721302,227.0,281.5,291.8999938964844,1.7000000476837158,52.0
34.05178,-118.54077,342.6,0.48,0.4,2025-01-07,2040,N21,VIIRS,n,2.0NRT,291.57,4.68,D,2025-01-07 20:40:00,0.0020329132846783745,0.0016843334531081568,34.05346433345311,-118.54280291328467,34.05346433345311,-118.53873708671532,34.050095666546895,-118.53873708671532,34.050095666546895,-118.54280291328467,0.140625,105,0.2659,1420.3568115234375,10,1.6399999856948853,0.0,0.005169999785721302,227.0,281.5,291.8999938964844,1.7000000476837158,52.0
34.05248,-118.55703,367.0,0.48,0.4,2025-01-07,2040,N21,VIIRS,l,2.0NRT,361.66,256.73,D,2025-01-07 20:40:00,0.0020329300702262416,0.0016843334531081568,34.05416433345311,-118.55906293007023,34.05416433345311,-118.55499706992977,34.0507956665469,-118.55499706992977,34.0507956665469,-118.55906293007023,0.140625,118,0.2419,42.91071319580078,10,1.6399999856948853,0.0,0.005169999785721302,227.0,281.5,291.8999938964844,1.7000000476837158,52.0
34.05275,-118.53572,335.37,0.48,0.4,2025-01-07,2040,N21,VIIRS,n,2.0NRT,293.17,3.05,D,2025-01-07 20:40:00,0.0020329365448070198,0.0016843334531081568,34.05443433345311,-118.5377529365448,34.05443433345311,-118.53368706345519,34.0510656665469,-118.53368706345519,34.0510656665469,-118.5377529365448,0.140625,108,0.26480000000000004,917.6705322265625,50,1.850000023841858,0.0,0.005330000072717667,227.0,280.29998779296875,293.20001220703125,1.7000000476837158,44.0
34.05347,-118.55186,367.0,0.48,0.4,2025-01-07,2040,N21,VIIRS,h,2.0NRT,348.54,256.73,D,2025-01-07 20:40:00,0.002032953810778097,0.0016843334531081568,34.0551543334531,-118.55389295381079,34.0551543334531,-118.54982704618922,34.05178566654689,-118.54982704618922,34.05178566654689,-118.55389295381079,0.140625,120,0.2564,341.0213317871094,10,1.6399999856948853,0.0,0.005169999785721302,227.0,281.5,291.8999938964844,1.7000000476837158,52.0
34.05445,-118.5467,344.22,0.48,0.4,2025-01-07,2040,N21,VIIRS,n,2.0NRT,292.58,71.15,D,2025-01-07 20:40:00,0.0020329773126703137,0.0016843334531081568,34.05613433345311,-118.54873297731267,34.05613433345311,-118.54466702268734,34.0527656665469,-118.54466702268734,34.0527656665469,-118.54873297731267,0.140625,120,0.2564,341.0213317871094,10,1.6399999856948853,0.0,0.005169999785721302,227.0,281.5,291.8999938964844,1.7000000476837158,52.0
34.05521,-118.56264,340.62,0.48,0.4,2025-01-07,2040,N21,VIIRS,n,2.0NRT,291.56,284.83,D,2025-01-07 20:40:00,0.0020329955394111235,0.0016843334531081568,34.05689433345311,-118.56467299553941,34.05689433345311,-118.56060700446059,34.053525666546896,-118.56060700446059,34.053525666546896,-118.56467299553941,0.140625,118,0.2419,42.91071319580078,10,1.6399999856948853,0.0,0.005169999785721302,227.0,281.5,291.8999938964844,1.7000000476837158,52.0
34.05543,-118.54155,353.38,0.48,0.4,2025-01-07,2040,N21,VIIRS,n,2.0NRT,296.71,71.15,D,2025-01-07 20:40:00,0.0020330008157006933,0.0016843334531081568,34.05711433345311,-118.5435830008157,34.05711433345311,-118.5395169991843,34.053745666546895,-118.5395169991843,34.053745666546895,-118.5435830008157,0.140625,105,0.2659,1420.3568115234375,10,1.6399999856948853,0.0,0.005169999785721302,227.0,281.5,291.8999938964844,1.7000000476837158,52.0
34.05614,-118.55772,342.17,0.48,0.4,2025-01-07,2040,N21,VIIRS,n,2.0NRT,292.7,256.73,D,2025-01-07 20:40:00,0.0020330178441174025,0.0016843334531081568,34.057824333453105,-118.55975301784412,34.057824333453105,-118.55568698215589,34.05445566654689,-118.55568698215589,34.05445566654689,-118.55975301784412,0.140625,118,0.2419,42.91071319580078,10,1.6399999856948853,0.0,0.005169999785721302,227.0,281.5,291.8999938964844,1.7000000476837158,52.0
34.05639,-118.5365,340.4,0.48,0.4,2025-01-07,2040,N21,VIIRS,n,2.0NRT,310.28,0.0,D,2025-01-07 20:40:00,0.0020330238401810004,0.0016843334531081568,34.058074333453106,-118.53853302384019,34.058074333453106,-118.53446697615982,34.054705666546894,-118.53446697615982,34.054705666546894,-118.53853302384019,0.140625,108,0.26480000000000004,917.6705322265625,50,1.850000023841858,0.0,0.005330000072717667,227.0,280.29998779296875,293.20001220703125,1.7000000476837158,44.0
34.05711,-118.55264,306.4,0.48,0.4,2025-01-07,2040,N21,VIIRS,l,2.0NRT,315.25,256.73,D,2025-01-07 20:40:00,0.0020330411092580386,0.0016843334531081568,34.05879433345311,-118.55467304110925,34.05879433345311,-118.55060695889074,34.055425666546896,-118.55060695889074,34.055425666546896,-118.55467304110925,0.140625,225,0.2838,445.96746826171875,10,1.6399999856948853,0.0,0.005169999785721302,227.0,281.5,291.8999938964844,1.7000000476837158,52.0
34.05737,-118.53133,332.72,0.48,0.4,2025-01-07,2040,N21,VIIRS,n,2.0NRT,292.67,0.0,D,2025-01-07 20:40:00,0.0020330473454646344,0.0016843334531081568,34.059054333453105,-118.53336304734546,34.059054333453105,-118.52929695265453,34.05568566654689,-118.52929695265453,34.05568566654689,-118.53336304734546,0.140625,181,0.19590000000000002,28.542539596557617,10,1.850000023841858,0.0,0.005330000072717667,227.0,280.29998779296875,293.20001220703125,1.7000000476837158,44.0
34.05809,-118.54749,367.0,0.48,0.4,2025-01-07,2040,N21,VIIRS,h,2.0NRT,299.47,71.15,D,2025-01-07 20:40:00,0.0020330646153779845,0.0016843334531081568,34.059774333453106,-118.54952306461537,34.059774333453106,-118.54545693538462,34.056405666546894,-118.54545693538462,34.056405666546894,-118.54952306461537,0.140625,225,0.2838,445.96746826171875,10,1.6399999856948853,0.0,0.005169999785721302,227.0,281.5,291.8999938964844,1.7000000476837158,52.0
34.05909,-118.54225,340.62,0.48,0.4,2025-01-07,2040,N21,VIIRS,n,2.0NRT,304.49,71.15,D,2025-01-07 20:40:00,0.002033088602388109,0.0016843334531081568,34.060774333453104,-118.54428308860238,34.060774333453104,-118.54021691139761,34.05740566654689,-118.54021691139761,34.05740566654689,-118.54428308860238,0.140625,202,0.25720000000000004,682.1331787109375,10,1.6399999856948853,0.0,0.005169999785721302,227.0,281.5,291.8999938964844,1.7000000476837158,52.0
34.06006,-118.53717,367.0,0.48,0.4,2025-01-07,2040,N21,VIIRS,l,2.0NRT,371.8,0.0,D,2025-01-07 20:40:00,0.002033111870920477,0.0016843334531081568,34.061744333453106,-118.53920311187092,34.061744333453106,-118.53513688812909,34.058375666546894,-118.53513688812909,34.058375666546894,-118.53920311187092,0.140625,181,0.19590000000000002,28.542539596557617,10,1.850000023841858,0.0,0.005330000072717667,227.0,280.29998779296875,293.20001220703125,1.7000000476837158,44.0
34.06076,-118.5534,325.31,0.48,0.4,2025-01-07,2040,N21,VIIRS,n,2.0NRT,290.89,18.06,D,2025-01-07 20:40:00,0.002033128663337735,0.0016843334531081568,34.06244433345311,-118.55543312866334,34.06244433345311,-118.55136687133665,34.059075666546896,-118.55136687133665,34.059075666546896,-118.55543312866334,0.140625,225,0.2838,445.96746826171875,10,1.6399999856948853,0.0,0.005169999785721302,227.0,281.5,291.8999938964844,1.7000000476837158,52.0
34.06103,-118.53204,341.9,0.48,0.4,2025-01-07,2040,N21,VIIRS,n,2.0NRT,294.28,0.0,D,2025-01-07 20:40:00,0.002033135140568196,0.0016843334531081568,34.06271433345311,-118.53407313514056,34.06271433345311,-118.53000686485943,34.059345666546896,-118.53000686485943,34.059345666546896,-118.53407313514056,0.140625,181,0.19590000000000002,28.542539596557617,10,1.850000023841858,0.0,0.005330000072717667,227.0,280.29998779296875,293.20001220703125,1.7000000476837158,44.0
34.06175,-118.54822,355.1,0.48,0.4,2025-01-07,2040,N21,VIIRS,n,2.0NRT,308.94,165.13,D,2025-01-07 20:40:00,0.0020331524136052628,0.0016843334531081568,34.06343433345311,-118.5502531524136,34.06343433345311,-118.5461868475864,34.0600656665469,-118.5461868475864,34.0600656665469,-118.5502531524136,0.140625,225,0.2838,445.96746826171875,10,1.6399999856948853,0.0,0.005169999785721302,227.0,281.5,291.8999938964844,1.7000000476837158,52.0
34.06274,-118.54298,367.0,0.48,0.4,2025-01-07,2040,N21,VIIRS,l,2.0NRT,333.3,165.13,D,2025-01-07 20:40:00,0.002033176165034704,0.0016843334531081568,34.064424333453104,-118.54501317616503,34.064424333453104,-118.54094682383497,34.06105566654689,-118.54094682383497,34.06105566654689,-118.54501317616503,0.140625,202,0.25720000000000004,682.1331787109375,10,1.6399999856948853,0.0,0.005169999785721302,227.0,281.5,291.8999938964844,1.7000000476837158,52.0
34.06372,-118.53786,367.0,0.48,0.4,2025-01-07,2040,N21,VIIRS,h,2.0NRT,351.04,370.83,D,2025-01-07 20:40:00,0.0020331996776951386,0.0016843334531081568,34.06540433345311,-118.53989319967769,34.06540433345311,-118.5358268003223,34.0620356665469,-118.5358268003223,34.0620356665469,-118.53989319967769,0.140625,202,0.25720000000000004,682.1331787109375,10,1.6399999856948853,0.0,0.005169999785721302,227.0,281.5,291.8999938964844,1.7000000476837158,52.0
34.06469,-118.53273,332.8,0.48,0.4,2025-01-07,2040,N21,VIIRS,n,2.0NRT,293.54,370.83,D,2025-01-07 20:40:00,0.002033222951551764,0.0016843334531081568,34.066374333453105,-118.53476322295155,34.066374333453105,-118.53069677704845,34.06300566654689,-118.53069677704845,34.06300566654689,-118.53476322295155,0.140625,181,0.19590000000000002,28.542539596557617,10,1.850000023841858,0.0,0.005330000072717667,227.0,280.29998779296875,293.20001220703125,1.7000000476837158,44.0
34.06541,-118.54896,367.0,0.48,0.4,2025-01-07,2040,N21,VIIRS,h,2.0NRT,351.69,165.13,D,2025-01-07 20:40:00,0.0020332402277130923,0.0016843334531081568,34.067094333453106,-118.55099324022771,34.067094333453106,-118.54692675977228,34.063725666546894,-118.54692675977228,34.063725666546894,-118.55099324022771,0.140625,225,0.2838,445.96746826171875,10,1.6399999856948853,0.0,0.005169999785721302,227.0,281.5,291.8999938964844,1.7000000476837158,52.0
34.06641,-118.54366,367.0,0.48,0.4,2025-01-07,2040,N21,VIIRS,h,2.0NRT,356.01,165.13,D,2025-01-07 20:40:00,0.0020332642234013212,0.0016843334531081568,34.068094333453104,-118.5456932642234,34.068094333453104,-118.5416267357766,34.06472566654689,-118.5416267357766,34.06472566654689,-118.5456932642234,0.140625,315,0.2311,484.39794921875,10,1.6399999856948853,0.0,0.005169999785721302,227.0,281.5,291.8999938964844,1.7000000476837158,52.0
34.06738,-118.53856,367.0,0.48,0.4,2025-01-07,2040,N21,VIIRS,l,2.0NRT,332.89,370.83,D,2025-01-07 20:40:00,0.0020332875003518454,0.0016843334531081568,34.069064333453106,-118.54059328750036,34.069064333453106,-118.53652671249965,34.065695666546894,-118.53652671249965,34.065695666546894,-118.54059328750036,0.140625,315,0.2311,484.39794921875,10,1.6399999856948853,0.0,0.005169999785721302,227.0,281.5,291.8999938964844,1.7000000476837158,52.0
34.06907,-118.54967,298.71,0.48,0.4,2025-01-07,2040,N21,VIIRS,l,2.0NRT,322.92,161.41,D,2025-01-07 20:40:00,0.002033328057704248,0.0016843334531081568,34.07075433345311,-118.55170332805771,34.07075433345311,-118.5476366719423,34.0673856665469,-118.5476366719423,34.0673856665469,-118.55170332805771,0.140625,335,0.278,1099.7293701171875,50,1.6399999856948853,0.0,0.005169999785721302,227.0,281.5,291.8999938964844,1.7000000476837158,52.0
34.07007,-118.54438,367.0,0.48,0.4,2025-01-07,2040,N21,VIIRS,h,2.0NRT,362.08,161.41,D,2025-01-07 20:40:00,0.002033352057732666,0.0016843334531081568,34.07175433345311,-118.54641335205774,34.07175433345311,-118.54234664794227,34.068385666546895,-118.54234664794227,34.068385666546895,-118.54641335205774,0.140625,315,0.2311,484.39794921875,10,1.6399999856948853,0.0,0.005169999785721302,227.0,281.5,291.8999938964844,1.7000000476837158,52.0
34.07104,-118.53928,341.44,0.48,0.4,2025-01-07,2040,N21,VIIRS,n,2.0NRT,307.66,91.21,D,2025-01-07 20:40:00,0.0020333753388933717,0.0016843334531081568,34.07272433345311,-118.5413133753389,34.07272433345311,-118.53724662466111,34.0693556665469,-118.53724662466111,34.0693556665469,-118.5413133753389,0.140625,315,0.2311,484.39794921875,10,1.6399999856948853,0.0,0.005169999785721302,227.0,281.5,291.8999938964844,1.7000000476837158,52.0
34.07373,-118.54512,367.0,0.48,0.4,2025-01-07,2040,N21,VIIRS,h,2.0NRT,334.29,161.41,D,2025-01-07 20:40:00,0.0020334399079508705,0.0016843334531081568,34.075414333453104,-118.54715343990794,34.075414333453104,-118.54308656009205,34.07204566654689,-118.54308656009205,34.07204566654689,-118.54715343990794,0.140625,315,0.2311,484.39794921875,10,1.6399999856948853,0.0,0.005169999785721302,227.0,281.5,291.8999938964844,1.7000000476837158,52.0
34.07469,-118.54004,334.18,0.48,0.4,2025-01-07,2040,N21,VIIRS,n,2.0NRT,294.1,91.21,D,2025-01-07 20:40:00,0.002033462953261422,0.0016843334531081568,34.0763743334531,-118.54207346295327,34.0763743334531,-118.53800653704674,34.07300566654689,-118.53800653704674,34.07300566654689,-118.54207346295327,0.140625,315,0.2311,484.39794921875,10,1.6399999856948853,0.0,0.005169999785721302,227.0,281.5,291.8999938964844,1.7000000476837158,52.0
34.02449,-118.53745,297.77,0.36,0.57,2025-01-08,902,N21,VIIRS,n,2.0NRT,283.97,0.96,N,2025-01-08 09:02:00,0.002032259340470722,0.0016843334531081568,34.026174333453106,-118.53948225934047,34.026174333453106,-118.53541774065954,34.022805666546894,-118.53541774065954,34.022805666546894,-118.53948225934047,0.140625,0,,,80,,0.0,0.005200000014156103,24.0,286.0,294.79998779296875,4.5,49.0
34.02476,-118.54129,298.24,0.36,0.57,2025-01-08,902,N21,VIIRS,n,2.0NRT,283.76,0.96,N,2025-01-08 09:02:00,0.002032265806102164,0.0016843334531081568,34.02644433345311,-118.54332226580611,34.02644433345311,-118.5392577341939,34.023075666546895,-118.5392577341939,34.023075666546895,-118.54332226580611,0.140625,0,,,80,,0.0,0.005200000014156103,24.0,286.0,294.79998779296875,4.5,49.0
34.02702,-118.65066,296.95,0.36,0.57,2025-01-08,902,N21,VIIRS,n,2.0NRT,282.54,1.38,N,2025-01-08 09:02:00,0.002032319929215381,0.0016843334531081568,34.028704333453106,-118.65269231992922,34.028704333453106,-118.64862768007079,34.025335666546894,-118.64862768007079,34.025335666546894,-118.65269231992922,0.140625,0,,,80,,0.0,0.005200000014156103,18.0,286.3999938964844,294.5,4.699999809265137,50.0
34.02729,-118.65458,296.51,0.36,0.57,2025-01-08,902,N21,VIIRS,n,2.0NRT,282.64,1.15,N,2025-01-08 09:02:00,0.0020323263956552574,0.0016843334531081568,34.02897433345311,-118.65661232639565,34.02897433345311,-118.65254767360435,34.025605666546895,-118.65254767360435,34.025605666546895,-118.65661232639565,0.140625,0,,,80,,0.0,0.005200000014156103,18.0,286.3999938964844,294.5,4.699999809265137,50.0
34.02756,-118.6585,297.96,0.36,0.58,2025-01-08,902,N21,VIIRS,n,2.0NRT,282.39,1.15,N,2025-01-08 09:02:00,0.0020323328621814148,0.0016843334531081568,34.02924433345311,-118.66053233286219,34.02924433345311,-118.65646766713782,34.025875666546895,-118.65646766713782,34.025875666546895,-118.66053233286219,0.140625,0,,,80,,0.0,0.005200000014156103,18.0,286.3999938964844,294.5,4.699999809265137,50.0
34.02783,-118.66242,298.24,0.36,0.58,2025-01-08,902,N21,VIIRS,n,2.0NRT,282.16,1.06,N,2025-01-08 09:02:00,0.0020323393287938547,0.0016843334531081568,34.02951433345311,-118.66445233932879,34.02951433345311,-118.6603876606712,34.026145666546896,-118.6603876606712,34.026145666546896,-118.66445233932879,0.140625,0,,,80,,0.0,0.005200000014156103,18.0,286.3999938964844,294.5,4.699999809265137,50.0
34.0281,-118.66635,296.85,0.36,0.58,2025-01-08,902,N21,VIIRS,n,2.0NRT,281.91,1.06,N,2025-01-08 09:02:00,0.002032345795492578,0.0016843334531081568,34.02978433345311,-118.6683823457955,34.02978433345311,-118.6643176542045,34.026415666546896,-118.6643176542045,34.026415666546896,-118.6683823457955,0.140625,0,,,80,1.9900000095367432,0.0,0.005059999879449606,18.0,286.6000061035156,294.6000061035156,4.800000190734863,50.0
34.02836,-118.51718,301.42,0.35,0.57,2025-01-08,902,N21,VIIRS,n,2.0NRT,284.2,1.68,N,2025-01-08 09:02:00,0.0020323520227654916,0.0016843334531081568,34.030044333453105,-118.51921235202276,34.030044333453105,-118.51514764797723,34.02667566654689,-118.51514764797723,34.02667566654689,-118.51921235202276,0.140625,19,0.404,3962.3056640625,50,2.7200000286102295,0.0,0.005260000005364418,24.0,285.20001220703125,294.1000061035156,4.400000095367432,48.0
34.02837,-118.67027,295.34,0.36,0.58,2025-01-08,902,N21,VIIRS,n,2.0NRT,282.11,0.81,N,2025-01-08 09:02:00,0.0020323522622775862,0.0016843334531081568,34.03005433345311,-118.67230235226228,34.03005433345311,-118.66823764773773,34.026685666546896,-118.66823764773773,34.026685666546896,-118.67230235226228,0.140625,0,,,80,1.9900000095367432,0.0,0.005059999879449606,18.0,286.6000061035156,294.6000061035156,4.800000190734863,50.0
34.02864,-118.52116,304.75,0.36,0.57,2025-01-08,902,N21,VIIRS,n,2.0NRT,283.66,6.64,N,2025-01-08 09:02:00,0.0020323587291488803,0.0016843334531081568,34.03032433345311,-118.52319235872915,34.03032433345311,-118.51912764127084,34.0269556665469,-118.51912764127084,34.0269556665469,-118.52319235872915,0.140625,1,0.2416,1082.1866455078125,80,2.7200000286102295,0.0,0.005260000005364418,24.0,285.20001220703125,294.1000061035156,4.400000095367432,48.0
34.02892,-118.52511,312.89,0.36,0.57,2025-01-08,902,N21,VIIRS,n,2.0NRT,284.48,6.64,N,2025-01-08 09:02:00,0.0020323654356250655,0.0016843334531081568,34.030604333453105,-118.52714236543562,34.030604333453105,-118.52307763456437,34.02723566654689,-118.52307763456437,34.02723566654689,-118.52714236543562,0.140625,1,0.2416,1082.1866455078125,80,2.7200000286102295,0.0,0.005260000005364418,24.0,285.20001220703125,294.1000061035156,4.400000095367432,48.0
34.02919,-118.52908,312.9,0.36,0.57,2025-01-08,902,N21,VIIRS,n,2.0NRT,285.34,21.06,N,2025-01-08 09:02:00,0.00203237190267213,0.0016843334531081568,34.030874333453106,-118.53111237190267,34.030874333453106,-118.52704762809732,34.027505666546894,-118.52704762809732,34.027505666546894,-118.53111237190267,0.140625,0,,333.5873718261719,80,2.7200000286102295,0.0,0.005260000005364418,24.0,285.20001220703125,294.1000061035156,4.400000095367432,48.0
34.03029,-118.54465,306.33,0.36,0.57,2025-01-08,902,N21,VIIRS,n,2.0NRT,283.57,2.15,N,2025-01-08 09:02:00,0.002032398250792816,0.0016843334531081568,34.03197433345311,-118.5466823982508,34.03197433345311,-118.54261760174921,34.028605666546895,-118.54261760174921,34.028605666546895,-118.5466823982508,0.140625,1,0.1704,1294.5556640625,80,,0.0,0.005200000014156103,24.0,286.0,294.79998779296875,4.5,49.0
34.03056,-118.54851,304.31,0.36,0.57,2025-01-08,902,N21,VIIRS,n,2.0NRT,283.81,2.15,N,2025-01-08 09:02:00,0.00203240471827773,0.0016843334531081568,34.03224433345311,-118.55054240471827,34.03224433345311,-118.54647759528171,34.028875666546895,-118.54647759528171,34.028875666546895,-118.55054240471827,0.140625,0,,1259.8011474609375,80,,0.0,0.005200000014156103,24.0,286.0,294.79998779296875,4.5,49.0
34.03083,-118.55238,303.56,0.36,0.57,2025-01-08,902,N21,VIIRS,n,2.0NRT,284.29,1.69,N,2025-01-08 09:02:00,0.0020324111858489387,0.0016843334531081568,34.03251433345311,-118.55441241118585,34.03251433345311,-118.55034758881415,34.029145666546896,-118.55034758881415,34.029145666546896,-118.55441241118585,0.140625,0,,1259.8011474609375,80,,0.0,0.005200000014156103,24.0,286.0,294.79998779296875,4.5,49.0
34.0311,-118.55625,302.25,0.36,0.57,2025-01-08,902,N21,VIIRS,n,2.0NRT,283.96,1.69,N,2025-01-08 09:02:00,0.0020324176535064433,0.0016843334531081568,34.03278433345311,-118.55828241765352,34.03278433345311,-118.5542175823465,34.029415666546896,-118.5542175823465,34.029415666546896,-118.55828241765352,0.140625,0,,763.5986328125,80,,0.0,0.005200000014156103,24.0,286.0,294.79998779296875,4.5,49.0
34.03137,-118.56012,301.27,0.36,0.57,2025-01-08,902,N21,VIIRS,n,2.0NRT,283.37,1.71,N,2025-01-08 09:02:00,0.002032424121250245,0.0016843334531081568,34.03305433345311,-118.56215242412125,34.03305433345311,-118.55808757587874,34.0296856665469,-118.55808757587874,34.0296856665469,-118.56215242412125,0.140625,0,,763.5986328125,80,,0.0,0.005200000014156103,24.0,286.0,294.79998779296875,4.5,49.0
34.0315,-118.63839,303.88,0.36,0.57,2025-01-08,902,N21,VIIRS,n,2.0NRT,283.26,1.49,N,2025-01-08 09:02:00,0.002032427235379891,0.0016843334531081568,34.03318433345311,-118.64042242723538,34.03318433345311,-118.63635757276462,34.029815666546895,-118.63635757276462,34.029815666546895,-118.64042242723538,0.140625,0,0.2684,737.0198974609375,80,,0.0,0.005200000014156103,18.0,286.3999938964844,294.5,4.699999809265137,50.0
34.03164,-118.564,300.03,0.36,0.57,2025-01-08,902,N21,VIIRS,n,2.0NRT,282.99,1.71,N,2025-01-08 09:02:00,0.002032430589080345,0.0016843334531081568,34.03332433345311,-118.56603243058908,34.03332433345311,-118.56196756941091,34.0299556665469,-118.56196756941091,34.0299556665469,-118.56603243058908,0.140625,0,,763.5986328125,80,,0.0,0.005200000014156103,24.0,286.0,294.79998779296875,4.5,49.0
34.03177,-118.64231,308.09,0.36,0.57,2025-01-08,902,N21,VIIRS,n,2.0NRT,283.62,1.49,N,2025-01-08 09:02:00,0.0020324337032515422,0.0016843334531081568,34.03345433345311,-118.64434243370324,34.03345433345311,-118.64027756629675,34.030085666546896,-118.64027756629675,34.030085666546896,-118.64434243370324,0.140625,0,0.2684,737.0198974609375,80,,0.0,0.005200000014156103,18.0,286.3999938964844,294.5,4.699999809265137,50.0
34.03191,-118.56786,299.24,0.36,0.57,2025-01-08,902,N21,VIIRS,n,2.0NRT,282.21,1.79,N,2025-01-08 09:02:00,0.0020324370569967443,0.0016843334531081568,34.03359433345311,-118.56989243705699,34.03359433345311,-118.565827562943,34.0302256665469,-118.565827562943,34.0302256665469,-118.56989243705699,0.140625,0,,381.2615661621094,80,,0.0,0.005200000014156103,24.0,286.0,294.79998779296875,4.5,49.0
34.03204,-118.6462,309.81,0.36,0.57,2025-01-08,902,N21,VIIRS,n,2.0NRT,283.4,1.38,N,2025-01-08 09:02:00,0.0020324401712094936,0.0016843334531081568,34.03372433345311,-118.6482324401712,34.03372433345311,-118.64416755982879,34.030355666546896,-118.64416755982879,34.030355666546896,-118.6482324401712,0.140625,0,,785.7019653320312,80,,0.0,0.005200000014156103,18.0,286.3999938964844,294.5,4.699999809265137,50.0
34.03231,-118.65005,311.1,0.36,0.57,2025-01-08,902,N21,VIIRS,n,2.0NRT,283.24,1.38,N,2025-01-08 09:02:00,0.0020324466392537452,0.0016843334531081568,34.03399433345311,-118.65208244663924,34.03399433345311,-118.64801755336075,34.0306256665469,-118.64801755336075,34.0306256665469,-118.65208244663924,0.140625,0,,785.7019653320312,80,,0.0,0.005200000014156103,18.0,286.3999938964844,294.5,4.699999809265137,50.0
34.03258,-118.65401,311.7,0.36,0.57,2025-01-08,902,N21,VIIRS,n,2.0NRT,283.59,1.15,N,2025-01-08 09:02:00,0.0020324531073842994,0.0016843334531081568,34.03426433345311,-118.65604245310739,34.03426433345311,-118.65197754689261,34.0308956665469,-118.65197754689261,34.0308956665469,-118.65604245310739,0.140625,0,,785.7019653320312,80,,0.0,0.005200000014156103,18.0,286.3999938964844,294.5,4.699999809265137,50.0
34.03275,-118.50455,299.86,0.35,0.57,2025-01-08,902,N21,VIIRS,n,2.0NRT,283.32,0.97,N,2025-01-08 09:02:00,0.00203245717995522,0.0016843334531081568,34.034434333453106,-118.50658245717995,34.034434333453106,-118.50251754282004,34.031065666546894,-118.50251754282004,34.031065666546894,-118.50658245717995,0.140625,67,0.5810000000000001,1887.7425537109375,50,2.7200000286102295,0.0,0.005260000005364418,24.0,285.20001220703125,294.1000061035156,4.400000095367432,48.0
34.03285,-118.65794,312.91,0.36,0.58,2025-01-08,902,N21,VIIRS,n,2.0NRT,283.52,1.15,N,2025-01-08 09:02:00,0.0020324595756011565,0.0016843334531081568,34.03453433345311,-118.6599724595756,34.03453433345311,-118.6559075404244,34.0311656665469,-118.6559075404244,34.0311656665469,-118.6599724595756,0.140625,0,,460.6295471191406,80,,0.0,0.005200000014156103,18.0,286.3999938964844,294.5,4.699999809265137,50.0
34.03303,-118.50856,303.4,0.35,0.57,2025-01-08,902,N21,VIIRS,n,2.0NRT,283.62,0.97,N,2025-01-08 09:02:00,0.002032463887793674,0.0016843334531081568,34.0347143334531,-118.51059246388779,34.0347143334531,-118.50652753611222,34.03134566654689,-118.50652753611222,34.03134566654689,-118.51059246388779,0.140625,67,0.5810000000000001,1887.7425537109375,50,2.7200000286102295,0.0,0.005260000005364418,24.0,285.20001220703125,294.1000061035156,4.400000095367432,48.0
34.03312,-118.66186,312.22,0.36,0.58,2025-01-08,902,N21,VIIRS,n,2.0NRT,283.11,1.06,N,2025-01-08 09:02:00,0.002032466043904317,0.0016843334531081568,34.0348043334531,-118.6638924660439,34.0348043334531,-118.6598275339561,34.03143566654689,-118.6598275339561,34.03143566654689,-118.6638924660439,0.140625,0,,460.6295471191406,80,,0.0,0.005200000014156103,18.0,286.3999938964844,294.5,4.699999809265137,50.0
34.0333,-118.51241,307.76,0.35,0.57,2025-01-08,902,N21,VIIRS,n,2.0NRT,284.56,1.68,N,2025-01-08 09:02:00,0.0020324703561543722,0.0016843334531081568,34.0349843334531,-118.51444247035616,34.0349843334531,-118.51037752964385,34.03161566654689,-118.51037752964385,34.03161566654689,-118.51444247035616,0.140625,54,0.3825,1528.7406005859375,10,2.7200000286102295,0.0,0.005260000005364418,24.0,285.20001220703125,294.1000061035156,4.400000095367432,48.0
34.03339,-118.66579,306.84,0.36,0.58,2025-01-08,902,N21,VIIRS,n,2.0NRT,282.75,1.06,N,2025-01-08 09:02:00,0.002032472512293784,0.0016843334531081568,34.0350743334531,-118.6678224725123,34.0350743334531,-118.6637575274877,34.03170566654689,-118.6637575274877,34.03170566654689,-118.6678224725123,0.140625,0,,386.8919677734375,80,1.9900000095367432,0.0,0.005059999879449606,18.0,286.6000061035156,294.6000061035156,4.800000190734863,50.0
34.03358,-118.51632,315.71,0.35,0.57,2025-01-08,902,N21,VIIRS,n,2.0NRT,284.68,1.68,N,2025-01-08 09:02:00,0.002032477064175145,0.0016843334531081568,34.03526433345311,-118.51835247706417,34.03526433345311,-118.51428752293582,34.031895666546895,-118.51428752293582,34.031895666546895,-118.51835247706417,0.140625,54,0.3825,1528.7406005859375,10,2.7200000286102295,0.0,0.005260000005364418,24.0,285.20001220703125,294.1000061035156,4.400000095367432,48.0
34.03366,-118.66972,302.06,0.36,0.58,2025-01-08,902,N21,VIIRS,n,2.0NRT,282.54,0.81,N,2025-01-08 09:02:00,0.002032478980769557,0.0016843334531081568,34.035344333453104,-118.67175247898076,34.035344333453104,-118.66768752101923,34.03197566654689,-118.66768752101923,34.03197566654689,-118.67175247898076,0.140625,0,,386.8919677734375,80,1.9900000095367432,0.0,0.005059999879449606,18.0,286.6000061035156,294.6000061035156,4.800000190734863,50.0
34.03385,-118.52017,327.74,0.36,0.57,2025-01-08,902,N21,VIIRS,n,2.0NRT,285.84,6.64,N,2025-01-08 09:02:00,0.0020324835327116533,0.0016843334531081568,34.03553433345311,-118.52220248353271,34.03553433345311,-118.51813751646728,34.032165666546895,-118.51813751646728,34.032165666546895,-118.52220248353271,0.140625,39,0.23470000000000002,1522.534912109375,50,2.7200000286102295,0.0,0.005260000005364418,24.0,285.20001220703125,294.1000061035156,4.400000095367432,48.0
34.03392,-118.67357,297.34,0.36,0.58,2025-01-08,902,N21,VIIRS,n,2.0NRT,282.51,0.81,N,2025-01-08 09:02:00,0.0020324852097537253,0.0016843334531081568,34.03560433345311,-118.67560248520975,34.03560433345311,-118.67153751479024,34.032235666546896,-118.67153751479024,34.032235666546896,-118.67560248520975,0.140625,3,0.32020000000000004,195.72506713867188,80,1.9900000095367432,0.0,0.005059999879449606,18.0,286.6000061035156,294.6000061035156,4.800000190734863,50.0
34.03412,-118.52402,367.0,0.36,0.57,2025-01-08,902,N21,VIIRS,h,2.0NRT,291.16,6.64,N,2025-01-08 09:02:00,0.0020324900013344695,0.0016843334531081568,34.03580433345311,-118.52605249000133,34.03580433345311,-118.52198750999865,34.032435666546895,-118.52198750999865,34.032435666546895,-118.52605249000133,0.140625,39,0.23470000000000002,1522.534912109375,50,2.7200000286102295,0.0,0.005260000005364418,24.0,285.20001220703125,294.1000061035156,4.400000095367432,48.0
34.0344,-118.52792,355.45,0.36,0.57,2025-01-08,902,N21,VIIRS,n,2.0NRT,314.63,21.06,N,2025-01-08 09:02:00,0.0020324967096270723,0.0016843334531081568,34.036084333453104,-118.52995249670963,34.036084333453104,-118.52588750329036,34.03271566654689,-118.52588750329036,34.03271566654689,-118.52995249670963,0.140625,39,0.23470000000000002,1522.534912109375,50,2.7200000286102295,0.0,0.005260000005364418,24.0,285.20001220703125,294.1000061035156,4.400000095367432,48.0
34.0346,-118.60637,314.96,0.36,0.57,2025-01-08,902,N21,VIIRS,n,2.0NRT,283.47,6.05,N,2025-01-08 09:02:00,0.002032501501321476,0.0016843334531081568,34.036284333453104,-118.60840250150132,34.036284333453104,-118.60433749849868,34.03291566654689,-118.60433749849868,34.03291566654689,-118.60840250150132,0.140625,0,,276.4947204589844,80,,0.0,0.005179999861866236,24.0,286.20001220703125,295.0,4.599999904632568,49.0
34.03469,-118.53195,367.0,0.36,0.57,2025-01-08,902,N21,VIIRS,h,2.0NRT,304.4,21.06,N,2025-01-08 09:02:00,0.002032503657599408,0.0016843334531081568,34.036374333453104,-118.5339825036576,34.036374333453104,-118.52991749634239,34.03300566654689,-118.52991749634239,34.03300566654689,-118.5339825036576,0.140625,17,0.2081,1795.9462890625,10,2.7200000286102295,0.0,0.005260000005364418,24.0,285.20001220703125,294.1000061035156,4.400000095367432,48.0
34.03486,-118.61021,367.0,0.36,0.57,2025-01-08,902,N21,VIIRS,h,2.0NRT,289.22,6.05,N,2025-01-08 09:02:00,0.002032507730595002,0.0016843334531081568,34.03654433345311,-118.61224250773058,34.03654433345311,-118.6081774922694,34.033175666546896,-118.6081774922694,34.033175666546896,-118.61224250773058,0.140625,0,,352.4764099121094,80,,0.0,0.005179999861866236,24.0,286.20001220703125,295.0,4.599999904632568,49.0
34.03553,-118.54395,325.75,0.36,0.57,2025-01-08,902,N21,VIIRS,n,2.0NRT,285.04,2.15,N,2025-01-08 09:02:00,0.002032523783322576,0.0016843334531081568,34.03721433345311,-118.54598252378332,34.03721433345311,-118.54191747621667,34.033845666546895,-118.54191747621667,34.033845666546895,-118.54598252378332,0.140625,1,0.1704,1294.5556640625,80,,0.0,0.005200000014156103,24.0,286.0,294.79998779296875,4.5,49.0
34.0358,-118.54782,319.61,0.36,0.57,2025-01-08,902,N21,VIIRS,n,2.0NRT,284.87,2.15,N,2025-01-08 09:02:00,0.0020325302524824475,0.0016843334531081568,34.03748433345311,-118.54985253025248,34.03748433345311,-118.54578746974752,34.034115666546896,-118.54578746974752,34.034115666546896,-118.54985253025248,0.140625,0,,1259.8011474609375,80,,0.0,0.005200000014156103,24.0,286.0,294.79998779296875,4.5,49.0
34.03608,-118.5517,317.31,0.36,0.57,2025-01-08,902,N21,VIIRS,n,2.0NRT,285.32,1.69,N,2025-01-08 09:02:00,0.002032536961332003,0.0016843334531081568,34.037764333453104,-118.55373253696133,34.037764333453104,-118.54966746303866,34.03439566654689,-118.54966746303866,34.03439566654689,-118.55373253696133,0.140625,0,,1259.8011474609375,80,,0.0,0.005200000014156103,24.0,286.0,294.79998779296875,4.5,49.0
34.03621,-118.62951,367.0,0.36,0.57,2025-01-08,902,N21,VIIRS,h,2.0NRT,292.76,13.06,N,2025-01-08 09:02:00,0.002032540076186566,0.0016843334531081568,34.0378943334531,-118.63154254007618,34.0378943334531,-118.62747745992381,34.03452566654689,-118.62747745992381,34.03452566654689,-118.63154254007618,0.140625,0,0.28090000000000004,487.4566345214844,80,,0.0,0.005200000014156103,18.0,286.3999938964844,294.5,4.699999809265137,50.0
34.03635,-118.55558,317.39,0.36,0.57,2025-01-08,902,N21,VIIRS,n,2.0NRT,284.39,1.69,N,2025-01-08 09:02:00,0.002032543430667705,0.0016843334531081568,34.038034333453105,-118.55761254343068,34.038034333453105,-118.55354745656933,34.03466566654689,-118.55354745656933,34.03466566654689,-118.55761254343068,0.140625,0,,763.5986328125,80,,0.0,0.005200000014156103,24.0,286.0,294.79998779296875,4.5,49.0
34.03648,-118.63342,332.19,0.36,0.57,2025-01-08,902,N21,VIIRS,n,2.0NRT,286.53,13.06,N,2025-01-08 09:02:00,0.0020325465455638286,0.0016843334531081568,34.0381643334531,-118.63545254654557,34.0381643334531,-118.63138745345444,34.03479566654689,-118.63138745345444,34.03479566654689,-118.63545254654557,0.140625,0,0.28090000000000004,487.4566345214844,80,,0.0,0.005200000014156103,18.0,286.3999938964844,294.5,4.699999809265137,50.0
34.03662,-118.55946,325.21,0.36,0.57,2025-01-08,902,N21,VIIRS,n,2.0NRT,284.37,1.71,N,2025-01-08 09:02:00,0.0020325499000897252,0.0016843334531081568,34.038304333453105,-118.5614925499001,34.038304333453105,-118.55742745009991,34.03493566654689,-118.55742745009991,34.03493566654689,-118.5614925499001,0.140625,0,,763.5986328125,80,,0.0,0.005200000014156103,24.0,286.0,294.79998779296875,4.5,49.0
34.0369,-118.56339,318.74,0.36,0.57,2025-01-08,902,N21,VIIRS,n,2.0NRT,283.14,1.71,N,2025-01-08 09:02:00,0.002032556609211144,0.0016843334531081568,34.03858433345311,-118.5654225566092,34.03858433345311,-118.56135744339079,34.0352156665469,-118.56135744339079,34.0352156665469,-118.5654225566092,0.140625,0,,763.5986328125,80,,0.0,0.005200000014156103,24.0,286.0,294.79998779296875,4.5,49.0
34.03717,-118.56724,316.2,0.36,0.57,2025-01-08,902,N21,VIIRS,n,2.0NRT,282.88,1.79,N,2025-01-08 09:02:00,0.002032563078809002,0.0016843334531081568,34.03885433345311,-118.56927256307881,34.03885433345311,-118.56520743692118,34.0354856665469,-118.56520743692118,34.0354856665469,-118.56927256307881,0.140625,0,,381.2615661621094,80,,0.0,0.005200000014156103,24.0,286.0,294.79998779296875,4.5,49.0
34.03744,-118.57113,313.04,0.36,0.57,2025-01-08,902,N21,VIIRS,n,2.0NRT,283.48,1.79,N,2025-01-08 09:02:00,0.002032569548493182,0.0016843334531081568,34.0391243334531,-118.57316256954849,34.0391243334531,-118.5690974304515,34.03575566654689,-118.5690974304515,34.03575566654689,-118.57316256954849,0.140625,0,,381.2615661621094,80,,0.0,0.005200000014156103,24.0,286.0,294.79998779296875,4.5,49.0
34.03757,-118.6492,346.89,0.36,0.57,2025-01-08,902,N21,VIIRS,n,2.0NRT,294.82,56.7,N,2025-01-08 09:02:00,0.0020325726635570937,0.0016843334531081568,34.03925433345311,-118.65123257266355,34.03925433345311,-118.64716742733644,34.035885666546896,-118.64716742733644,34.035885666546896,-118.65123257266355,0.140625,0,,785.7019653320312,80,,0.0,0.005200000014156103,18.0,286.3999938964844,294.5,4.699999809265137,50.0
34.0377,-118.49992,300.92,0.35,0.57,2025-01-08,902,N21,VIIRS,n,2.0NRT,283.54,0.69,N,2025-01-08 09:02:00,0.0020325757786410163,0.0016843334531081568,34.03938433345311,-118.50195257577865,34.03938433345311,-118.49788742422136,34.036015666546895,-118.49788742422136,34.036015666546895,-118.50195257577865,0.140625,67,0.5067,2725.923095703125,50,2.7200000286102295,0.0,0.005260000005364418,24.0,285.20001220703125,294.1000061035156,4.400000095367432,48.0
34.03771,-118.57494,320.7,0.36,0.57,2025-01-08,902,N21,VIIRS,n,2.0NRT,284.85,3.92,N,2025-01-08 09:02:00,0.002032576018263685,0.0016843334531081568,34.0393943334531,-118.57697257601826,34.0393943334531,-118.57290742398173,34.03602566654689,-118.57290742398173,34.03602566654689,-118.57697257601826,0.140625,0,0.18510000000000001,378.1972961425781,80,,0.0,0.005200000014156103,24.0,286.0,294.79998779296875,4.5,49.0
34.03785,-118.65316,354.54,0.36,0.57,2025-01-08,902,N21,VIIRS,n,2.0NRT,296.59,63.52,N,2025-01-08 09:02:00,0.0020325793729934873,0.0016843334531081568,34.039534333453105,-118.655192579373,34.039534333453105,-118.651127420627,34.03616566654689,-118.651127420627,34.03616566654689,-118.655192579373,0.140625,0,,785.7019653320312,80,,0.0,0.005200000014156103,18.0,286.3999938964844,294.5,4.699999809265137,50.0
34.03798,-118.57877,336.11,0.36,0.57,2025-01-08,902,N21,VIIRS,n,2.0NRT,286.29,3.92,N,2025-01-08 09:02:00,0.002032582488120513,0.0016843334531081568,34.0396643334531,-118.58080258248813,34.0396643334531,-118.57673741751188,34.03629566654689,-118.57673741751188,34.03629566654689,-118.58080258248813,0.140625,0,0.18510000000000001,378.1972961425781,80,,0.0,0.005200000014156103,24.0,286.0,294.79998779296875,4.5,49.0
34.03798,-118.50381,305.03,0.35,0.57,2025-01-08,902,N21,VIIRS,n,2.0NRT,283.72,1.37,N,2025-01-08 09:02:00,0.002032582488120513,0.0016843334531081568,34.0396643334531,-118.50584258248813,34.0396643334531,-118.50177741751187,34.03629566654689,-118.50177741751187,34.03629566654689,-118.50584258248813,0.140625,67,0.5810000000000001,1887.7425537109375,50,2.7200000286102295,0.0,0.005260000005364418,24.0,285.20001220703125,294.1000061035156,4.400000095367432,48.0
34.03812,-118.65709,353.89,0.36,0.58,2025-01-08,902,N21,VIIRS,n,2.0NRT,297.81,63.52,N,2025-01-08 09:02:00,0.0020325858428950757,0.0016843334531081568,34.039804333453105,-118.6591225858429,34.039804333453105,-118.6550574141571,34.03643566654689,-118.6550574141571,34.03643566654689,-118.6591225858429,0.140625,0,,460.6295471191406,80,,0.0,0.005200000014156103,18.0,286.3999938964844,294.5,4.699999809265137,50.0
34.03825,-118.58257,312.78,0.36,0.57,2025-01-08,902,N21,VIIRS,n,2.0NRT,284.7,6.84,N,2025-01-08 09:02:00,0.0020325889580636663,0.0016843334531081568,34.039934333453104,-118.58460258895806,34.039934333453104,-118.58053741104195,34.03656566654689,-118.58053741104195,34.03656566654689,-118.58460258895806,0.140625,0,,372.7947692871094,80,,0.0,0.005179999861866236,24.0,286.20001220703125,295.0,4.599999904632568,49.0
34.03826,-118.50784,310.62,0.35,0.57,2025-01-08,902,N21,VIIRS,n,2.0NRT,283.78,1.37,N,2025-01-08 09:02:00,0.002032589197692848,0.0016843334531081568,34.03994433345311,-118.5098725891977,34.03994433345311,-118.5058074108023,34.036575666546895,-118.5058074108023,34.036575666546895,-118.5098725891977,0.140625,67,0.5810000000000001,1887.7425537109375,50,2.7200000286102295,0.0,0.005260000005364418,24.0,285.20001220703125,294.1000061035156,4.400000095367432,48.0
34.03837,-118.66074,367.0,0.36,0.58,2025-01-08,902,N21,VIIRS,h,2.0NRT,295.72,130.84,N,2025-01-08 09:02:00,0.0020325918336216663,0.0016843334531081568,34.04005433345311,-118.66277259183363,34.04005433345311,-118.65870740816638,34.036685666546894,-118.65870740816638,34.036685666546894,-118.66277259183363,0.140625,0,,460.6295471191406,80,,0.0,0.005200000014156103,18.0,286.3999938964844,294.5,4.699999809265137,50.0
34.03848,-118.58601,367.0,0.36,0.57,2025-01-08,902,N21,VIIRS,h,2.0NRT,287.22,6.84,N,2025-01-08 09:02:00,0.002032594469564813,0.0016843334531081568,34.040164333453106,-118.58804259446957,34.040164333453106,-118.58397740553043,34.036795666546894,-118.58397740553043,34.036795666546894,-118.58804259446957,0.140625,0,,372.7947692871094,80,,0.0,0.005179999861866236,24.0,286.20001220703125,295.0,4.599999904632568,49.0
34.03854,-118.5117,320.39,0.35,0.57,2025-01-08,902,N21,VIIRS,n,2.0NRT,285.04,22.43,N,2025-01-08 09:02:00,0.002032595907358023,0.0016843334531081568,34.040224333453104,-118.51373259590736,34.040224333453104,-118.50966740409265,34.03685566654689,-118.50966740409265,34.03685566654689,-118.51373259590736,0.140625,54,0.3825,1528.7406005859375,10,2.7200000286102295,0.0,0.005260000005364418,24.0,285.20001220703125,294.1000061035156,4.400000095367432,48.0
34.03876,-118.59003,351.44,0.36,0.57,2025-01-08,902,N21,VIIRS,n,2.0NRT,288.45,9.71,N,2025-01-08 09:02:00,0.0020326011793029334,0.0016843334531081568,34.04044433345311,-118.59206260117931,34.04044433345311,-118.58799739882069,34.0370756665469,-118.58799739882069,34.0370756665469,-118.59206260117931,0.140625,0,,372.7947692871094,80,,0.0,0.005179999861866236,24.0,286.20001220703125,295.0,4.599999904632568,49.0
34.03881,-118.51554,339.45,0.35,0.57,2025-01-08,902,N21,VIIRS,n,2.0NRT,286.67,22.43,N,2025-01-08 09:02:00,0.0020326023774802247,0.0016843334531081568,34.040494333453104,-118.51757260237748,34.040494333453104,-118.51350739762252,34.03712566654689,-118.51350739762252,34.03712566654689,-118.51757260237748,0.140625,54,0.3825,1528.7406005859375,10,2.7200000286102295,0.0,0.005260000005364418,24.0,285.20001220703125,294.1000061035156,4.400000095367432,48.0
34.03892,-118.66866,321.8,0.36,0.58,2025-01-08,902,N21,VIIRS,n,2.0NRT,283.81,4.56,N,2025-01-08 09:02:00,0.0020326050134806864,0.0016843334531081568,34.0406043334531,-118.67069260501349,34.0406043334531,-118.66662739498652,34.03723566654689,-118.66662739498652,34.03723566654689,-118.67069260501349,0.140625,54,0.2712,98.15911102294922,30,1.9900000095367432,0.0,0.005059999879449606,18.0,286.6000061035156,294.6000061035156,4.800000190734863,50.0
34.03903,-118.59384,345.18,0.36,0.57,2025-01-08,902,N21,VIIRS,n,2.0NRT,288.2,9.71,N,2025-01-08 09:02:00,0.002032607649495477,0.0016843334531081568,34.0407143334531,-118.5958726076495,34.0407143334531,-118.5918073923505,34.03734566654689,-118.5918073923505,34.03734566654689,-118.5958726076495,0.140625,67,0.24810000000000001,3.834994316101074,10,,0.0,0.005179999861866236,24.0,286.20001220703125,295.0,4.599999904632568,49.0
34.03916,-118.67219,309.54,0.36,0.58,2025-01-08,902,N21,VIIRS,n,2.0NRT,283.96,4.56,N,2025-01-08 09:02:00,0.002032610764804158,0.0016843334531081568,34.04084433345311,-118.6742226107648,34.04084433345311,-118.6701573892352,34.0374756665469,-118.6701573892352,34.0374756665469,-118.6742226107648,0.140625,38,0.4605,123.23188018798828,10,1.9900000095367432,0.0,0.005059999879449606,18.0,286.6000061035156,294.6000061035156,4.800000190734863,50.0
34.03926,-118.59715,315.18,0.36,0.57,2025-01-08,902,N21,VIIRS,n,2.0NRT,285.7,3.35,N,2025-01-08 09:02:00,0.00203261316120907,0.0016843334531081568,34.040944333453105,-118.5991826131612,34.040944333453105,-118.5951173868388,34.03757566654689,-118.5951173868388,34.03757566654689,-118.5991826131612,0.140625,67,0.24810000000000001,3.834994316101074,10,,0.0,0.005179999861866236,24.0,286.20001220703125,295.0,4.599999904632568,49.0
34.03934,-118.52306,367.0,0.36,0.57,2025-01-08,902,N21,VIIRS,h,2.0NRT,341.18,704.57,N,2025-01-08 09:02:00,0.002032615078341526,0.0016843334531081568,34.04102433345311,-118.52509261507834,34.04102433345311,-118.52102738492167,34.0376556665469,-118.52102738492167,34.0376556665469,-118.52509261507834,0.140625,86,0.2409,2909.494873046875,50,2.7200000286102295,0.0,0.005260000005364418,24.0,285.20001220703125,294.1000061035156,4.400000095367432,48.0
34.03946,-118.67653,301.98,0.36,0.58,2025-01-08,902,N21,VIIRS,n,2.0NRT,283.86,1.1,N,2025-01-08 09:02:00,0.00203261795405442,0.0016843334531081568,34.041144333453104,-118.67856261795406,34.041144333453104,-118.67449738204594,34.03777566654689,-118.67449738204594,34.03777566654689,-118.67856261795406,0.140625,38,0.4605,123.23188018798828,10,1.9900000095367432,0.0,0.005059999879449606,18.0,286.6000061035156,294.6000061035156,4.800000190734863,50.0
34.03956,-118.60139,305.93,0.36,0.57,2025-01-08,902,N21,VIIRS,n,2.0NRT,284.44,3.35,N,2025-01-08 09:02:00,0.0020326203504948594,0.0016843334531081568,34.04124433345311,-118.60342262035049,34.04124433345311,-118.5993573796495,34.037875666546896,-118.5993573796495,34.037875666546896,-118.60342262035049,0.140625,103,0.23320000000000002,1.2309558391571045,10,,0.0,0.005179999861866236,24.0,286.20001220703125,295.0,4.599999904632568,49.0
34.03981,-118.6049,326.49,0.36,0.57,2025-01-08,902,N21,VIIRS,n,2.0NRT,285.98,6.05,N,2025-01-08 09:02:00,0.002032626341647768,0.0016843334531081568,34.04149433345311,-118.60693262634165,34.04149433345311,-118.60286737365836,34.0381256665469,-118.60286737365836,34.0381256665469,-118.60693262634165,0.140625,103,0.23320000000000002,1.2309558391571045,10,,0.0,0.005179999861866236,24.0,286.20001220703125,295.0,4.599999904632568,49.0
34.03991,-118.53102,348.21,0.36,0.57,2025-01-08,902,N21,VIIRS,n,2.0NRT,343.38,223.49,N,2025-01-08 09:02:00,0.0020326287381296554,0.0016843334531081568,34.041594333453105,-118.53305262873813,34.041594333453105,-118.52898737126186,34.03822566654689,-118.52898737126186,34.03822566654689,-118.53305262873813,0.140625,86,0.2341,1907.6650390625,50,2.7200000286102295,0.0,0.005260000005364418,24.0,285.20001220703125,294.1000061035156,4.400000095367432,48.0
34.04007,-118.60872,321.77,0.36,0.57,2025-01-08,902,N21,VIIRS,n,2.0NRT,285.72,6.05,N,2025-01-08 09:02:00,0.002032632572525309,0.0016843334531081568,34.041754333453106,-118.61075263257253,34.041754333453106,-118.60668736742748,34.038385666546894,-118.60668736742748,34.038385666546894,-118.61075263257253,0.140625,103,0.23320000000000002,1.2309558391571045,10,,0.0,0.005179999861866236,24.0,286.20001220703125,295.0,4.599999904632568,49.0
34.04018,-118.53491,325.56,0.36,0.57,2025-01-08,902,N21,VIIRS,n,2.0NRT,313.03,65.55,N,2025-01-08 09:02:00,0.002032635208689908,0.0016843334531081568,34.041864333453105,-118.53694263520869,34.041864333453105,-118.5328773647913,34.03849566654689,-118.5328773647913,34.03849566654689,-118.53694263520869,0.140625,86,0.2341,1907.6650390625,50,2.7200000286102295,0.0,0.005260000005364418,24.0,285.20001220703125,294.1000061035156,4.400000095367432,48.0
34.04032,-118.61224,367.0,0.36,0.57,2025-01-08,902,N21,VIIRS,h,2.0NRT,289.78,34.61,N,2025-01-08 09:02:00,0.0020326385638292123,0.0016843334531081568,34.04200433345311,-118.61427263856383,34.04200433345311,-118.61020736143617,34.038635666546895,-118.61020736143617,34.038635666546895,-118.61427263856383,0.140625,112,0.2469,19.25127601623535,10,,0.0,0.005179999861866236,24.0,286.20001220703125,295.0,4.599999904632568,49.0
34.04047,-118.53899,367.0,0.36,0.57,2025-01-08,902,N21,VIIRS,h,2.0NRT,295.34,65.55,N,2025-01-08 09:02:00,0.0020326421586470828,0.0016843334531081568,34.042154333453105,-118.54102264215865,34.042154333453105,-118.53695735784135,34.03878566654689,-118.53695735784135,34.03878566654689,-118.54102264215865,0.140625,56,0.3049,2464.794921875,10,,0.0,0.005200000014156103,24.0,286.0,294.79998779296875,4.5,49.0
34.04057,-118.61594,367.0,0.36,0.57,2025-01-08,902,N21,VIIRS,h,2.0NRT,298.09,34.61,N,2025-01-08 09:02:00,0.002032644555207134,0.0016843334531081568,34.04225433345311,-118.6179726445552,34.04225433345311,-118.6139073554448,34.038885666546896,-118.6139073554448,34.038885666546896,-118.6179726445552,0.140625,112,0.2469,19.25127601623535,10,,0.0,0.005179999861866236,24.0,286.20001220703125,295.0,4.599999904632568,49.0
34.04075,-118.54289,348.05,0.36,0.57,2025-01-08,902,N21,VIIRS,n,2.0NRT,294.02,76.53,N,2025-01-08 09:02:00,0.00203264886904507,0.0016843334531081568,34.04243433345311,-118.54492264886905,34.04243433345311,-118.54085735113095,34.0390656665469,-118.54085735113095,34.0390656665469,-118.54492264886905,0.140625,56,0.3049,2464.794921875,10,,0.0,0.005200000014156103,24.0,286.0,294.79998779296875,4.5,49.0
34.04084,-118.61974,367.0,0.36,0.57,2025-01-08,902,N21,VIIRS,h,2.0NRT,297.62,29.9,N,2025-01-08 09:02:00,0.0020326510259784276,0.0016843334531081568,34.04252433345311,-118.62177265102598,34.04252433345311,-118.61770734897401,34.0391556665469,-118.61770734897401,34.0391556665469,-118.62177265102598,0.140625,105,0.23870000000000002,144.630859375,10,,0.0,0.005200000014156103,18.0,286.3999938964844,294.5,4.699999809265137,50.0
34.04111,-118.62354,367.0,0.36,0.57,2025-01-08,902,N21,VIIRS,h,2.0NRT,297.4,29.9,N,2025-01-08 09:02:00,0.002032657496836058,0.0016843334531081568,34.04279433345311,-118.62557265749685,34.04279433345311,-118.62150734250316,34.0394256665469,-118.62150734250316,34.0394256665469,-118.62557265749685,0.140625,105,0.23870000000000002,144.630859375,10,,0.0,0.005200000014156103,18.0,286.3999938964844,294.5,4.699999809265137,50.0
34.04129,-118.5506,347.22,0.36,0.57,2025-01-08,902,N21,VIIRS,n,2.0NRT,288.8,18.47,N,2025-01-08 09:02:00,0.002032661810789111,0.0016843334531081568,34.0429743334531,-118.55263266181079,34.0429743334531,-118.54856733818922,34.03960566654689,-118.54856733818922,34.03960566654689,-118.55263266181079,0.140625,39,0.3049,851.7344360351562,10,,0.0,0.005200000014156103,24.0,286.0,294.79998779296875,4.5,49.0
34.04138,-118.62743,336.07,0.36,0.57,2025-01-08,902,N21,VIIRS,n,2.0NRT,287.29,13.06,N,2025-01-08 09:02:00,0.002032663967780027,0.0016843334531081568,34.0430643334531,-118.62946266396779,34.0430643334531,-118.62539733603222,34.03969566654689,-118.62539733603222,34.03969566654689,-118.62946266396779,0.140625,63,0.23870000000000002,166.0709686279297,10,,0.0,0.005200000014156103,18.0,286.3999938964844,294.5,4.699999809265137,50.0
34.04156,-118.55441,346.25,0.36,0.57,2025-01-08,902,N21,VIIRS,n,2.0NRT,286.49,18.47,N,2025-01-08 09:02:00,0.002032668281790639,0.0016843334531081568,34.0432443334531,-118.55644266828179,34.0432443334531,-118.55237733171822,34.03987566654689,-118.55237733171822,34.03987566654689,-118.55644266828179,0.140625,39,0.3049,851.7344360351562,10,,0.0,0.005200000014156103,24.0,286.0,294.79998779296875,4.5,49.0
34.04165,-118.63141,367.0,0.36,0.57,2025-01-08,902,N21,VIIRS,h,2.0NRT,291.17,13.06,N,2025-01-08 09:02:00,0.002032670438810335,0.0016843334531081568,34.0433343334531,-118.63344267043881,34.0433343334531,-118.6293773295612,34.03996566654689,-118.6293773295612,34.03996566654689,-118.63344267043881,0.140625,63,0.23870000000000002,166.0709686279297,10,,0.0,0.005200000014156103,18.0,286.3999938964844,294.5,4.699999809265137,50.0
34.04183,-118.55827,347.54,0.36,0.57,2025-01-08,902,N21,VIIRS,n,2.0NRT,286.29,11.3,N,2025-01-08 09:02:00,0.0020326747528785073,0.0016843334531081568,34.0435143334531,-118.56030267475288,34.0435143334531,-118.55623732524711,34.04014566654689,-118.55623732524711,34.04014566654689,-118.56030267475288,0.140625,35,0.2908,790.8216552734375,10,,0.0,0.005200000014156103,24.0,286.0,294.79998779296875,4.5,49.0
34.04196,-118.63581,353.89,0.36,0.57,2025-01-08,902,N21,VIIRS,n,2.0NRT,296.08,74.17,N,2025-01-08 09:02:00,0.002032677868618275,0.0016843334531081568,34.04364433345311,-118.63784267786862,34.04364433345311,-118.6337773221314,34.0402756665469,-118.6337773221314,34.0402756665469,-118.63784267786862,0.140625,63,0.23870000000000002,166.0709686279297,10,,0.0,0.005200000014156103,18.0,286.3999938964844,294.5,4.699999809265137,50.0
34.0421,-118.56204,351.35,0.36,0.57,2025-01-08,902,N21,VIIRS,n,2.0NRT,291.75,11.3,N,2025-01-08 09:02:00,0.002032681224052717,0.0016843334531081568,34.043784333453104,-118.56407268122405,34.043784333453104,-118.56000731877594,34.04041566654689,-118.56000731877594,34.04041566654689,-118.56407268122405,0.140625,35,0.2908,790.8216552734375,10,,0.0,0.005200000014156103,24.0,286.0,294.79998779296875,4.5,49.0
34.04223,-118.6397,353.67,0.36,0.57,2025-01-08,902,N21,VIIRS,n,2.0NRT,300.66,74.17,N,2025-01-08 09:02:00,0.0020326843398340566,0.0016843334531081568,34.04391433345311,-118.64173268433984,34.04391433345311,-118.63766731566017,34.0405456665469,-118.63766731566017,34.0405456665469,-118.64173268433984,0.140625,72,0.2661,165.6573944091797,10,,0.0,0.005200000014156103,18.0,286.3999938964844,294.5,4.699999809265137,50.0
34.04238,-118.56602,367.0,0.36,0.57,2025-01-08,902,N21,VIIRS,h,2.0NRT,292.85,17.38,N,2025-01-08 09:02:00,0.002032687934991244,0.0016843334531081568,34.04406433345311,-118.56805268793498,34.04406433345311,-118.56398731206501,34.040695666546895,-118.56398731206501,34.040695666546895,-118.56805268793498,0.140625,23,0.2461,1566.06884765625,50,,0.0,0.005200000014156103,24.0,286.0,294.79998779296875,4.5,49.0
34.0425,-118.64355,353.58,0.36,0.57,2025-01-08,902,N21,VIIRS,n,2.0NRT,305.49,56.7,N,2025-01-08 09:02:00,0.0020326908111361814,0.0016843334531081568,34.0441843334531,-118.64558269081114,34.0441843334531,-118.64151730918887,34.04081566654689,-118.64151730918887,34.04081566654689,-118.64558269081114,0.140625,72,0.2661,165.6573944091797,10,,0.0,0.005200000014156103,18.0,286.3999938964844,294.5,4.699999809265137,50.0
34.04265,-118.56983,344.03,0.36,0.57,2025-01-08,902,N21,VIIRS,n,2.0NRT,296.18,17.38,N,2025-01-08 09:02:00,0.0020326944063413376,0.0016843334531081568,34.04433433345311,-118.57186269440633,34.04433433345311,-118.56779730559366,34.040965666546896,-118.56779730559366,34.040965666546896,-118.57186269440633,0.140625,23,0.2461,1566.06884765625,50,,0.0,0.005200000014156103,24.0,286.0,294.79998779296875,4.5,49.0
34.04266,-118.49541,300.05,0.35,0.57,2025-01-08,902,N21,VIIRS,n,2.0NRT,283.62,0.69,N,2025-01-08 09:02:00,0.002032694646022629,0.0016843334531081568,34.044344333453104,-118.49744269464603,34.044344333453104,-118.49337730535399,34.04097566654689,-118.49337730535399,34.04097566654689,-118.49744269464603,0.140625,94,0.5327000000000001,1558.58837890625,10,2.7200000286102295,0.0,0.005260000005364418,24.0,285.20001220703125,294.1000061035156,4.400000095367432,48.0
34.04277,-118.64737,349.05,0.36,0.57,2025-01-08,902,N21,VIIRS,n,2.0NRT,306.22,56.7,N,2025-01-08 09:02:00,0.00203269728252465,0.0016843334531081568,34.0444543334531,-118.64940269728253,34.0444543334531,-118.64533730271746,34.04108566654689,-118.64533730271746,34.04108566654689,-118.64940269728253,0.140625,45,0.2969,205.73236083984375,10,,0.0,0.005200000014156103,18.0,286.3999938964844,294.5,4.699999809265137,50.0
34.04293,-118.57375,321.58,0.36,0.57,2025-01-08,902,N21,VIIRS,n,2.0NRT,312.64,35.24,N,2025-01-08 09:02:00,0.0020327011174622648,0.0016843334531081568,34.044614333453104,-118.57578270111746,34.044614333453104,-118.57171729888255,34.04124566654689,-118.57171729888255,34.04124566654689,-118.57578270111746,0.140625,25,0.1952,387.8359069824219,10,,0.0,0.005200000014156103,24.0,286.0,294.79998779296875,4.5,49.0
34.04293,-118.49924,303.42,0.35,0.57,2025-01-08,902,N21,VIIRS,n,2.0NRT,283.42,0.69,N,2025-01-08 09:02:00,0.0020327011174622648,0.0016843334531081568,34.044614333453104,-118.50127270111746,34.044614333453104,-118.49720729888254,34.04124566654689,-118.49720729888254,34.04124566654689,-118.50127270111746,0.140625,94,0.5327000000000001,1558.58837890625,10,2.7200000286102295,0.0,0.005260000005364418,24.0,285.20001220703125,294.1000061035156,4.400000095367432,48.0
34.04306,-118.65164,343.45,0.36,0.57,2025-01-08,902,N21,VIIRS,n,2.0NRT,306.18,63.52,N,2025-01-08 09:02:00,0.002032704233371403,0.0016843334531081568,34.0447443334531,-118.65367270423337,34.0447443334531,-118.64960729576663,34.04137566654689,-118.64960729576663,34.04137566654689,-118.65367270423337,0.140625,45,0.2969,205.73236083984375,10,,0.0,0.005200000014156103,18.0,286.3999938964844,294.5,4.699999809265137,50.0
34.04321,-118.57771,367.0,0.36,0.57,2025-01-08,902,N21,VIIRS,h,2.0NRT,308.09,35.24,N,2025-01-08 09:02:00,0.002032707828676052,0.0016843334531081568,34.04489433345311,-118.57974270782867,34.04489433345311,-118.57567729217132,34.041525666546896,-118.57567729217132,34.041525666546896,-118.57974270782867,0.140625,25,0.1952,387.8359069824219,10,,0.0,0.005200000014156103,24.0,286.0,294.79998779296875,4.5,49.0
34.04321,-118.50315,308.93,0.35,0.57,2025-01-08,902,N21,VIIRS,n,2.0NRT,282.35,1.37,N,2025-01-08 09:02:00,0.002032707828676052,0.0016843334531081568,34.04489433345311,-118.50518270782868,34.04489433345311,-118.50111729217133,34.041525666546896,-118.50111729217133,34.041525666546896,-118.50518270782868,0.140625,89,0.4058,543.2918701171875,30,2.7200000286102295,0.0,0.005260000005364418,24.0,285.20001220703125,294.1000061035156,4.400000095367432,48.0
34.04336,-118.65585,326.19,0.36,0.58,2025-01-08,902,N21,VIIRS,n,2.0NRT,314.43,63.52,N,2025-01-08 09:02:00,0.002032711424007351,0.0016843334531081568,34.045044333453106,-118.65788271142401,34.045044333453106,-118.653817288576,34.041675666546894,-118.653817288576,34.041675666546894,-118.65788271142401,0.140625,46,0.2817,121.53881072998047,10,,0.0,0.005200000014156103,18.0,286.3999938964844,294.5,4.699999809265137,50.0
34.04347,-118.58147,326.34,0.36,0.57,2025-01-08,902,N21,VIIRS,n,2.0NRT,286.86,5.57,N,2025-01-08 09:02:00,0.002032714060600575,0.0016843334531081568,34.045154333453105,-118.5835027140606,34.045154333453105,-118.57943728593939,34.04178566654689,-118.57943728593939,34.04178566654689,-118.5835027140606,0.140625,25,0.1952,387.8359069824219,10,,0.0,0.005200000014156103,24.0,286.0,294.79998779296875,4.5,49.0
34.0435,-118.50712,317.64,0.35,0.57,2025-01-08,902,N21,VIIRS,n,2.0NRT,283.03,1.37,N,2025-01-08 09:02:00,0.002032714779673942,0.0016843334531081568,34.04518433345311,-118.50915271477967,34.04518433345311,-118.50508728522033,34.041815666546896,-118.50508728522033,34.041815666546896,-118.50915271477967,0.140625,89,0.4058,543.2918701171875,30,2.7200000286102295,0.0,0.005260000005364418,24.0,285.20001220703125,294.1000061035156,4.400000095367432,48.0
34.0437,-118.58475,309.87,0.36,0.57,2025-01-08,902,N21,VIIRS,n,2.0NRT,284.71,5.57,N,2025-01-08 09:02:00,0.0020327195735236284,0.0016843334531081568,34.04538433345311,-118.58678271957352,34.04538433345311,-118.58271728042648,34.042015666546895,-118.58271728042648,34.042015666546895,-118.58678271957352,0.140625,54,0.2416,13.041393280029297,10,,0.0,0.005179999861866236,24.0,286.20001220703125,295.0,4.599999904632568,49.0
34.04377,-118.51094,333.88,0.35,0.57,2025-01-08,902,N21,VIIRS,n,2.0NRT,285.36,22.43,N,2025-01-08 09:02:00,0.0020327212513822123,0.0016843334531081568,34.04545433345311,-118.51297272125139,34.04545433345311,-118.50890727874862,34.042085666546896,-118.50890727874862,34.042085666546896,-118.51297272125139,0.140625,73,0.17600000000000002,1036.3741455078125,10,2.7200000286102295,0.0,0.005260000005364418,24.0,285.20001220703125,294.1000061035156,4.400000095367432,48.0
34.04384,-118.66282,367.0,0.36,0.58,2025-01-08,902,N21,VIIRS,h,2.0NRT,293.49,130.84,N,2025-01-08 09:02:00,0.0020327229292466005,0.0016843334531081568,34.04552433345311,-118.66485272292924,34.04552433345311,-118.66078727707075,34.0421556665469,-118.66078727707075,34.0421556665469,-118.66485272292924,0.140625,46,0.2817,121.53881072998047,10,,0.0,0.005200000014156103,18.0,286.3999938964844,294.5,4.699999809265137,50.0
34.04397,-118.5886,305.73,0.36,0.57,2025-01-08,902,N21,VIIRS,n,2.0NRT,285.28,1.61,N,2025-01-08 09:02:00,0.0020327260452958616,0.0016843334531081568,34.04565433345311,-118.5906327260453,34.04565433345311,-118.5865672739547,34.042285666546896,-118.5865672739547,34.042285666546896,-118.5906327260453,0.140625,54,0.2416,13.041393280029297,10,,0.0,0.005179999861866236,24.0,286.20001220703125,295.0,4.599999904632568,49.0
34.04404,-118.51481,333.99,0.35,0.57,2025-01-08,902,N21,VIIRS,n,2.0NRT,291.57,22.43,N,2025-01-08 09:02:00,0.002032727723176832,0.0016843334531081568,34.04572433345311,-118.51684272772317,34.04572433345311,-118.51277727227682,34.0423556665469,-118.51277727227682,34.0423556665469,-118.51684272772317,0.140625,73,0.17600000000000002,1036.3741455078125,10,2.7200000286102295,0.0,0.005260000005364418,24.0,285.20001220703125,294.1000061035156,4.400000095367432,48.0
34.04412,-118.66687,335.47,0.36,0.58,2025-01-08,902,N21,VIIRS,n,2.0NRT,284.09,4.56,N,2025-01-08 09:02:00,0.002032729640762192,0.0016843334531081568,34.045804333453106,-118.66890272964076,34.045804333453106,-118.66483727035924,34.04243566654689,-118.66483727035924,34.04243566654689,-118.66890272964076,0.140625,54,0.2712,98.15911102294922,30,1.9900000095367432,0.0,0.005059999879449606,18.0,286.6000061035156,294.6000061035156,4.800000190734863,50.0
34.04437,-118.67041,317.29,0.36,0.58,2025-01-08,902,N21,VIIRS,n,2.0NRT,283.29,4.56,N,2025-01-08 09:02:00,0.0020327356332653004,0.0016843334531081568,34.04605433345311,-118.67244273563327,34.04605433345311,-118.66837726436674,34.042685666546895,-118.66837726436674,34.042685666546895,-118.67244273563327,0.140625,54,0.2712,98.15911102294922,30,1.9900000095367432,0.0,0.005059999879449606,18.0,286.6000061035156,294.6000061035156,4.800000190734863,50.0
34.04469,-118.67497,304.91,0.36,0.58,2025-01-08,902,N21,VIIRS,n,2.0NRT,283.13,1.1,N,2025-01-08 09:02:00,0.0020327433037773085,0.0016843334531081568,34.04637433345311,-118.67700274330377,34.04637433345311,-118.67293725669623,34.0430056665469,-118.67293725669623,34.0430056665469,-118.67700274330377,0.140625,38,0.4605,123.23188018798828,10,1.9900000095367432,0.0,0.005059999879449606,18.0,286.6000061035156,294.6000061035156,4.800000190734863,50.0
34.04486,-118.52621,367.0,0.36,0.57,2025-01-08,902,N21,VIIRS,h,2.0NRT,332.67,223.49,N,2025-01-08 09:02:00,0.0020327473787861484,0.0016843334531081568,34.046544333453106,-118.5282427473788,34.046544333453106,-118.52417725262121,34.043175666546894,-118.52417725262121,34.043175666546894,-118.5282427473788,0.140625,86,0.2409,2909.494873046875,50,2.7200000286102295,0.0,0.005260000005364418,24.0,285.20001220703125,294.1000061035156,4.400000095367432,48.0
34.04501,-118.67966,299.53,0.36,0.58,2025-01-08,902,N21,VIIRS,n,2.0NRT,283.92,1.1,N,2025-01-08 09:02:00,0.0020327509744106132,0.0016843334531081568,34.046694333453104,-118.6816927509744,34.046694333453104,-118.67762724902559,34.04332566654689,-118.67762724902559,34.04332566654689,-118.6816927509744,0.140625,38,0.4605,123.23188018798828,10,1.9900000095367432,0.0,0.005059999879449606,18.0,286.6000061035156,294.6000061035156,4.800000190734863,50.0
34.04514,-118.53014,344.91,0.36,0.57,2025-01-08,902,N21,VIIRS,n,2.0NRT,316.17,223.49,N,2025-01-08 09:02:00,0.002032754090640042,0.0016843334531081568,34.04682433345311,-118.53217275409064,34.04682433345311,-118.52810724590937,34.0434556665469,-118.52810724590937,34.0434556665469,-118.53217275409064,0.140625,86,0.2341,1907.6650390625,50,2.7200000286102295,0.0,0.005260000005364418,24.0,285.20001220703125,294.1000061035156,4.400000095367432,48.0
34.04541,-118.53401,367.0,0.36,0.57,2025-01-08,902,N21,VIIRS,h,2.0NRT,297.56,65.55,N,2025-01-08 09:02:00,0.002032760562872821,0.0016843334531081568,34.0470943334531,-118.53604276056286,34.0470943334531,-118.53197723943713,34.04372566654689,-118.53197723943713,34.04372566654689,-118.53604276056286,0.140625,86,0.2341,1907.6650390625,50,2.7200000286102295,0.0,0.005260000005364418,24.0,285.20001220703125,294.1000061035156,4.400000095367432,48.0
34.04546,-118.6098,302.79,0.36,0.57,2025-01-08,902,N21,VIIRS,n,2.0NRT,284.51,1.05,N,2025-01-08 09:02:00,0.0020327617614439237,0.0016843334531081568,34.047144333453105,-118.61183276176145,34.047144333453105,-118.60776723823857,34.04377566654689,-118.60776723823857,34.04377566654689,-118.61183276176145,0.140625,112,0.2469,19.25127601623535,10,,0.0,0.005179999861866236,24.0,286.20001220703125,295.0,4.599999904632568,49.0
34.04569,-118.5379,367.0,0.36,0.57,2025-01-08,902,N21,VIIRS,h,2.0NRT,288.81,65.55,N,2025-01-08 09:02:00,0.0020327672749091384,0.0016843334531081568,34.04737433345311,-118.5399327672749,34.04737433345311,-118.53586723272508,34.044005666546894,-118.53586723272508,34.044005666546894,-118.5399327672749,0.140625,56,0.3049,2464.794921875,10,,0.0,0.005200000014156103,24.0,286.0,294.79998779296875,4.5,49.0
34.04571,-118.61345,306.44,0.36,0.57,2025-01-08,902,N21,VIIRS,n,2.0NRT,285.05,1.05,N,2025-01-08 09:02:00,0.0020327677543438578,0.0016843334531081568,34.047394333453106,-118.61548276775434,34.047394333453106,-118.61141723224566,34.044025666546894,-118.61141723224566,34.044025666546894,-118.61548276775434,0.140625,112,0.2469,19.25127601623535,10,,0.0,0.005179999861866236,24.0,286.20001220703125,295.0,4.599999904632568,49.0
34.04596,-118.54169,367.0,0.36,0.57,2025-01-08,902,N21,VIIRS,h,2.0NRT,321.93,76.53,N,2025-01-08 09:02:00,0.002032773747317829,0.0016843334531081568,34.04764433345311,-118.54372277374732,34.04764433345311,-118.53965722625269,34.044275666546895,-118.53965722625269,34.044275666546895,-118.54372277374732,0.140625,56,0.3049,2464.794921875,10,,0.0,0.005200000014156103,24.0,286.0,294.79998779296875,4.5,49.0
34.04597,-118.61716,317.99,0.36,0.57,2025-01-08,902,N21,VIIRS,n,2.0NRT,285.86,6.7,N,2025-01-08 09:02:00,0.002032773987038328,0.0016843334531081568,34.0476543334531,-118.61919277398704,34.0476543334531,-118.61512722601296,34.04428566654689,-118.61512722601296,34.04428566654689,-118.61919277398704,0.140625,112,0.2469,19.25127601623535,10,,0.0,0.005179999861866236,24.0,286.20001220703125,295.0,4.599999904632568,49.0
34.04623,-118.54552,337.22,0.36,0.57,2025-01-08,902,N21,VIIRS,n,2.0NRT,300.36,76.53,N,2025-01-08 09:02:00,0.0020327802198128785,0.0016843334531081568,34.04791433345311,-118.5475527802198,34.04791433345311,-118.54348721978019,34.044545666546895,-118.54348721978019,34.044545666546895,-118.5475527802198,0.140625,56,0.3049,2464.794921875,10,,0.0,0.005200000014156103,24.0,286.0,294.79998779296875,4.5,49.0
34.04624,-118.621,354.91,0.36,0.57,2025-01-08,902,N21,VIIRS,n,2.0NRT,291.07,6.7,N,2025-01-08 09:02:00,0.0020327804595365755,0.0016843334531081568,34.0479243334531,-118.62303278045952,34.0479243334531,-118.61896721954047,34.04455566654689,-118.61896721954047,34.04455566654689,-118.62303278045952,0.140625,105,0.23870000000000002,144.630859375,10,,0.0,0.005200000014156103,18.0,286.3999938964844,294.5,4.699999809265137,50.0
34.0465,-118.54939,367.0,0.36,0.57,2025-01-08,902,N21,VIIRS,h,2.0NRT,296.61,18.47,N,2025-01-08 09:02:00,0.002032786692394287,0.0016843334531081568,34.04818433345311,-118.5514227866924,34.04818433345311,-118.5473572133076,34.044815666546896,-118.5473572133076,34.044815666546896,-118.5514227866924,0.140625,39,0.3049,851.7344360351562,10,,0.0,0.005200000014156103,24.0,286.0,294.79998779296875,4.5,49.0
34.04652,-118.62496,367.0,0.36,0.57,2025-01-08,902,N21,VIIRS,h,2.0NRT,289.13,6.95,N,2025-01-08 09:02:00,0.002032787171848197,0.0016843334531081568,34.04820433345311,-118.62699278717184,34.04820433345311,-118.62292721282816,34.044835666546895,-118.62292721282816,34.044835666546895,-118.62699278717184,0.140625,105,0.23870000000000002,144.630859375,10,,0.0,0.005200000014156103,18.0,286.3999938964844,294.5,4.699999809265137,50.0
34.04677,-118.55322,367.0,0.36,0.57,2025-01-08,902,N21,VIIRS,h,2.0NRT,286.6,18.47,N,2025-01-08 09:02:00,0.002032793165062056,0.0016843334531081568,34.04845433345311,-118.55525279316505,34.04845433345311,-118.55118720683494,34.045085666546896,-118.55118720683494,34.045085666546896,-118.55525279316505,0.140625,39,0.3049,851.7344360351562,10,,0.0,0.005200000014156103,24.0,286.0,294.79998779296875,4.5,49.0
34.04681,-118.62912,322.03,0.36,0.57,2025-01-08,902,N21,VIIRS,n,2.0NRT,286.25,6.95,N,2025-01-08 09:02:00,0.002032794123983144,0.0016843334531081568,34.04849433345311,-118.63115279412398,34.04849433345311,-118.62708720587602,34.045125666546895,-118.62708720587602,34.045125666546895,-118.63115279412398,0.140625,63,0.23870000000000002,166.0709686279297,10,,0.0,0.005200000014156103,18.0,286.3999938964844,294.5,4.699999809265137,50.0
34.04705,-118.55706,353.09,0.36,0.57,2025-01-08,902,N21,VIIRS,n,2.0NRT,287.74,11.3,N,2025-01-08 09:02:00,0.0020327998775494793,0.0016843334531081568,34.048734333453105,-118.55909279987756,34.048734333453105,-118.55502720012245,34.04536566654689,-118.55502720012245,34.04536566654689,-118.55909279987756,0.140625,35,0.2908,790.8216552734375,10,,0.0,0.005200000014156103,24.0,286.0,294.79998779296875,4.5,49.0
34.04715,-118.6339,330.67,0.36,0.57,2025-01-08,902,N21,VIIRS,n,2.0NRT,289.08,11.02,N,2025-01-08 09:02:00,0.0020328022748889248,0.0016843334531081568,34.04883433345311,-118.63593280227488,34.04883433345311,-118.63186719772511,34.045465666546896,-118.63186719772511,34.045465666546896,-118.63593280227488,0.140625,63,0.23870000000000002,166.0709686279297,10,,0.0,0.005200000014156103,18.0,286.3999938964844,294.5,4.699999809265137,50.0
34.0473,-118.56066,343.52,0.36,0.57,2025-01-08,902,N21,VIIRS,n,2.0NRT,285.98,11.3,N,2025-01-08 09:02:00,0.002032805870920306,0.0016843334531081568,34.048984333453106,-118.56269280587092,34.048984333453106,-118.55862719412907,34.045615666546894,-118.55862719412907,34.045615666546894,-118.56269280587092,0.140625,35,0.2908,790.8216552734375,10,,0.0,0.005200000014156103,24.0,286.0,294.79998779296875,4.5,49.0
34.04745,-118.63824,367.0,0.36,0.57,2025-01-08,902,N21,VIIRS,h,2.0NRT,300.2,11.02,N,2025-01-08 09:02:00,0.0020328094669783427,0.0016843334531081568,34.049134333453104,-118.64027280946698,34.049134333453104,-118.63620719053301,34.04576566654689,-118.63620719053301,34.04576566654689,-118.64027280946698,0.140625,72,0.2661,165.6573944091797,10,,0.0,0.005200000014156103,18.0,286.3999938964844,294.5,4.699999809265137,50.0
34.04757,-118.56444,318.33,0.36,0.57,2025-01-08,902,N21,VIIRS,n,2.0NRT,285.32,17.38,N,2025-01-08 09:02:00,0.0020328123438439643,0.0016843334531081568,34.049254333453106,-118.56647281234385,34.049254333453106,-118.56240718765616,34.045885666546894,-118.56240718765616,34.045885666546894,-118.56647281234385,0.140625,23,0.2461,1566.06884765625,50,,0.0,0.005200000014156103,24.0,286.0,294.79998779296875,4.5,49.0
34.04771,-118.64197,367.0,0.36,0.57,2025-01-08,902,N21,VIIRS,h,2.0NRT,308.22,68.52,N,2025-01-08 09:02:00,0.002032815700208751,0.0016843334531081568,34.04939433345311,-118.6440028157002,34.04939433345311,-118.6399371842998,34.046025666546896,-118.6399371842998,34.046025666546896,-118.6440028157002,0.140625,72,0.2661,165.6573944091797,10,,0.0,0.005200000014156103,18.0,286.3999938964844,294.5,4.699999809265137,50.0
34.04784,-118.56828,334.12,0.36,0.57,2025-01-08,902,N21,VIIRS,n,2.0NRT,286.31,17.38,N,2025-01-08 09:02:00,0.0020328188168539873,0.0016843334531081568,34.04952433345311,-118.57031281881686,34.04952433345311,-118.56624718118314,34.046155666546895,-118.56624718118314,34.046155666546895,-118.57031281881686,0.140625,133,0.2393,45.85663986206055,10,1.6399999856948853,0.0,0.004780000075697899,24.0,287.3999938964844,292.1000061035156,4.800000190734863,59.0
34.04789,-118.49473,301.61,0.35,0.57,2025-01-08,902,N21,VIIRS,n,2.0NRT,282.72,0.86,N,2025-01-08 09:02:00,0.0020328200155690247,0.0016843334531081568,34.04957433345311,-118.49676282001558,34.04957433345311,-118.49269717998443,34.046205666546896,-118.49269717998443,34.046205666546896,-118.49676282001558,0.140625,112,0.4571,1095.5670166015625,50,1.850000023841858,0.0,0.004910000134259462,24.0,286.79998779296875,293.6000061035156,4.699999809265137,50.0
34.04797,-118.64558,352.29,0.36,0.57,2025-01-08,902,N21,VIIRS,n,2.0NRT,305.26,68.52,N,2025-01-08 09:02:00,0.0020328219335192456,0.0016843334531081568,34.049654333453105,-118.64761282193352,34.049654333453105,-118.64354717806647,34.04628566654689,-118.64354717806647,34.04628566654689,-118.64761282193352,0.140625,157,0.2659,96.7332992553711,30,1.7100000381469727,0.0,0.004540000110864639,18.0,286.5,290.1000061035156,5.099999904632568,67.0
34.04812,-118.5722,367.0,0.36,0.57,2025-01-08,902,N21,VIIRS,h,2.0NRT,290.2,35.24,N,2025-01-08 09:02:00,0.0020328255296963456,0.0016843334531081568,34.0498043334531,-118.57423282552969,34.0498043334531,-118.5701671744703,34.04643566654689,-118.5701671744703,34.04643566654689,-118.57423282552969,0.140625,133,0.2393,45.85663986206055,10,1.6399999856948853,0.0,0.004780000075697899,24.0,287.3999938964844,292.1000061035156,4.800000190734863,59.0
34.04816,-118.49854,304.67,0.35,0.57,2025-01-08,902,N21,VIIRS,n,2.0NRT,281.82,0.86,N,2025-01-08 09:02:00,0.002032826488681408,0.0016843334531081568,34.04984433345311,-118.50057282648869,34.04984433345311,-118.49650717351132,34.0464756665469,-118.49650717351132,34.0464756665469,-118.50057282648869,0.140625,112,0.4571,1095.5670166015625,50,1.850000023841858,0.0,0.004910000134259462,24.0,286.79998779296875,293.6000061035156,4.699999809265137,50.0
34.04825,-118.64964,367.0,0.36,0.57,2025-01-08,902,N21,VIIRS,h,2.0NRT,303.06,39.41,N,2025-01-08 09:02:00,0.002032828646404728,0.0016843334531081568,34.04993433345311,-118.65167282864641,34.04993433345311,-118.6476071713536,34.0465656665469,-118.6476071713536,34.0465656665469,-118.65167282864641,0.140625,157,0.2659,96.7332992553711,30,1.7100000381469727,0.0,0.004540000110864639,18.0,286.5,290.1000061035156,5.099999904632568,67.0
34.0484,-118.57621,316.75,0.36,0.57,2025-01-08,902,N21,VIIRS,n,2.0NRT,286.31,35.24,N,2025-01-08 09:02:00,0.0020328322426315876,0.0016843334531081568,34.05008433345311,-118.57824283224264,34.05008433345311,-118.57417716775737,34.046715666546895,-118.57417716775737,34.046715666546895,-118.57824283224264,0.140625,126,0.2424,2.8627238273620605,10,1.6399999856948853,0.0,0.004780000075697899,24.0,287.3999938964844,292.1000061035156,4.800000190734863,59.0
34.04845,-118.50246,310.91,0.35,0.57,2025-01-08,902,N21,VIIRS,n,2.0NRT,282.38,4.02,N,2025-01-08 09:02:00,0.0020328334413797977,0.0016843334531081568,34.05013433345311,-118.50449283344138,34.05013433345311,-118.50042716655862,34.0467656665469,-118.50042716655862,34.0467656665469,-118.50449283344138,0.140625,112,0.36860000000000004,840.2179565429688,10,1.850000023841858,0.0,0.004910000134259462,24.0,286.79998779296875,293.6000061035156,4.699999809265137,50.0
34.04855,-118.65384,367.0,0.36,0.58,2025-01-08,902,N21,VIIRS,h,2.0NRT,298.83,39.41,N,2025-01-08 09:02:00,0.002032835838885103,0.0016843334531081568,34.050234333453105,-118.65587283583889,34.050234333453105,-118.65180716416111,34.04686566654689,-118.65180716416111,34.04686566654689,-118.65587283583889,0.140625,157,0.2659,96.7332992553711,30,1.7100000381469727,0.0,0.004540000110864639,18.0,286.5,290.1000061035156,5.099999904632568,67.0
34.04868,-118.58015,309.54,0.36,0.57,2025-01-08,902,N21,VIIRS,n,2.0NRT,286.46,5.57,N,2025-01-08 09:02:00,0.002032838955659713,0.0016843334531081568,34.0503643334531,-118.58218283895566,34.0503643334531,-118.57811716104435,34.04699566654689,-118.57811716104435,34.04699566654689,-118.58218283895566,0.140625,126,0.2424,2.8627238273620605,10,1.6399999856948853,0.0,0.004780000075697899,24.0,287.3999938964844,292.1000061035156,4.800000190734863,59.0
34.04871,-118.50619,323.56,0.35,0.57,2025-01-08,902,N21,VIIRS,n,2.0NRT,284.03,4.02,N,2025-01-08 09:02:00,0.0020328396749182357,0.0016843334531081568,34.050394333453106,-118.50822283967493,34.050394333453106,-118.50415716032508,34.047025666546894,-118.50415716032508,34.047025666546894,-118.50822283967493,0.140625,112,0.36860000000000004,840.2179565429688,10,1.850000023841858,0.0,0.004910000134259462,24.0,286.79998779296875,293.6000061035156,4.699999809265137,50.0
34.0488,-118.65753,350.8,0.36,0.58,2025-01-08,902,N21,VIIRS,n,2.0NRT,287.67,13.38,N,2025-01-08 09:02:00,0.0020328418327002014,0.0016843334531081568,34.050484333453106,-118.6595628418327,34.050484333453106,-118.6554971581673,34.047115666546894,-118.6554971581673,34.047115666546894,-118.6595628418327,0.140625,206,0.25780000000000003,19.5773868560791,10,1.7100000381469727,0.0,0.004540000110864639,18.0,286.5,290.1000061035156,5.099999904632568,67.0
34.04891,-118.58347,309.36,0.36,0.57,2025-01-08,902,N21,VIIRS,n,2.0NRT,286.03,5.57,N,2025-01-08 09:02:00,0.002032844470002303,0.0016843334531081568,34.050594333453105,-118.58550284447001,34.050594333453105,-118.58143715553,34.04722566654689,-118.58143715553,34.04722566654689,-118.58550284447001,0.140625,212,0.2411,17.584009170532227,10,1.5299999713897705,0.0,0.004559999797493219,24.0,287.8999938964844,292.79998779296875,5.0,55.0
34.04899,-118.51006,367.0,0.35,0.57,2025-01-08,902,N21,VIIRS,h,2.0NRT,290.55,27.9,N,2025-01-08 09:02:00,0.002032846388049199,0.0016843334531081568,34.05067433345311,-118.51209284638804,34.05067433345311,-118.50802715361195,34.0473056665469,-118.50802715361195,34.0473056665469,-118.51209284638804,0.140625,112,0.36860000000000004,840.2179565429688,10,1.850000023841858,0.0,0.004910000134259462,24.0,286.79998779296875,293.6000061035156,4.699999809265137,50.0
34.04905,-118.66113,327.55,0.36,0.58,2025-01-08,902,N21,VIIRS,n,2.0NRT,284.76,13.38,N,2025-01-08 09:02:00,0.0020328478265893477,0.0016843334531081568,34.05073433345311,-118.66316284782658,34.05073433345311,-118.65909715217342,34.047365666546895,-118.65909715217342,34.047365666546895,-118.66316284782658,0.140625,206,0.25780000000000003,19.5773868560791,10,1.7100000381469727,0.0,0.004540000110864639,18.0,286.5,290.1000061035156,5.099999904632568,67.0
34.04916,-118.58694,306.27,0.36,0.57,2025-01-08,902,N21,VIIRS,n,2.0NRT,284.98,1.61,N,2025-01-08 09:02:00,0.002032850463924031,0.0016843334531081568,34.05084433345311,-118.58897285046392,34.05084433345311,-118.58490714953608,34.047475666546895,-118.58490714953608,34.047475666546895,-118.58897285046392,0.140625,212,0.2411,17.584009170532227,10,1.5299999713897705,0.0,0.004559999797493219,24.0,287.8999938964844,292.79998779296875,5.0,55.0
34.04927,-118.51397,334.73,0.35,0.57,2025-01-08,902,N21,VIIRS,n,2.0NRT,310.45,27.9,N,2025-01-08 09:02:00,0.00203285310127305,0.0016843334531081568,34.050954333453106,-118.51600285310127,34.050954333453106,-118.51193714689873,34.047585666546894,-118.51193714689873,34.047585666546894,-118.51600285310127,0.140625,101,0.2454,211.2073211669922,10,1.850000023841858,0.0,0.004910000134259462,24.0,286.79998779296875,293.6000061035156,4.699999809265137,50.0
34.0493,-118.66476,312.83,0.36,0.58,2025-01-08,902,N21,VIIRS,n,2.0NRT,283.73,1.43,N,2025-01-08 09:02:00,0.0020328538205525433,0.0016843334531081568,34.05098433345311,-118.66679285382055,34.05098433345311,-118.66272714617945,34.047615666546896,-118.66272714617945,34.047615666546896,-118.66679285382055,0.140625,237,0.25270000000000004,19.5773868560791,10,2.0399999618530273,0.0,0.004619999788701534,18.0,286.3999938964844,290.79998779296875,5.199999809265137,65.0
34.04939,-118.59024,303.11,0.36,0.57,2025-01-08,902,N21,VIIRS,n,2.0NRT,285.12,1.61,N,2025-01-08 09:02:00,0.0020328559783974213,0.0016843334531081568,34.05107433345311,-118.5922728559784,34.05107433345311,-118.5882071440216,34.0477056665469,-118.5882071440216,34.0477056665469,-118.5922728559784,0.140625,212,0.2411,17.584009170532227,10,1.5299999713897705,0.0,0.004559999797493219,24.0,287.8999938964844,292.79998779296875,5.0,55.0
34.04955,-118.66833,301.22,0.36,0.58,2025-01-08,902,N21,VIIRS,n,2.0NRT,283.15,1.43,N,2025-01-08 09:02:00,0.002032859814589789,0.0016843334531081568,34.05123433345311,-118.67036285981459,34.05123433345311,-118.6662971401854,34.0478656665469,-118.6662971401854,34.0478656665469,-118.67036285981459,0.140625,237,0.25270000000000004,19.5773868560791,10,2.0399999618530273,0.0,0.004619999788701534,18.0,286.3999938964844,290.79998779296875,5.199999809265137,65.0
34.04963,-118.59363,303.78,0.36,0.57,2025-01-08,902,N21,VIIRS,n,2.0NRT,285.41,1.94,N,2025-01-08 09:02:00,0.002032861732697347,0.0016843334531081568,34.05131433345311,-118.5956628617327,34.05131433345311,-118.5915971382673,34.047945666546894,-118.5915971382673,34.047945666546894,-118.5956628617327,0.140625,260,0.24200000000000002,15.540823936462402,10,1.5299999713897705,0.0,0.004559999797493219,24.0,287.8999938964844,292.79998779296875,5.0,55.0
34.04987,-118.59704,303.58,0.36,0.57,2025-01-08,902,N21,VIIRS,n,2.0NRT,285.22,1.94,N,2025-01-08 09:02:00,0.0020328674870655193,0.0016843334531081568,34.051554333453105,-118.59907286748707,34.051554333453105,-118.59500713251295,34.04818566654689,-118.59500713251295,34.04818566654689,-118.59907286748707,0.140625,260,0.24200000000000002,15.540823936462402,10,1.5299999713897705,0.0,0.004559999797493219,24.0,287.8999938964844,292.79998779296875,5.0,55.0
34.05036,-118.52919,367.0,0.36,0.57,2025-01-08,902,N21,VIIRS,h,2.0NRT,303.74,147.81,N,2025-01-08 09:02:00,0.0020328792357791107,0.0016843334531081568,34.052044333453104,-118.53122287923578,34.052044333453104,-118.52715712076422,34.04867566654689,-118.52715712076422,34.04867566654689,-118.53122287923578,0.140625,108,0.26480000000000004,917.6705322265625,50,1.850000023841858,0.0,0.004910000134259462,24.0,286.79998779296875,293.6000061035156,4.699999809265137,50.0
34.05037,-118.60414,303.23,0.36,0.57,2025-01-08,902,N21,VIIRS,n,2.0NRT,284.64,3.59,N,2025-01-08 09:02:00,0.0020328794755517378,0.0016843334531081568,34.05205433345311,-118.60617287947555,34.05205433345311,-118.60210712052445,34.048685666546895,-118.60210712052445,34.048685666546895,-118.60617287947555,0.140625,308,0.2477,2.925200939178467,10,1.5299999713897705,0.0,0.004559999797493219,24.0,287.8999938964844,292.79998779296875,5.0,55.0
34.05062,-118.60768,303.82,0.36,0.57,2025-01-08,902,N21,VIIRS,n,2.0NRT,285.13,1.05,N,2025-01-08 09:02:00,0.002032885469905928,0.0016843334531081568,34.05230433345311,-118.6097128854699,34.05230433345311,-118.6056471145301,34.048935666546896,-118.6056471145301,34.048935666546896,-118.6097128854699,0.140625,308,0.2477,2.925200939178467,10,1.5299999713897705,0.0,0.004559999797493219,24.0,287.8999938964844,292.79998779296875,5.0,55.0
34.05062,-118.53292,353.63,0.36,0.57,2025-01-08,902,N21,VIIRS,n,2.0NRT,289.94,24.58,N,2025-01-08 09:02:00,0.002032885469905928,0.0016843334531081568,34.05230433345311,-118.5349528854699,34.05230433345311,-118.5308871145301,34.048935666546896,-118.5308871145301,34.048935666546896,-118.5349528854699,0.140625,108,0.26480000000000004,917.6705322265625,50,1.850000023841858,0.0,0.004910000134259462,24.0,286.79998779296875,293.6000061035156,4.699999809265137,50.0
34.05087,-118.61127,303.34,0.36,0.57,2025-01-08,902,N21,VIIRS,n,2.0NRT,284.78,1.05,N,2025-01-08 09:02:00,0.0020328914643341725,0.0016843334531081568,34.05255433345311,-118.61330289146434,34.05255433345311,-118.60923710853567,34.0491856665469,-118.60923710853567,34.0491856665469,-118.61330289146434,0.140625,331,0.2477,0.15320353209972382,10,1.5299999713897705,0.0,0.004559999797493219,24.0,287.8999938964844,292.79998779296875,5.0,55.0
34.0509,-118.53684,350.25,0.36,0.57,2025-01-08,902,N21,VIIRS,n,2.0NRT,293.65,24.58,N,2025-01-08 09:02:00,0.002032892183670538,0.0016843334531081568,34.052584333453105,-118.53887289218366,34.052584333453105,-118.53480710781633,34.04921566654689,-118.53480710781633,34.04921566654689,-118.53887289218366,0.140625,108,0.26480000000000004,917.6705322265625,50,1.850000023841858,0.0,0.004910000134259462,24.0,286.79998779296875,293.6000061035156,4.699999809265137,50.0
34.05114,-118.61504,304.89,0.36,0.57,2025-01-08,902,N21,VIIRS,n,2.0NRT,284.45,6.7,N,2025-01-08 09:02:00,0.002032897938399856,0.0016843334531081568,34.0528243334531,-118.6170728979384,34.0528243334531,-118.61300710206159,34.04945566654689,-118.61300710206159,34.04945566654689,-118.6170728979384,0.140625,331,0.2477,0.15320353209972382,10,1.5299999713897705,0.0,0.004559999797493219,24.0,287.8999938964844,292.79998779296875,5.0,55.0
34.05117,-118.54054,339.7,0.36,0.57,2025-01-08,902,N21,VIIRS,n,2.0NRT,305.03,82.34,N,2025-01-08 09:02:00,0.0020328986577458196,0.0016843334531081568,34.052854333453105,-118.54257289865774,34.052854333453105,-118.53850710134225,34.04948566654689,-118.53850710134225,34.04948566654689,-118.54257289865774,0.140625,105,0.2659,1420.3568115234375,10,1.6399999856948853,0.0,0.004780000075697899,24.0,287.3999938964844,292.1000061035156,4.800000190734863,59.0
34.05141,-118.61894,314.49,0.36,0.57,2025-01-08,902,N21,VIIRS,n,2.0NRT,285.51,6.7,N,2025-01-08 09:02:00,0.002032904412551919,0.0016843334531081568,34.0530943334531,-118.62097290441255,34.0530943334531,-118.61690709558744,34.04972566654689,-118.61690709558744,34.04972566654689,-118.62097290441255,0.140625,326,0.24400000000000002,4.9116740226745605,10,1.7100000381469727,0.0,0.004540000110864639,18.0,286.5,290.1000061035156,5.099999904632568,67.0
34.0517,-118.62306,329.62,0.36,0.57,2025-01-08,902,N21,VIIRS,n,2.0NRT,288.77,6.95,N,2025-01-08 09:02:00,0.002032911366367017,0.0016843334531081568,34.0533843334531,-118.62509291136637,34.0533843334531,-118.62102708863362,34.05001566654689,-118.62102708863362,34.05001566654689,-118.62509291136637,0.140625,326,0.24400000000000002,4.9116740226745605,10,1.7100000381469727,0.0,0.004540000110864639,18.0,286.5,290.1000061035156,5.099999904632568,67.0
34.0517,-118.54811,339.14,0.36,0.57,2025-01-08,902,N21,VIIRS,n,2.0NRT,312.75,55.37,N,2025-01-08 09:02:00,0.002032911366367017,0.0016843334531081568,34.0533843334531,-118.55014291136636,34.0533843334531,-118.54607708863362,34.05001566654689,-118.54607708863362,34.05001566654689,-118.55014291136636,0.140625,120,0.2564,341.0213317871094,10,1.6399999856948853,0.0,0.004780000075697899,24.0,287.3999938964844,292.1000061035156,4.800000190734863,59.0
34.05198,-118.55196,367.0,0.36,0.57,2025-01-08,902,N21,VIIRS,h,2.0NRT,289.08,55.37,N,2025-01-08 09:02:00,0.0020329180804899453,0.0016843334531081568,34.053664333453106,-118.55399291808048,34.053664333453106,-118.5499270819195,34.050295666546894,-118.5499270819195,34.050295666546894,-118.55399291808048,0.140625,120,0.2564,341.0213317871094,10,1.6399999856948853,0.0,0.004780000075697899,24.0,287.3999938964844,292.1000061035156,4.800000190734863,59.0
34.05201,-118.62743,331.45,0.36,0.57,2025-01-08,902,N21,VIIRS,n,2.0NRT,289.23,6.95,N,2025-01-08 09:02:00,0.0020329187998657694,0.0016843334531081568,34.05369433345311,-118.62946291879987,34.05369433345311,-118.62539708120013,34.0503256665469,-118.62539708120013,34.0503256665469,-118.62946291879987,0.140625,192,0.24860000000000002,42.64755630493164,10,1.7100000381469727,0.0,0.004540000110864639,18.0,286.5,290.1000061035156,5.099999904632568,67.0
34.05226,-118.5558,345.74,0.36,0.57,2025-01-08,902,N21,VIIRS,n,2.0NRT,285.7,9.38,N,2025-01-08 09:02:00,0.0020329247947057745,0.0016843334531081568,34.0539443334531,-118.55783292479471,34.0539443334531,-118.5537670752053,34.05057566654689,-118.5537670752053,34.05057566654689,-118.55783292479471,0.140625,118,0.2419,42.91071319580078,10,1.6399999856948853,0.0,0.004780000075697899,24.0,287.3999938964844,292.1000061035156,4.800000190734863,59.0
34.05235,-118.63223,344.75,0.36,0.57,2025-01-08,902,N21,VIIRS,n,2.0NRT,292.12,11.02,N,2025-01-08 09:02:00,0.002032926952866306,0.0016843334531081568,34.0540343334531,-118.63426292695287,34.0540343334531,-118.63019707304714,34.05066566654689,-118.63019707304714,34.05066566654689,-118.63426292695287,0.140625,192,0.24860000000000002,42.64755630493164,10,1.7100000381469727,0.0,0.004540000110864639,18.0,286.5,290.1000061035156,5.099999904632568,67.0
34.05249,-118.55922,323.92,0.36,0.57,2025-01-08,902,N21,VIIRS,n,2.0NRT,284.81,9.38,N,2025-01-08 09:02:00,0.002032930310023989,0.0016843334531081568,34.054174333453105,-118.56125293031002,34.054174333453105,-118.55718706968997,34.05080566654689,-118.55718706968997,34.05080566654689,-118.56125293031002,0.140625,118,0.2419,42.91071319580078,10,1.6399999856948853,0.0,0.004780000075697899,24.0,287.3999938964844,292.1000061035156,4.800000190734863,59.0
34.05269,-118.63707,367.0,0.36,0.57,2025-01-08,902,N21,VIIRS,h,2.0NRT,302.26,11.02,N,2025-01-08 09:02:00,0.002032935106003826,0.0016843334531081568,34.054374333453104,-118.639102935106,34.054374333453104,-118.635037064894,34.05100566654689,-118.635037064894,34.05100566654689,-118.639102935106,0.140625,210,0.24750000000000003,49.676761627197266,10,1.7100000381469727,0.0,0.004540000110864639,18.0,286.5,290.1000061035156,5.099999904632568,67.0
34.05275,-118.56273,312.77,0.36,0.57,2025-01-08,902,N21,VIIRS,n,2.0NRT,284.78,2.16,N,2025-01-08 09:02:00,0.0020329365448070198,0.0016843334531081568,34.05443433345311,-118.56476293654481,34.05443433345311,-118.5606970634552,34.0510656665469,-118.5606970634552,34.0510656665469,-118.56476293654481,0.140625,118,0.2419,42.91071319580078,10,1.6399999856948853,0.0,0.004780000075697899,24.0,287.3999938964844,292.1000061035156,4.800000190734863,59.0
34.05301,-118.56641,307.32,0.36,0.57,2025-01-08,902,N21,VIIRS,n,2.0NRT,284.9,2.16,N,2025-01-08 09:02:00,0.002032942779670156,0.0016843334531081568,34.05469433345311,-118.56844294277967,34.05469433345311,-118.56437705722034,34.051325666546894,-118.56437705722034,34.051325666546894,-118.56844294277967,0.140625,133,0.2393,45.85663986206055,10,1.6399999856948853,0.0,0.004780000075697899,24.0,287.3999938964844,292.1000061035156,4.800000190734863,59.0
34.05312,-118.49403,300.16,0.35,0.57,2025-01-08,902,N21,VIIRS,n,2.0NRT,282.61,0.86,N,2025-01-08 09:02:00,0.002032945417520982,0.0016843334531081568,34.054804333453106,-118.49606294541752,34.054804333453106,-118.49199705458247,34.051435666546894,-118.49199705458247,34.051435666546894,-118.49606294541752,0.140625,112,0.4571,1095.5670166015625,50,1.850000023841858,0.0,0.004910000134259462,24.0,286.79998779296875,293.6000061035156,4.699999809265137,50.0
34.05318,-118.64404,350.21,0.36,0.57,2025-01-08,902,N21,VIIRS,n,2.0NRT,317.27,68.52,N,2025-01-08 09:02:00,0.002032946856354749,0.0016843334531081568,34.054864333453104,-118.64607294685636,34.054864333453104,-118.64200705314364,34.05149566654689,-118.64200705314364,34.05149566654689,-118.64607294685636,0.140625,210,0.24750000000000003,49.676761627197266,10,1.7100000381469727,0.0,0.004540000110864639,18.0,286.5,290.1000061035156,5.099999904632568,67.0
34.05328,-118.57018,306.59,0.36,0.57,2025-01-08,902,N21,VIIRS,n,2.0NRT,285.07,1.91,N,2025-01-08 09:02:00,0.002032949254420508,0.0016843334531081568,34.05496433345311,-118.5722129492544,34.05496433345311,-118.56814705074558,34.051595666546895,-118.56814705074558,34.051595666546895,-118.5722129492544,0.140625,133,0.2393,45.85663986206055,10,1.6399999856948853,0.0,0.004780000075697899,24.0,287.3999938964844,292.1000061035156,4.800000190734863,59.0
34.05339,-118.49783,303.71,0.35,0.57,2025-01-08,902,N21,VIIRS,n,2.0NRT,282.94,0.86,N,2025-01-08 09:02:00,0.0020329518923065297,0.0016843334531081568,34.055074333453106,-118.4998629518923,34.055074333453106,-118.49579704810769,34.051705666546894,-118.49579704810769,34.051705666546894,-118.4998629518923,0.140625,112,0.4571,1095.5670166015625,50,1.850000023841858,0.0,0.004910000134259462,24.0,286.79998779296875,293.6000061035156,4.699999809265137,50.0
34.05343,-118.64764,367.0,0.36,0.57,2025-01-08,902,N21,VIIRS,h,2.0NRT,306.44,39.41,N,2025-01-08 09:02:00,0.0020329528515413654,0.0016843334531081568,34.055114333453105,-118.64967295285153,34.055114333453105,-118.64560704714846,34.05174566654689,-118.64560704714846,34.05174566654689,-118.64967295285153,0.140625,157,0.2659,96.7332992553711,30,1.7100000381469727,0.0,0.004540000110864639,18.0,286.5,290.1000061035156,5.099999904632568,67.0
34.05366,-118.50154,307.86,0.35,0.57,2025-01-08,902,N21,VIIRS,n,2.0NRT,283.58,4.02,N,2025-01-08 09:02:00,0.0020329583671784657,0.0016843334531081568,34.05534433345311,-118.50357295836719,34.05534433345311,-118.49950704163282,34.051975666546895,-118.49950704163282,34.051975666546895,-118.50357295836719,0.140625,112,0.36860000000000004,840.2179565429688,10,1.850000023841858,0.0,0.004910000134259462,24.0,286.79998779296875,293.6000061035156,4.699999809265137,50.0
34.05371,-118.65168,349.72,0.36,0.58,2025-01-08,902,N21,VIIRS,n,2.0NRT,301.76,39.41,N,2025-01-08 09:02:00,0.0020329595662383045,0.0016843334531081568,34.05539433345311,-118.65371295956623,34.05539433345311,-118.64964704043376,34.052025666546896,-118.64964704043376,34.052025666546896,-118.65371295956623,0.140625,157,0.2659,96.7332992553711,30,1.7100000381469727,0.0,0.004540000110864639,18.0,286.5,290.1000061035156,5.099999904632568,67.0
34.05386,-118.57845,303.9,0.36,0.57,2025-01-08,902,N21,VIIRS,n,2.0NRT,284.78,2.51,N,2025-01-08 09:02:00,0.002032963163435597,0.0016843334531081568,34.055544333453106,-118.58048296316343,34.055544333453106,-118.57641703683657,34.052175666546894,-118.57641703683657,34.052175666546894,-118.58048296316343,0.140625,126,0.2424,2.8627238273620605,10,1.6399999856948853,0.0,0.004780000075697899,24.0,287.3999938964844,292.1000061035156,4.800000190734863,59.0
34.05393,-118.50531,344.67,0.35,0.57,2025-01-08,902,N21,VIIRS,n,2.0NRT,285.91,4.02,N,2025-01-08 09:02:00,0.0020329648421367917,0.0016843334531081568,34.05561433345311,-118.50734296484214,34.05561433345311,-118.50327703515785,34.052245666546895,-118.50327703515785,34.052245666546895,-118.50734296484214,0.140625,112,0.36860000000000004,840.2179565429688,10,1.850000023841858,0.0,0.004910000134259462,24.0,286.79998779296875,293.6000061035156,4.699999809265137,50.0
34.05399,-118.65559,367.0,0.36,0.58,2025-01-08,902,N21,VIIRS,h,2.0NRT,294.9,13.38,N,2025-01-08 09:02:00,0.002032966281028152,0.0016843334531081568,34.055674333453105,-118.65762296628102,34.055674333453105,-118.65355703371898,34.05230566654689,-118.65355703371898,34.05230566654689,-118.65762296628102,0.140625,206,0.25780000000000003,19.5773868560791,10,1.7100000381469727,0.0,0.004540000110864639,18.0,286.5,290.1000061035156,5.099999904632568,67.0
34.05412,-118.58204,316.33,0.36,0.57,2025-01-08,902,N21,VIIRS,n,2.0NRT,288.01,2.51,N,2025-01-08 09:02:00,0.0020329693986407345,0.0016843334531081568,34.0558043334531,-118.58407296939865,34.0558043334531,-118.58000703060137,34.05243566654689,-118.58000703060137,34.05243566654689,-118.58407296939865,0.140625,126,0.2424,2.8627238273620605,10,1.6399999856948853,0.0,0.004780000075697899,24.0,287.3999938964844,292.1000061035156,4.800000190734863,59.0
34.0542,-118.50909,348.61,0.35,0.57,2025-01-08,902,N21,VIIRS,n,2.0NRT,287.73,27.9,N,2025-01-08 09:02:00,0.0020329713171815087,0.0016843334531081568,34.05588433345311,-118.51112297131718,34.05588433345311,-118.50705702868282,34.052515666546896,-118.50705702868282,34.052515666546896,-118.51112297131718,0.140625,112,0.36860000000000004,840.2179565429688,10,1.850000023841858,0.0,0.004910000134259462,24.0,286.79998779296875,293.6000061035156,4.699999809265137,50.0
34.05425,-118.65932,328.86,0.36,0.58,2025-01-08,902,N21,VIIRS,n,2.0NRT,284.2,13.38,N,2025-01-08 09:02:00,0.0020329725162733445,0.0016843334531081568,34.05593433345311,-118.66135297251627,34.05593433345311,-118.65728702748372,34.0525656665469,-118.65728702748372,34.0525656665469,-118.66135297251627,0.140625,206,0.25780000000000003,19.5773868560791,10,1.7100000381469727,0.0,0.004540000110864639,18.0,286.5,290.1000061035156,5.099999904632568,67.0
34.05436,-118.58554,325.67,0.36,0.57,2025-01-08,902,N21,VIIRS,n,2.0NRT,288.41,5.92,N,2025-01-08 09:02:00,0.0020329751542858114,0.0016843334531081568,34.05604433345311,-118.58757297515427,34.05604433345311,-118.58350702484572,34.0526756665469,-118.58350702484572,34.0526756665469,-118.58757297515427,0.140625,212,0.2411,17.584009170532227,10,1.5299999713897705,0.0,0.004559999797493219,24.0,287.8999938964844,292.79998779296875,5.0,55.0
34.05448,-118.513,346.78,0.35,0.57,2025-01-08,902,N21,VIIRS,n,2.0NRT,286.99,27.9,N,2025-01-08 09:02:00,0.002032978032133948,0.0016843334531081568,34.056164333453104,-118.51503297803214,34.056164333453104,-118.51096702196787,34.05279566654689,-118.51096702196787,34.05279566654689,-118.51503297803214,0.140625,101,0.2454,211.2073211669922,10,1.850000023841858,0.0,0.004910000134259462,24.0,286.79998779296875,293.6000061035156,4.699999809265137,50.0
34.0545,-118.66294,312.66,0.36,0.58,2025-01-08,902,N21,VIIRS,n,2.0NRT,283.58,1.43,N,2025-01-08 09:02:00,0.002032978511776963,0.0016843334531081568,34.0561843334531,-118.66497297851178,34.0561843334531,-118.66090702148823,34.05281566654689,-118.66090702148823,34.05281566654689,-118.66497297851178,0.140625,206,0.25780000000000003,19.5773868560791,10,1.7100000381469727,0.0,0.004540000110864639,18.0,286.5,290.1000061035156,5.099999904632568,67.0
34.0546,-118.58888,321.69,0.36,0.57,2025-01-08,902,N21,VIIRS,n,2.0NRT,287.58,5.92,N,2025-01-08 09:02:00,0.00203298090999915,0.0016843334531081568,34.05628433345311,-118.59091298091,34.05628433345311,-118.58684701909,34.052915666546895,-118.58684701909,34.052915666546895,-118.59091298091,0.140625,212,0.2411,17.584009170532227,10,1.5299999713897705,0.0,0.004559999797493219,24.0,287.8999938964844,292.79998779296875,5.0,55.0
34.05474,-118.6664,300.13,0.36,0.58,2025-01-08,902,N21,VIIRS,n,2.0NRT,282.74,1.43,N,2025-01-08 09:02:00,0.0020329842675301207,0.0016843334531081568,34.05642433345311,-118.66843298426753,34.05642433345311,-118.66436701573247,34.053055666546896,-118.66436701573247,34.053055666546896,-118.66843298426753,0.140625,237,0.25270000000000004,19.5773868560791,10,2.0399999618530273,0.0,0.004619999788701534,18.0,286.3999938964844,290.79998779296875,5.199999809265137,65.0
34.05474,-118.51658,367.0,0.36,0.57,2025-01-08,902,N21,VIIRS,h,2.0NRT,289.02,284.57,N,2025-01-08 09:02:00,0.0020329842675301207,0.0016843334531081568,34.05642433345311,-118.51861298426753,34.05642433345311,-118.51454701573248,34.053055666546896,-118.51454701573248,34.053055666546896,-118.51861298426753,0.140625,101,0.2454,211.2073211669922,10,1.850000023841858,0.0,0.004910000134259462,24.0,286.79998779296875,293.6000061035156,4.699999809265137,50.0
34.05483,-118.59212,309.15,0.36,0.57,2025-01-08,902,N21,VIIRS,n,2.0NRT,285.99,4.13,N,2025-01-08 09:02:00,0.0020329864259551536,0.0016843334531081568,34.05651433345311,-118.59415298642595,34.05651433345311,-118.59008701357403,34.0531456665469,-118.59008701357403,34.0531456665469,-118.59415298642595,0.140625,260,0.24200000000000002,15.540823936462402,10,1.5299999713897705,0.0,0.004559999797493219,24.0,287.8999938964844,292.79998779296875,5.0,55.0
34.055,-118.52027,354.07,0.36,0.57,2025-01-08,902,N21,VIIRS,n,2.0NRT,294.19,284.57,N,2025-01-08 09:02:00,0.0020329905030064066,0.0016843334531081568,34.056684333453106,-118.52230299050301,34.056684333453106,-118.51823700949699,34.053315666546894,-118.51823700949699,34.053315666546894,-118.52230299050301,0.140625,120,0.26480000000000004,1493.949951171875,50,1.850000023841858,0.0,0.004910000134259462,24.0,286.79998779296875,293.6000061035156,4.699999809265137,50.0
34.05506,-118.59534,307.49,0.36,0.57,2025-01-08,902,N21,VIIRS,n,2.0NRT,285.53,4.13,N,2025-01-08 09:02:00,0.00203299194197385,0.0016843334531081568,34.0567443334531,-118.59737299194197,34.0567443334531,-118.59330700805802,34.05337566654689,-118.59330700805802,34.05337566654689,-118.59737299194197,0.140625,260,0.24200000000000002,15.540823936462402,10,1.5299999713897705,0.0,0.004559999797493219,24.0,287.8999938964844,292.79998779296875,5.0,55.0
34.05529,-118.59875,302.35,0.36,0.57,2025-01-08,902,N21,VIIRS,n,2.0NRT,283.96,1.86,N,2025-01-08 09:02:00,0.002032997458055239,0.0016843334531081568,34.056974333453105,-118.60078299745805,34.056974333453105,-118.59671700254194,34.05360566654689,-118.59671700254194,34.05360566654689,-118.60078299745805,0.140625,260,0.24200000000000002,15.540823936462402,10,1.5299999713897705,0.0,0.004559999797493219,24.0,287.8999938964844,292.79998779296875,5.0,55.0
34.05529,-118.52418,367.0,0.36,0.57,2025-01-08,902,N21,VIIRS,h,2.0NRT,292.23,147.81,N,2025-01-08 09:02:00,0.002032997458055239,0.0016843334531081568,34.056974333453105,-118.52621299745806,34.056974333453105,-118.52214700254194,34.05360566654689,-118.52214700254194,34.05360566654689,-118.52621299745806,0.140625,120,0.26480000000000004,1493.949951171875,50,1.850000023841858,0.0,0.004910000134259462,24.0,286.79998779296875,293.6000061035156,4.699999809265137,50.0
34.05555,-118.60236,303.08,0.36,0.57,2025-01-08,902,N21,VIIRS,n,2.0NRT,283.69,1.86,N,2025-01-08 09:02:00,0.0020330036937009992,0.0016843334531081568,34.0572343334531,-118.6043930036937,34.0572343334531,-118.60032699630631,34.05386566654689,-118.60032699630631,34.05386566654689,-118.6043930036937,0.140625,308,0.2477,2.925200939178467,10,1.5299999713897705,0.0,0.004559999797493219,24.0,287.8999938964844,292.79998779296875,5.0,55.0
34.05556,-118.52802,350.86,0.36,0.57,2025-01-08,902,N21,VIIRS,n,2.0NRT,286.75,147.81,N,2025-01-08 09:02:00,0.0020330039335351288,0.0016843334531081568,34.057244333453106,-118.53005300393353,34.057244333453106,-118.52598699606646,34.053875666546894,-118.52598699606646,34.053875666546894,-118.53005300393353,0.140625,120,0.26480000000000004,1493.949951171875,50,1.850000023841858,0.0,0.004910000134259462,24.0,286.79998779296875,293.6000061035156,4.699999809265137,50.0
34.05581,-118.60595,302.88,0.36,0.57,2025-01-08,902,N21,VIIRS,n,2.0NRT,283.52,2.93,N,2025-01-08 09:02:00,0.0020330099294268754,0.0016843334531081568,34.05749433345311,-118.60798300992943,34.05749433345311,-118.60391699007059,34.054125666546895,-118.60391699007059,34.054125666546895,-118.60798300992943,0.140625,308,0.2477,2.925200939178467,10,1.5299999713897705,0.0,0.004559999797493219,24.0,287.8999938964844,292.79998779296875,5.0,55.0
34.05583,-118.5318,343.51,0.36,0.57,2025-01-08,902,N21,VIIRS,n,2.0NRT,285.96,24.58,N,2025-01-08 09:02:00,0.0020330104091014155,0.0016843334531081568,34.057514333453106,-118.53383301040911,34.057514333453106,-118.5297669895909,34.054145666546894,-118.5297669895909,34.054145666546894,-118.53383301040911,0.140625,108,0.26480000000000004,917.6705322265625,50,1.850000023841858,0.0,0.004910000134259462,24.0,286.79998779296875,293.6000061035156,4.699999809265137,50.0
34.05606,-118.6096,306.87,0.36,0.57,2025-01-08,902,N21,VIIRS,n,2.0NRT,283.89,2.93,N,2025-01-08 09:02:00,0.002033015925392696,0.0016843334531081568,34.05774433345311,-118.61163301592539,34.05774433345311,-118.60756698407461,34.054375666546896,-118.60756698407461,34.054375666546896,-118.61163301592539,0.140625,331,0.2477,0.15320353209972382,10,1.5299999713897705,0.0,0.004559999797493219,24.0,287.8999938964844,292.79998779296875,5.0,55.0
34.0561,-118.5356,353.29,0.36,0.57,2025-01-08,902,N21,VIIRS,n,2.0NRT,287.31,24.58,N,2025-01-08 09:02:00,0.002033016884754101,0.0016843334531081568,34.05778433345311,-118.53763301688475,34.05778433345311,-118.53356698311525,34.054415666546895,-118.53356698311525,34.054415666546895,-118.53763301688475,0.140625,108,0.26480000000000004,917.6705322265625,50,1.850000023841858,0.0,0.004910000134259462,24.0,286.79998779296875,293.6000061035156,4.699999809265137,50.0
34.05633,-118.61338,319.59,0.36,0.57,2025-01-08,902,N21,VIIRS,n,2.0NRT,285.51,8.32,N,2025-01-08 09:02:00,0.002033022401118982,0.0016843334531081568,34.05801433345311,-118.61541302240113,34.05801433345311,-118.61134697759888,34.0546456665469,-118.61134697759888,34.0546456665469,-118.61541302240113,0.140625,331,0.2477,0.15320353209972382,10,1.5299999713897705,0.0,0.004559999797493219,24.0,287.8999938964844,292.79998779296875,5.0,55.0
34.05637,-118.53926,367.0,0.36,0.57,2025-01-08,902,N21,VIIRS,h,2.0NRT,290.71,82.34,N,2025-01-08 09:02:00,0.002033023360493187,0.0016843334531081568,34.05805433345311,-118.5412930233605,34.05805433345311,-118.5372269766395,34.054685666546895,-118.5372269766395,34.054685666546895,-118.5412930233605,0.140625,105,0.2659,1420.3568115234375,10,1.6399999856948853,0.0,0.004780000075697899,24.0,287.3999938964844,292.1000061035156,4.800000190734863,59.0
34.05662,-118.61742,321.63,0.36,0.57,2025-01-08,902,N21,VIIRS,n,2.0NRT,285.53,8.32,N,2025-01-08 09:02:00,0.002033029356624934,0.0016843334531081568,34.05830433345311,-118.61945302935662,34.05830433345311,-118.61538697064337,34.054935666546896,-118.61538697064337,34.054935666546896,-118.61945302935662,0.140625,331,0.2477,0.15320353209972382,10,1.5299999713897705,0.0,0.004559999797493219,24.0,287.8999938964844,292.79998779296875,5.0,55.0
34.05663,-118.54291,352.17,0.36,0.57,2025-01-08,902,N21,VIIRS,n,2.0NRT,292.47,82.34,N,2025-01-08 09:02:00,0.002033029596471745,0.0016843334531081568,34.058314333453104,-118.54494302959648,34.058314333453104,-118.54087697040353,34.05494566654689,-118.54087697040353,34.05494566654689,-118.54494302959648,0.140625,105,0.2659,1420.3568115234375,10,1.6399999856948853,0.0,0.004780000075697899,24.0,287.3999938964844,292.1000061035156,4.800000190734863,59.0
34.0569,-118.54676,367.0,0.36,0.57,2025-01-08,902,N21,VIIRS,h,2.0NRT,294.23,55.37,N,2025-01-08 09:02:00,0.002033036072380434,0.0016843334531081568,34.058584333453105,-118.54879303607238,34.058584333453105,-118.54472696392763,34.05521566654689,-118.54472696392763,34.05521566654689,-118.54879303607238,0.140625,225,0.2838,445.96746826171875,10,1.6399999856948853,0.0,0.004780000075697899,24.0,287.3999938964844,292.1000061035156,4.800000190734863,59.0
34.05692,-118.62166,367.0,0.36,0.57,2025-01-08,902,N21,VIIRS,h,2.0NRT,296.23,13.24,N,2025-01-08 09:02:00,0.0020330365520808105,0.0016843334531081568,34.058604333453104,-118.62369303655208,34.058604333453104,-118.61962696344793,34.05523566654689,-118.61962696344793,34.05523566654689,-118.62369303655208,0.140625,342,0.2404,13.87864875793457,10,1.7100000381469727,0.0,0.004540000110864639,18.0,286.5,290.1000061035156,5.099999904632568,67.0
34.05718,-118.55065,367.0,0.36,0.57,2025-01-08,902,N21,VIIRS,h,2.0NRT,287.27,55.37,N,2025-01-08 09:02:00,0.0020330427882288555,0.0016843334531081568,34.05886433345311,-118.55268304278823,34.05886433345311,-118.54861695721178,34.055495666546896,-118.54861695721178,34.055495666546896,-118.55268304278823,0.140625,225,0.2838,445.96746826171875,10,1.6399999856948853,0.0,0.004780000075697899,24.0,287.3999938964844,292.1000061035156,4.800000190734863,59.0
34.05723,-118.62605,355.32,0.36,0.57,2025-01-08,902,N21,VIIRS,n,2.0NRT,300.26,13.24,N,2025-01-08 09:02:00,0.0020330439874972806,0.0016843334531081568,34.0589143334531,-118.6280830439875,34.0589143334531,-118.62401695601251,34.05554566654689,-118.62401695601251,34.05554566654689,-118.6280830439875,0.140625,342,0.2404,13.87864875793457,10,1.7100000381469727,0.0,0.004540000110864639,18.0,286.5,290.1000061035156,5.099999904632568,67.0
34.05745,-118.55438,367.0,0.36,0.57,2025-01-08,902,N21,VIIRS,h,2.0NRT,289.89,9.38,N,2025-01-08 09:02:00,0.0020330492643135527,0.0016843334531081568,34.05913433345311,-118.55641304926431,34.05913433345311,-118.55234695073568,34.0557656665469,-118.55234695073568,34.0557656665469,-118.55641304926431,0.140625,225,0.2838,445.96746826171875,10,1.6399999856948853,0.0,0.004780000075697899,24.0,287.3999938964844,292.1000061035156,4.800000190734863,59.0
34.05756,-118.63065,367.0,0.36,0.57,2025-01-08,902,N21,VIIRS,h,2.0NRT,304.54,25.75,N,2025-01-08 09:02:00,0.002033051902743201,0.0016843334531081568,34.05924433345311,-118.63268305190275,34.05924433345311,-118.62861694809726,34.055875666546896,-118.62861694809726,34.055875666546896,-118.63268305190275,0.140625,234,0.2489,44.875553131103516,10,1.7100000381469727,0.0,0.004540000110864639,18.0,286.5,290.1000061035156,5.099999904632568,67.0
34.0577,-118.55791,331.71,0.36,0.57,2025-01-08,902,N21,VIIRS,n,2.0NRT,286.42,9.38,N,2025-01-08 09:02:00,0.0020330552607653136,0.0016843334531081568,34.0593843334531,-118.55994305526077,34.0593843334531,-118.55587694473924,34.05601566654689,-118.55587694473924,34.05601566654689,-118.55994305526077,0.140625,212,0.22640000000000002,25.29782485961914,10,1.6399999856948853,0.0,0.004780000075697899,24.0,287.3999938964844,292.1000061035156,4.800000190734863,59.0
34.0579,-118.6356,355.24,0.36,0.57,2025-01-08,902,N21,VIIRS,n,2.0NRT,303.74,25.75,N,2025-01-08 09:02:00,0.0020330600579800606,0.0016843334531081568,34.0595843334531,-118.63763306005798,34.0595843334531,-118.63356693994201,34.05621566654689,-118.63356693994201,34.05621566654689,-118.63763306005798,0.140625,234,0.2489,44.875553131103516,10,1.7100000381469727,0.0,0.004540000110864639,18.0,286.5,290.1000061035156,5.099999904632568,67.0
34.05794,-118.5613,322.42,0.36,0.57,2025-01-08,902,N21,VIIRS,n,2.0NRT,285.63,2.16,N,2025-01-08 09:02:00,0.002033061017428699,0.0016843334531081568,34.05962433345311,-118.56333306101743,34.05962433345311,-118.55926693898257,34.056255666546896,-118.55926693898257,34.056255666546896,-118.56333306101743,0.140625,212,0.22640000000000002,25.29782485961914,10,1.6399999856948853,0.0,0.004780000075697899,24.0,287.3999938964844,292.1000061035156,4.800000190734863,59.0
34.05817,-118.63942,337.05,0.36,0.57,2025-01-08,902,N21,VIIRS,n,2.0NRT,314.69,42.03,N,2025-01-08 09:02:00,0.0020330665342951745,0.0016843334531081568,34.0598543334531,-118.6414530665343,34.0598543334531,-118.6373869334657,34.05648566654689,-118.6373869334657,34.05648566654689,-118.6414530665343,0.140625,355,0.2233,49.535037994384766,10,1.7100000381469727,0.0,0.004540000110864639,18.0,286.5,290.1000061035156,5.099999904632568,67.0
34.05819,-118.56479,315.2,0.36,0.57,2025-01-08,902,N21,VIIRS,n,2.0NRT,285.01,2.16,N,2025-01-08 09:02:00,0.0020330670140256578,0.0016843334531081568,34.05987433345311,-118.56682306701403,34.05987433345311,-118.56275693298598,34.0565056665469,-118.56275693298598,34.0565056665469,-118.56682306701403,0.140625,305,0.17880000000000001,9.602179527282715,10,1.6399999856948853,0.0,0.004780000075697899,24.0,287.3999938964844,292.1000061035156,4.800000190734863,59.0
34.0584,-118.6426,344.04,0.36,0.57,2025-01-08,902,N21,VIIRS,n,2.0NRT,328.44,42.03,N,2025-01-08 09:02:00,0.0020330720512243532,0.0016843334531081568,34.060084333453105,-118.64463307205122,34.060084333453105,-118.64056692794878,34.05671566654689,-118.64056692794878,34.05671566654689,-118.64463307205122,0.140625,355,0.2233,49.535037994384766,10,1.7100000381469727,0.0,0.004540000110864639,18.0,286.5,290.1000061035156,5.099999904632568,67.0
34.05843,-118.56826,313.77,0.36,0.57,2025-01-08,902,N21,VIIRS,n,2.0NRT,285.2,1.91,N,2025-01-08 09:02:00,0.0020330727708284336,0.0016843334531081568,34.06011433345311,-118.57029307277082,34.06011433345311,-118.56622692722917,34.056745666546895,-118.56622692722917,34.056745666546895,-118.57029307277082,0.140625,305,0.17880000000000001,9.602179527282715,10,1.6399999856948853,0.0,0.004780000075697899,24.0,287.3999938964844,292.1000061035156,4.800000190734863,59.0
34.05859,-118.49389,299.27,0.35,0.57,2025-01-08,902,N21,VIIRS,n,2.0NRT,282.52,0.77,N,2025-01-08 09:02:00,0.002033076608734881,0.0016843334531081568,34.06027433345311,-118.49592307660873,34.06027433345311,-118.49185692339125,34.056905666546896,-118.49185692339125,34.056905666546896,-118.49592307660873,0.140625,134,0.3778,627.947998046875,10,1.850000023841858,0.0,0.004910000134259462,24.0,286.79998779296875,293.6000061035156,4.699999809265137,50.0
34.05862,-118.49702,301.83,0.35,0.57,2025-01-08,902,N21,VIIRS,n,2.0NRT,283.21,1.02,N,2025-01-08 09:02:00,0.002033077328345718,0.0016843334531081568,34.060304333453104,-118.49905307732836,34.060304333453104,-118.49498692267166,34.05693566654689,-118.49498692267166,34.05693566654689,-118.49905307732836,0.140625,134,0.3778,627.947998046875,10,1.850000023841858,0.0,0.004910000134259462,24.0,286.79998779296875,293.6000061035156,4.699999809265137,50.0
34.05863,-118.64592,367.0,0.36,0.57,2025-01-08,902,N21,VIIRS,h,2.0NRT,297.19,18.61,N,2025-01-08 09:02:00,0.0020330775682162344,0.0016843334531081568,34.06031433345311,-118.64795307756822,34.06031433345311,-118.64388692243179,34.056945666546895,-118.64388692243179,34.056945666546895,-118.64795307756822,0.140625,349,0.2144,70.69699096679688,50,1.7100000381469727,0.0,0.004540000110864639,18.0,286.5,290.1000061035156,5.099999904632568,67.0
34.0587,-118.57201,310.97,0.36,0.57,2025-01-08,902,N21,VIIRS,n,2.0NRT,285.01,1.91,N,2025-01-08 09:02:00,0.0020330792473131657,0.0016843334531081568,34.06038433345311,-118.57404307924732,34.06038433345311,-118.5699769207527,34.057015666546896,-118.5699769207527,34.057015666546896,-118.57404307924732,0.140625,305,0.17880000000000001,9.602179527282715,10,1.6399999856948853,0.0,0.004780000075697899,24.0,287.3999938964844,292.1000061035156,4.800000190734863,59.0
34.05885,-118.4977,302.79,0.35,0.57,2025-01-08,902,N21,VIIRS,n,2.0NRT,283.05,0.77,N,2025-01-08 09:02:00,0.0020330828453975773,0.0016843334531081568,34.060534333453106,-118.4997330828454,34.060534333453106,-118.4956669171546,34.057165666546894,-118.4956669171546,34.057165666546894,-118.4997330828454,0.140625,134,0.3778,627.947998046875,10,1.850000023841858,0.0,0.004910000134259462,24.0,286.79998779296875,293.6000061035156,4.699999809265137,50.0
34.05888,-118.50064,306.57,0.35,0.57,2025-01-08,902,N21,VIIRS,n,2.0NRT,282.81,5.06,N,2025-01-08 09:02:00,0.00203308356501766,0.0016843334531081568,34.06056433345311,-118.50267308356503,34.06056433345311,-118.49860691643498,34.057195666546896,-118.49860691643498,34.057195666546896,-118.50267308356503,0.140625,134,0.3778,627.947998046875,10,1.850000023841858,0.0,0.004910000134259462,24.0,286.79998779296875,293.6000061035156,4.699999809265137,50.0
34.0589,-118.64976,354.08,0.36,0.58,2025-01-08,902,N21,VIIRS,n,2.0NRT,296.23,18.61,N,2025-01-08 09:02:00,0.0020330840447649744,0.0016843334531081568,34.06058433345311,-118.65179308404477,34.06058433345311,-118.64772691595523,34.057215666546895,-118.64772691595523,34.057215666546895,-118.65179308404477,0.140625,349,0.2144,70.69699096679688,50,1.7100000381469727,0.0,0.004540000110864639,18.0,286.5,290.1000061035156,5.099999904632568,67.0
34.05901,-118.57633,307.73,0.36,0.57,2025-01-08,902,N21,VIIRS,n,2.0NRT,284.97,2.51,N,2025-01-08 09:02:00,0.002033086683383679,0.0016843334531081568,34.06069433345311,-118.57836308668338,34.06069433345311,-118.57429691331662,34.057325666546895,-118.57429691331662,34.057325666546895,-118.57836308668338,0.140625,358,0.202,0.0,10,1.6399999856948853,0.0,0.004780000075697899,24.0,287.3999938964844,292.1000061035156,4.800000190734863,59.0
34.05908,-118.50132,308.52,0.35,0.57,2025-01-08,902,N21,VIIRS,n,2.0NRT,283.11,6.05,N,2025-01-08 09:02:00,0.0020330883625121407,0.0016843334531081568,34.06076433345311,-118.50335308836252,34.06076433345311,-118.4992869116375,34.057395666546896,-118.4992869116375,34.057395666546896,-118.50335308836252,0.140625,134,0.3778,627.947998046875,10,1.850000023841858,0.0,0.004910000134259462,24.0,286.79998779296875,293.6000061035156,4.699999809265137,50.0
34.05914,-118.50436,367.0,0.35,0.57,2025-01-08,902,N21,VIIRS,h,2.0NRT,287.77,5.06,N,2025-01-08 09:02:00,0.0020330898017697305,0.0016843334531081568,34.060824333453105,-118.50639308980178,34.060824333453105,-118.50232691019824,34.05745566654689,-118.50232691019824,34.05745566654689,-118.50639308980178,0.140625,157,0.3778,503.0071716308594,10,1.850000023841858,0.0,0.004910000134259462,24.0,286.79998779296875,293.6000061035156,4.699999809265137,50.0
34.05919,-118.65382,367.0,0.36,0.58,2025-01-08,902,N21,VIIRS,h,2.0NRT,286.18,5.73,N,2025-01-08 09:02:00,0.0020330910011543152,0.0016843334531081568,34.06087433345311,-118.65585309100115,34.06087433345311,-118.65178690899884,34.057505666546895,-118.65178690899884,34.057505666546895,-118.65585309100115,0.140625,349,0.2144,70.69699096679688,50,1.7100000381469727,0.0,0.004540000110864639,18.0,286.5,290.1000061035156,5.099999904632568,67.0
34.05932,-118.58065,325.1,0.36,0.57,2025-01-08,902,N21,VIIRS,n,2.0NRT,288.38,2.51,N,2025-01-08 09:02:00,0.0020330941195681046,0.0016843334531081568,34.061004333453106,-118.58268309411957,34.061004333453106,-118.57861690588044,34.057635666546894,-118.57861690588044,34.057635666546894,-118.58268309411957,0.140625,358,0.202,0.0,10,1.6399999856948853,0.0,0.004780000075697899,24.0,287.3999938964844,292.1000061035156,4.800000190734863,59.0
34.05933,-118.50504,367.0,0.35,0.57,2025-01-08,902,N21,VIIRS,h,2.0NRT,289.6,6.05,N,2025-01-08 09:02:00,0.002033094359446918,0.0016843334531081568,34.06101433345311,-118.50707309435944,34.06101433345311,-118.50300690564055,34.0576456665469,-118.50300690564055,34.0576456665469,-118.50707309435944,0.140625,157,0.3778,503.0071716308594,10,1.850000023841858,0.0,0.004910000134259462,24.0,286.79998779296875,293.6000061035156,4.699999809265137,50.0
34.05941,-118.50802,333.43,0.35,0.57,2025-01-08,902,N21,VIIRS,n,2.0NRT,288.01,13.12,N,2025-01-08 09:02:00,0.0020330962784816933,0.0016843334531081568,34.061094333453106,-118.51005309627848,34.061094333453106,-118.50598690372152,34.057725666546894,-118.50598690372152,34.057725666546894,-118.51005309627848,0.140625,157,0.3778,503.0071716308594,10,1.850000023841858,0.0,0.004910000134259462,24.0,286.79998779296875,293.6000061035156,4.699999809265137,50.0
34.05946,-118.65759,310.23,0.36,0.58,2025-01-08,902,N21,VIIRS,n,2.0NRT,283.74,5.73,N,2025-01-08 09:02:00,0.0020330974778822804,0.0016843334531081568,34.06114433345311,-118.65962309747788,34.06114433345311,-118.65555690252212,34.057775666546895,-118.65555690252212,34.057775666546895,-118.65962309747788,0.140625,367,0.2525,19.577390670776367,10,1.7100000381469727,0.0,0.004540000110864639,18.0,286.5,290.1000061035156,5.099999904632568,67.0
34.05957,-118.50871,330.0,0.36,0.57,2025-01-08,902,N21,VIIRS,n,2.0NRT,287.27,12.08,N,2025-01-08 09:02:00,0.0020331001165740034,0.0016843334531081568,34.06125433345311,-118.51074310011657,34.06125433345311,-118.50667689988342,34.057885666546895,-118.50667689988342,34.057885666546895,-118.51074310011657,0.140625,157,0.3778,503.0071716308594,10,1.850000023841858,0.0,0.004910000134259462,24.0,286.79998779296875,293.6000061035156,4.699999809265137,50.0
34.05962,-118.58485,367.0,0.36,0.57,2025-01-08,902,N21,VIIRS,h,2.0NRT,295.8,5.92,N,2025-01-08 09:02:00,0.002033101315984074,0.0016843334531081568,34.06130433345311,-118.58688310131599,34.06130433345311,-118.58281689868402,34.057935666546896,-118.58281689868402,34.057935666546896,-118.58688310131599,0.140625,357,0.24050000000000002,12.934670448303223,10,1.5299999713897705,0.0,0.004559999797493219,24.0,287.8999938964844,292.79998779296875,5.0,55.0
34.05967,-118.51168,327.37,0.35,0.57,2025-01-08,902,N21,VIIRS,n,2.0NRT,285.94,13.12,N,2025-01-08 09:02:00,0.0020331025153971075,0.0016843334531081568,34.0613543334531,-118.5137131025154,34.0613543334531,-118.5096468974846,34.05798566654689,-118.5096468974846,34.05798566654689,-118.5137131025154,0.140625,170,0.24710000000000001,0.5873138904571533,10,1.850000023841858,0.0,0.004910000134259462,24.0,286.79998779296875,293.6000061035156,4.699999809265137,50.0
34.0597,-118.66118,301.32,0.36,0.58,2025-01-08,902,N21,VIIRS,n,2.0NRT,283.71,1.35,N,2025-01-08 09:02:00,0.00203310323504635,0.0016843334531081568,34.061384333453105,-118.66321310323505,34.061384333453105,-118.65914689676495,34.05801566654689,-118.65914689676495,34.05801566654689,-118.66321310323505,0.140625,367,0.2525,19.577390670776367,10,1.7100000381469727,0.0,0.004540000110864639,18.0,286.5,290.1000061035156,5.099999904632568,67.0
34.05981,-118.51237,329.16,0.36,0.57,2025-01-08,902,N21,VIIRS,n,2.0NRT,286.06,12.08,N,2025-01-08 09:02:00,0.0020331058737693675,0.0016843334531081568,34.061494333453105,-118.51440310587377,34.061494333453105,-118.51033689412624,34.05812566654689,-118.51033689412624,34.05812566654689,-118.51440310587377,0.140625,170,0.24710000000000001,0.5873138904571533,10,1.850000023841858,0.0,0.004910000134259462,24.0,286.79998779296875,293.6000061035156,4.699999809265137,50.0
34.05988,-118.58846,349.45,0.36,0.57,2025-01-08,902,N21,VIIRS,n,2.0NRT,294.5,5.92,N,2025-01-08 09:02:00,0.00203310755296421,0.0016843334531081568,34.061564333453106,-118.59049310755296,34.061564333453106,-118.58642689244704,34.058195666546894,-118.58642689244704,34.058195666546894,-118.59049310755296,0.140625,357,0.24050000000000002,12.934670448303223,10,1.5299999713897705,0.0,0.004559999797493219,24.0,287.8999938964844,292.79998779296875,5.0,55.0
34.05994,-118.51538,331.94,0.36,0.57,2025-01-08,902,N21,VIIRS,n,2.0NRT,285.94,9.33,N,2025-01-08 09:02:00,0.002033108992278698,0.0016843334531081568,34.0616243334531,-118.51741310899227,34.0616243334531,-118.51334689100771,34.05825566654689,-118.51334689100771,34.05825566654689,-118.51741310899227,0.140625,170,0.24710000000000001,0.5873138904571533,10,1.850000023841858,0.0,0.004910000134259462,24.0,286.79998779296875,293.6000061035156,4.699999809265137,50.0
34.06005,-118.51609,333.61,0.36,0.57,2025-01-08,902,N21,VIIRS,n,2.0NRT,285.5,9.93,N,2025-01-08 09:02:00,0.0020331116310330103,0.0016843334531081568,34.0617343334531,-118.51812311163104,34.0617343334531,-118.51405688836897,34.05836566654689,-118.51405688836897,34.05836566654689,-118.51812311163104,0.140625,170,0.24710000000000001,0.5873138904571533,10,1.850000023841858,0.0,0.004910000134259462,24.0,286.79998779296875,293.6000061035156,4.699999809265137,50.0
34.06009,-118.59143,345.02,0.36,0.57,2025-01-08,902,N21,VIIRS,n,2.0NRT,294.05,4.13,N,2025-01-08 09:02:00,0.0020331125905835887,0.0016843334531081568,34.06177433345311,-118.59346311259058,34.06177433345311,-118.58939688740942,34.058405666546896,-118.58939688740942,34.058405666546896,-118.59346311259058,0.140625,420,0.24050000000000002,17.302928924560547,10,1.5299999713897705,0.0,0.004559999797493219,24.0,287.8999938964844,292.79998779296875,5.0,55.0
34.0602,-118.51905,330.38,0.36,0.57,2025-01-08,902,N21,VIIRS,n,2.0NRT,285.18,9.33,N,2025-01-08 09:02:00,0.00203311522935746,0.0016843334531081568,34.06188433345311,-118.52108311522935,34.06188433345311,-118.51701688477064,34.058515666546896,-118.51701688477064,34.058515666546896,-118.52108311522935,0.140625,170,0.24710000000000001,0.5873138904571533,10,1.850000023841858,0.0,0.004910000134259462,24.0,286.79998779296875,293.6000061035156,4.699999809265137,50.0
34.06029,-118.59428,337.73,0.36,0.57,2025-01-08,902,N21,VIIRS,n,2.0NRT,291.44,4.13,N,2025-01-08 09:02:00,0.002033117388364932,0.0016843334531081568,34.06197433345311,-118.59631311738836,34.06197433345311,-118.59224688261163,34.058605666546896,-118.59224688261163,34.058605666546896,-118.59631311738836,0.140625,420,0.24050000000000002,17.302928924560547,10,1.5299999713897705,0.0,0.004559999797493219,24.0,287.8999938964844,292.79998779296875,5.0,55.0
34.0603,-118.51975,331.33,0.36,0.57,2025-01-08,902,N21,VIIRS,n,2.0NRT,285.15,9.93,N,2025-01-08 09:02:00,0.002033117628255244,0.0016843334531081568,34.061984333453104,-118.52178311762826,34.061984333453104,-118.51771688237174,34.05861566654689,-118.51771688237174,34.05861566654689,-118.52178311762826,0.140625,188,0.1774,0.6009742021560669,10,1.850000023841858,0.0,0.004910000134259462,24.0,286.79998779296875,293.6000061035156,4.699999809265137,50.0
34.06047,-118.5228,328.85,0.36,0.57,2025-01-08,902,N21,VIIRS,n,2.0NRT,284.89,4.0,N,2025-01-08 09:02:00,0.0020331217064086826,0.0016843334531081568,34.06215433345311,-118.52483312170641,34.06215433345311,-118.5207668782936,34.058785666546896,-118.5207668782936,34.058785666546896,-118.52483312170641,0.140625,188,0.1774,0.6009742021560669,10,1.850000023841858,0.0,0.004910000134259462,24.0,286.79998779296875,293.6000061035156,4.699999809265137,50.0
34.06051,-118.59743,316.67,0.36,0.57,2025-01-08,902,N21,VIIRS,n,2.0NRT,285.96,1.86,N,2025-01-08 09:02:00,0.0020331226659791764,0.0016843334531081568,34.06219433345311,-118.59946312266598,34.06219433345311,-118.59539687733403,34.058825666546895,-118.59539687733403,34.058825666546895,-118.59946312266598,0.140625,420,0.24050000000000002,17.302928924560547,10,1.5299999713897705,0.0,0.004559999797493219,24.0,287.8999938964844,292.79998779296875,5.0,55.0
34.06054,-118.52352,329.2,0.36,0.57,2025-01-08,902,N21,VIIRS,n,2.0NRT,284.87,4.06,N,2025-01-08 09:02:00,0.0020331233856582913,0.0016843334531081568,34.06222433345311,-118.52555312338566,34.06222433345311,-118.52148687661435,34.0588556665469,-118.52148687661435,34.0588556665469,-118.52555312338566,0.140625,188,0.1774,0.6009742021560669,10,1.850000023841858,0.0,0.004910000134259462,24.0,286.79998779296875,293.6000061035156,4.699999809265137,50.0
34.06075,-118.52666,328.17,0.36,0.57,2025-01-08,902,N21,VIIRS,n,2.0NRT,284.27,4.0,N,2025-01-08 09:02:00,0.00203312842344197,0.0016843334531081568,34.062434333453105,-118.52869312842346,34.062434333453105,-118.52462687157656,34.05906566654689,-118.52462687157656,34.05906566654689,-118.52869312842346,0.140625,188,0.1774,0.6009742021560669,10,1.850000023841858,0.0,0.004910000134259462,24.0,286.79998779296875,293.6000061035156,4.699999809265137,50.0
34.06077,-118.60111,310.0,0.36,0.57,2025-01-08,902,N21,VIIRS,n,2.0NRT,284.77,1.86,N,2025-01-08 09:02:00,0.002033128903233618,0.0016843334531081568,34.062454333453104,-118.60314312890324,34.062454333453104,-118.59907687109677,34.05908566654689,-118.59907687109677,34.05908566654689,-118.60314312890324,0.140625,463,0.28090000000000004,15.551650047302246,10,1.5299999713897705,0.0,0.004559999797493219,24.0,287.8999938964844,292.79998779296875,5.0,55.0
34.0608,-118.5274,327.74,0.36,0.57,2025-01-08,902,N21,VIIRS,n,2.0NRT,284.42,4.06,N,2025-01-08 09:02:00,0.0020331296229219795,0.0016843334531081568,34.062484333453106,-118.52943312962292,34.062484333453106,-118.52536687037708,34.059115666546894,-118.52536687037708,34.059115666546894,-118.52943312962292,0.140625,188,0.1774,0.6009742021560669,10,1.850000023841858,0.0,0.004910000134259462,24.0,286.79998779296875,293.6000061035156,4.699999809265137,50.0
34.06102,-118.5304,325.03,0.36,0.57,2025-01-08,902,N21,VIIRS,n,2.0NRT,284.79,3.56,N,2025-01-08 09:02:00,0.002033134900669231,0.0016843334531081568,34.062704333453105,-118.53243313490067,34.062704333453105,-118.52836686509933,34.05933566654689,-118.52836686509933,34.05933566654689,-118.53243313490067,0.140625,181,0.19590000000000002,28.542539596557617,10,1.850000023841858,0.0,0.004910000134259462,24.0,286.79998779296875,293.6000061035156,4.699999809265137,50.0
34.06104,-118.60486,319.49,0.36,0.57,2025-01-08,902,N21,VIIRS,n,2.0NRT,287.97,2.93,N,2025-01-08 09:02:00,0.0020331353804672802,0.0016843334531081568,34.062724333453104,-118.60689313538047,34.062724333453104,-118.60282686461953,34.05935566654689,-118.60282686461953,34.05935566654689,-118.60689313538047,0.140625,463,0.28090000000000004,15.551650047302246,10,1.5299999713897705,0.0,0.004559999797493219,24.0,287.8999938964844,292.79998779296875,5.0,55.0
34.06104,-118.53109,325.37,0.36,0.57,2025-01-08,902,N21,VIIRS,n,2.0NRT,284.82,3.7,N,2025-01-08 09:02:00,0.0020331353804672802,0.0016843334531081568,34.062724333453104,-118.53312313538048,34.062724333453104,-118.52905686461953,34.05935566654689,-118.52905686461953,34.05935566654689,-118.53312313538048,0.140625,181,0.19590000000000002,28.542539596557617,10,1.850000023841858,0.0,0.004910000134259462,24.0,286.79998779296875,293.6000061035156,4.699999809265137,50.0
34.06128,-118.53475,328.08,0.36,0.57,2025-01-08,902,N21,VIIRS,n,2.0NRT,285.63,3.7,N,2025-01-08 09:02:00,0.002033141138080864,0.0016843334531081568,34.0629643334531,-118.53678314113809,34.0629643334531,-118.53271685886192,34.05959566654689,-118.53271685886192,34.05959566654689,-118.53678314113809,0.140625,181,0.19590000000000002,28.542539596557617,10,1.850000023841858,0.0,0.004910000134259462,24.0,286.79998779296875,293.6000061035156,4.699999809265137,50.0
34.06128,-118.53405,326.27,0.36,0.57,2025-01-08,902,N21,VIIRS,n,2.0NRT,285.46,3.56,N,2025-01-08 09:02:00,0.002033141138080864,0.0016843334531081568,34.0629643334531,-118.53608314113808,34.0629643334531,-118.53201685886191,34.05959566654689,-118.53201685886191,34.05959566654689,-118.53608314113808,0.140625,181,0.19590000000000002,28.542539596557617,10,1.850000023841858,0.0,0.004910000134259462,24.0,286.79998779296875,293.6000061035156,4.699999809265137,50.0
34.0613,-118.60857,336.99,0.36,0.57,2025-01-08,902,N21,VIIRS,n,2.0NRT,290.49,2.93,N,2025-01-08 09:02:00,0.0020331416178850778,0.0016843334531081568,34.06298433345311,-118.61060314161789,34.06298433345311,-118.60653685838211,34.0596156665469,-118.60653685838211,34.0596156665469,-118.61060314161789,0.140625,463,0.28090000000000004,15.551650047302246,10,1.5299999713897705,0.0,0.004559999797493219,24.0,287.8999938964844,292.79998779296875,5.0,55.0
34.06152,-118.53842,329.33,0.36,0.57,2025-01-08,902,N21,VIIRS,n,2.0NRT,285.31,4.18,N,2025-01-08 09:02:00,0.002033146895762731,0.0016843334531081568,34.06320433345311,-118.54045314689577,34.06320433345311,-118.53638685310423,34.059835666546896,-118.53638685310423,34.059835666546896,-118.54045314689577,0.140625,202,0.25720000000000004,682.1331787109375,10,1.6399999856948853,0.0,0.004780000075697899,24.0,287.3999938964844,292.1000061035156,4.800000190734863,59.0
34.06155,-118.53771,327.78,0.36,0.57,2025-01-08,902,N21,VIIRS,n,2.0NRT,285.27,3.83,N,2025-01-08 09:02:00,0.002033147615477765,0.0016843334531081568,34.0632343334531,-118.53974314761548,34.0632343334531,-118.53567685238453,34.05986566654689,-118.53567685238453,34.05986566654689,-118.53974314761548,0.140625,202,0.25720000000000004,682.1331787109375,10,1.6399999856948853,0.0,0.004780000075697899,24.0,287.3999938964844,292.1000061035156,4.800000190734863,59.0
34.06157,-118.61238,367.0,0.36,0.57,2025-01-08,902,N21,VIIRS,h,2.0NRT,290.08,8.32,N,2025-01-08 09:02:00,0.0020331480952883816,0.0016843334531081568,34.06325433345311,-118.6144131480953,34.06325433345311,-118.61034685190471,34.0598856665469,-118.61034685190471,34.0598856665469,-118.6144131480953,0.140625,452,0.318,22.094072341918945,10,1.5299999713897705,0.0,0.004559999797493219,24.0,287.8999938964844,292.79998779296875,5.0,55.0
34.06177,-118.54221,339.96,0.36,0.57,2025-01-08,902,N21,VIIRS,n,2.0NRT,284.62,4.18,N,2025-01-08 09:02:00,0.0020331528934206203,0.0016843334531081568,34.06345433345311,-118.54424315289342,34.06345433345311,-118.54017684710658,34.0600856665469,-118.54017684710658,34.0600856665469,-118.54424315289342,0.140625,202,0.25720000000000004,682.1331787109375,10,1.6399999856948853,0.0,0.004780000075697899,24.0,287.3999938964844,292.1000061035156,4.800000190734863,59.0
34.06182,-118.54146,335.64,0.36,0.57,2025-01-08,902,N21,VIIRS,n,2.0NRT,284.84,3.83,N,2025-01-08 09:02:00,0.0020331540929610895,0.0016843334531081568,34.0635043334531,-118.54349315409296,34.0635043334531,-118.53942684590704,34.06013566654689,-118.53942684590704,34.06013566654689,-118.54349315409296,0.140625,202,0.25720000000000004,682.1331787109375,10,1.6399999856948853,0.0,0.004780000075697899,24.0,287.3999938964844,292.1000061035156,4.800000190734863,59.0
34.06187,-118.61649,367.0,0.36,0.57,2025-01-08,902,N21,VIIRS,h,2.0NRT,290.35,8.32,N,2025-01-08 09:02:00,0.002033155292504523,0.0016843334531081568,34.063554333453105,-118.61852315529251,34.063554333453105,-118.61445684470749,34.06018566654689,-118.61445684470749,34.06018566654689,-118.61852315529251,0.140625,452,0.318,22.094072341918945,10,1.5299999713897705,0.0,0.004559999797493219,24.0,287.8999938964844,292.79998779296875,5.0,55.0
34.06202,-118.54605,337.64,0.36,0.57,2025-01-08,902,N21,VIIRS,n,2.0NRT,283.85,6.75,N,2025-01-08 09:02:00,0.0020331588911526037,0.0016843334531081568,34.0637043334531,-118.54808315889115,34.0637043334531,-118.54401684110884,34.06033566654689,-118.54401684110884,34.06033566654689,-118.54808315889115,0.140625,202,0.25720000000000004,682.1331787109375,10,1.6399999856948853,0.0,0.004780000075697899,24.0,287.3999938964844,292.1000061035156,4.800000190734863,59.0
34.06209,-118.54528,335.8,0.36,0.57,2025-01-08,902,N21,VIIRS,n,2.0NRT,284.02,5.01,N,2025-01-08 09:02:00,0.0020331605705308374,0.0016843334531081568,34.063774333453104,-118.54731316057054,34.063774333453104,-118.54324683942947,34.06040566654689,-118.54324683942947,34.06040566654689,-118.54731316057054,0.140625,202,0.25720000000000004,682.1331787109375,10,1.6399999856948853,0.0,0.004780000075697899,24.0,287.3999938964844,292.1000061035156,4.800000190734863,59.0
34.06216,-118.62069,367.0,0.36,0.57,2025-01-08,902,N21,VIIRS,h,2.0NRT,301.68,13.24,N,2025-01-08 09:02:00,0.00203316224991488,0.0016843334531081568,34.063844333453105,-118.62272316224991,34.063844333453105,-118.61865683775008,34.06047566654689,-118.61865683775008,34.06047566654689,-118.62272316224991,0.140625,342,0.2404,13.87864875793457,10,1.7100000381469727,0.0,0.004540000110864639,18.0,286.5,290.1000061035156,5.099999904632568,67.0
34.06228,-118.55,367.0,0.36,0.57,2025-01-08,902,N21,VIIRS,h,2.0NRT,285.63,6.75,N,2025-01-08 09:02:00,0.0020331651288724674,0.0016843334531081568,34.06396433345311,-118.55203316512888,34.06396433345311,-118.54796683487112,34.060595666546895,-118.54796683487112,34.060595666546895,-118.55203316512888,0.140625,225,0.2838,445.96746826171875,10,1.6399999856948853,0.0,0.004780000075697899,24.0,287.3999938964844,292.1000061035156,4.800000190734863,59.0
34.06237,-118.5492,347.38,0.36,0.57,2025-01-08,902,N21,VIIRS,n,2.0NRT,284.84,5.01,N,2025-01-08 09:02:00,0.002033167288101861,0.0016843334531081568,34.06405433345311,-118.5512331672881,34.06405433345311,-118.5471668327119,34.060685666546895,-118.5471668327119,34.060685666546895,-118.5512331672881,0.140625,225,0.2838,445.96746826171875,10,1.6399999856948853,0.0,0.004780000075697899,24.0,287.3999938964844,292.1000061035156,4.800000190734863,59.0
34.06247,-118.62486,353.85,0.36,0.57,2025-01-08,902,N21,VIIRS,n,2.0NRT,299.41,13.24,N,2025-01-08 09:02:00,0.002033169687256895,0.0016843334531081568,34.064154333453104,-118.62689316968725,34.064154333453104,-118.62282683031275,34.06078566654689,-118.62282683031275,34.06078566654689,-118.62689316968725,0.140625,342,0.2404,13.87864875793457,10,1.7100000381469727,0.0,0.004540000110864639,18.0,286.5,290.1000061035156,5.099999904632568,67.0
34.06254,-118.55392,367.0,0.36,0.57,2025-01-08,902,N21,VIIRS,h,2.0NRT,288.59,14.72,N,2025-01-08 09:02:00,0.0020331713666724726,0.0016843334531081568,34.064224333453105,-118.55595317136668,34.064224333453105,-118.55188682863333,34.06085566654689,-118.55188682863333,34.06085566654689,-118.55595317136668,0.140625,225,0.2838,445.96746826171875,10,1.6399999856948853,0.0,0.004780000075697899,24.0,287.3999938964844,292.1000061035156,4.800000190734863,59.0
34.06266,-118.55314,367.0,0.36,0.57,2025-01-08,902,N21,VIIRS,h,2.0NRT,287.49,12.85,N,2025-01-08 09:02:00,0.0020331742456841206,0.0016843334531081568,34.06434433345311,-118.55517317424568,34.06434433345311,-118.55110682575432,34.060975666546895,-118.55110682575432,34.060975666546895,-118.55517317424568,0.140625,225,0.2838,445.96746826171875,10,1.6399999856948853,0.0,0.004780000075697899,24.0,287.3999938964844,292.1000061035156,4.800000190734863,59.0
34.06276,-118.62909,367.0,0.36,0.57,2025-01-08,902,N21,VIIRS,h,2.0NRT,305.84,25.75,N,2025-01-08 09:02:00,0.0020331766448735355,0.0016843334531081568,34.0644443334531,-118.63112317664488,34.0644443334531,-118.62705682335513,34.06107566654689,-118.62705682335513,34.06107566654689,-118.63112317664488,0.140625,234,0.2489,44.875553131103516,10,1.7100000381469727,0.0,0.004540000110864639,18.0,286.5,290.1000061035156,5.099999904632568,67.0
34.06277,-118.55746,367.0,0.36,0.57,2025-01-08,902,N21,VIIRS,h,2.0NRT,296.63,14.72,N,2025-01-08 09:02:00,0.002033176884793129,0.0016843334531081568,34.06445433345311,-118.5594931768848,34.06445433345311,-118.55542682311521,34.061085666546894,-118.55542682311521,34.061085666546894,-118.5594931768848,0.140625,212,0.22640000000000002,25.29782485961914,10,1.6399999856948853,0.0,0.004780000075697899,24.0,287.3999938964844,292.1000061035156,4.800000190734863,59.0
34.06292,-118.55677,367.0,0.36,0.57,2025-01-08,902,N21,VIIRS,h,2.0NRT,295.7,12.85,N,2025-01-08 09:02:00,0.0020331804836012587,0.0016843334531081568,34.064604333453104,-118.55880318048361,34.064604333453104,-118.55473681951639,34.06123566654689,-118.55473681951639,34.06123566654689,-118.55880318048361,0.140625,212,0.22640000000000002,25.29782485961914,10,1.6399999856948853,0.0,0.004780000075697899,24.0,287.3999938964844,292.1000061035156,4.800000190734863,59.0
34.063,-118.56102,349.26,0.36,0.57,2025-01-08,902,N21,VIIRS,n,2.0NRT,309.33,56.28,N,2025-01-08 09:02:00,0.002033182402976502,0.0016843334531081568,34.06468433345311,-118.56305318240298,34.06468433345311,-118.55898681759702,34.061315666546896,-118.55898681759702,34.061315666546896,-118.56305318240298,0.140625,212,0.22640000000000002,25.29782485961914,10,1.6399999856948853,0.0,0.004780000075697899,24.0,287.3999938964844,292.1000061035156,4.800000190734863,59.0
34.0631,-118.63383,352.43,0.36,0.57,2025-01-08,902,N21,VIIRS,n,2.0NRT,312.58,25.75,N,2025-01-08 09:02:00,0.002033184802206226,0.0016843334531081568,34.064784333453105,-118.6358631848022,34.064784333453105,-118.6317968151978,34.06141566654689,-118.6317968151978,34.06141566654689,-118.6358631848022,0.140625,234,0.2489,44.875553131103516,10,1.7100000381469727,0.0,0.004540000110864639,18.0,286.5,290.1000061035156,5.099999904632568,67.0
34.06317,-118.56033,336.65,0.36,0.57,2025-01-08,902,N21,VIIRS,n,2.0NRT,308.78,53.93,N,2025-01-08 09:02:00,0.002033186481674087,0.0016843334531081568,34.064854333453106,-118.56236318648166,34.064854333453106,-118.55829681351833,34.06148566654689,-118.55829681351833,34.06148566654689,-118.56236318648166,0.140625,212,0.22640000000000002,25.29782485961914,10,1.6399999856948853,0.0,0.004780000075697899,24.0,287.3999938964844,292.1000061035156,4.800000190734863,59.0
34.0634,-118.63799,367.0,0.36,0.57,2025-01-08,902,N21,VIIRS,h,2.0NRT,288.11,42.03,N,2025-01-08 09:02:00,0.0020331919999665334,0.0016843334531081568,34.06508433345311,-118.64002319199997,34.06508433345311,-118.63595680800003,34.061715666546895,-118.63595680800003,34.061715666546895,-118.64002319199997,0.140625,355,0.2233,49.535037994384766,10,1.7100000381469727,0.0,0.004540000110864639,18.0,286.5,290.1000061035156,5.099999904632568,67.0
34.06345,-118.56774,354.57,0.36,0.57,2025-01-08,902,N21,VIIRS,n,2.0NRT,310.4,35.09,N,2025-01-08 09:02:00,0.002033193199603625,0.0016843334531081568,34.06513433345311,-118.56977319319961,34.06513433345311,-118.56570680680039,34.0617656665469,-118.56570680680039,34.0617656665469,-118.56977319319961,0.140625,305,0.17880000000000001,9.602179527282715,10,1.6399999856948853,0.0,0.004780000075697899,24.0,287.3999938964844,292.1000061035156,4.800000190734863,59.0
34.06363,-118.6413,336.31,0.36,0.57,2025-01-08,902,N21,VIIRS,n,2.0NRT,284.96,42.03,N,2025-01-08 09:02:00,0.0020331975183216972,0.0016843334531081568,34.06531433345311,-118.64333319751832,34.06531433345311,-118.63926680248169,34.0619456665469,-118.63926680248169,34.0619456665469,-118.64333319751832,0.140625,355,0.2233,49.535037994384766,10,1.7100000381469727,0.0,0.004540000110864639,18.0,286.5,290.1000061035156,5.099999904632568,67.0
34.06365,-118.5671,354.59,0.36,0.57,2025-01-08,902,N21,VIIRS,n,2.0NRT,316.83,37.55,N,2025-01-08 09:02:00,0.0020331979981816324,0.0016843334531081568,34.06533433345311,-118.56913319799818,34.06533433345311,-118.56506680200181,34.0619656665469,-118.56506680200181,34.0619656665469,-118.56913319799818,0.140625,305,0.17880000000000001,9.602179527282715,10,1.6399999856948853,0.0,0.004780000075697899,24.0,287.3999938964844,292.1000061035156,4.800000190734863,59.0
34.06367,-118.57128,367.0,0.36,0.57,2025-01-08,902,N21,VIIRS,h,2.0NRT,302.12,35.09,N,2025-01-08 09:02:00,0.0020331984780420412,0.0016843334531081568,34.06535433345311,-118.57331319847805,34.06535433345311,-118.56924680152196,34.061985666546896,-118.56924680152196,34.061985666546896,-118.57331319847805,0.140625,305,0.17880000000000001,9.602179527282715,10,1.6399999856948853,0.0,0.004780000075697899,24.0,287.3999938964844,292.1000061035156,4.800000190734863,59.0
34.06382,-118.49307,299.0,0.35,0.57,2025-01-08,902,N21,VIIRS,n,2.0NRT,282.94,0.77,N,2025-01-08 09:02:00,0.002033202077010226,0.0016843334531081568,34.065504333453106,-118.49510320207702,34.065504333453106,-118.49103679792299,34.062135666546894,-118.49103679792299,34.062135666546894,-118.49510320207702,0.140625,134,0.3778,627.947998046875,10,1.850000023841858,0.0,0.004910000134259462,24.0,286.79998779296875,293.6000061035156,4.699999809265137,50.0
34.06384,-118.4962,300.73,0.35,0.57,2025-01-08,902,N21,VIIRS,n,2.0NRT,283.18,1.02,N,2025-01-08 09:02:00,0.002033202556874666,0.0016843334531081568,34.065524333453105,-118.49823320255688,34.065524333453105,-118.49416679744313,34.06215566654689,-118.49416679744313,34.06215566654689,-118.49823320255688,0.140625,134,0.3778,627.947998046875,10,1.850000023841858,0.0,0.004910000134259462,24.0,286.79998779296875,293.6000061035156,4.699999809265137,50.0
34.06385,-118.64439,327.86,0.36,0.57,2025-01-08,902,N21,VIIRS,n,2.0NRT,284.06,18.61,N,2025-01-08 09:02:00,0.0020332027968070644,0.0016843334531081568,34.06553433345311,-118.64642320279681,34.06553433345311,-118.64235679720319,34.062165666546896,-118.64235679720319,34.062165666546896,-118.64642320279681,0.140625,355,0.2233,49.535037994384766,10,1.7100000381469727,0.0,0.004540000110864639,18.0,286.5,290.1000061035156,5.099999904632568,67.0
34.0639,-118.57056,367.0,0.36,0.57,2025-01-08,902,N21,VIIRS,h,2.0NRT,303.85,37.55,N,2025-01-08 09:02:00,0.0020332039964708324,0.0016843334531081568,34.0655843334531,-118.57259320399648,34.0655843334531,-118.56852679600352,34.06221566654689,-118.56852679600352,34.06221566654689,-118.57259320399648,0.140625,305,0.17880000000000001,9.602179527282715,10,1.6399999856948853,0.0,0.004780000075697899,24.0,287.3999938964844,292.1000061035156,4.800000190734863,59.0
34.06396,-118.57568,334.46,0.36,0.57,2025-01-08,902,N21,VIIRS,n,2.0NRT,286.36,20.16,N,2025-01-08 09:02:00,0.0020332054360712665,0.0016843334531081568,34.06564433345311,-118.57771320543608,34.06564433345311,-118.57364679456393,34.062275666546896,-118.57364679456393,34.062275666546896,-118.57771320543608,0.140625,358,0.202,0.0,10,1.6399999856948853,0.0,0.004780000075697899,24.0,287.3999938964844,292.1000061035156,4.800000190734863,59.0
34.06407,-118.49687,301.52,0.35,0.57,2025-01-08,902,N21,VIIRS,n,2.0NRT,283.49,0.77,N,2025-01-08 09:02:00,0.002033208075349815,0.0016843334531081568,34.06575433345311,-118.49890320807535,34.06575433345311,-118.49483679192466,34.062385666546895,-118.49483679192466,34.062385666546895,-118.49890320807535,0.140625,134,0.3778,627.947998046875,10,1.850000023841858,0.0,0.004910000134259462,24.0,286.79998779296875,293.6000061035156,4.699999809265137,50.0
34.0641,-118.64796,320.75,0.36,0.58,2025-01-08,902,N21,VIIRS,n,2.0NRT,282.61,18.61,N,2025-01-08 09:02:00,0.0020332087951555455,0.0016843334531081568,34.06578433345311,-118.64999320879515,34.06578433345311,-118.64592679120484,34.0624156665469,-118.64592679120484,34.0624156665469,-118.64999320879515,0.140625,349,0.2144,70.69699096679688,50,1.7100000381469727,0.0,0.004540000110864639,18.0,286.5,290.1000061035156,5.099999904632568,67.0
34.0641,-118.49982,305.51,0.35,0.57,2025-01-08,902,N21,VIIRS,n,2.0NRT,283.29,5.06,N,2025-01-08 09:02:00,0.0020332087951555455,0.0016843334531081568,34.06578433345311,-118.50185320879515,34.06578433345311,-118.49778679120485,34.0624156665469,-118.49778679120485,34.0624156665469,-118.50185320879515,0.140625,134,0.3778,627.947998046875,10,1.850000023841858,0.0,0.004910000134259462,24.0,286.79998779296875,293.6000061035156,4.699999809265137,50.0
34.0642,-118.57475,354.5,0.36,0.57,2025-01-08,902,N21,VIIRS,n,2.0NRT,288.98,18.5,N,2025-01-08 09:02:00,0.002033211194515686,0.0016843334531081568,34.065884333453106,-118.57678321119451,34.065884333453106,-118.57271678880548,34.062515666546894,-118.57271678880548,34.062515666546894,-118.57678321119451,0.140625,358,0.202,0.0,10,1.6399999856948853,0.0,0.004780000075697899,24.0,287.3999938964844,292.1000061035156,4.800000190734863,59.0
34.06425,-118.58015,324.08,0.36,0.57,2025-01-08,902,N21,VIIRS,n,2.0NRT,286.59,20.16,N,2025-01-08 09:02:00,0.0020332123942002032,0.0016843334531081568,34.06593433345311,-118.5821832123942,34.06593433345311,-118.57811678760581,34.062565666546895,-118.57811678760581,34.062565666546895,-118.5821832123942,0.140625,358,0.202,0.0,10,1.6399999856948853,0.0,0.004780000075697899,24.0,287.3999938964844,292.1000061035156,4.800000190734863,59.0
34.06431,-118.50049,306.86,0.35,0.57,2025-01-08,902,N21,VIIRS,n,2.0NRT,283.47,6.05,N,2025-01-08 09:02:00,0.002033213833825536,0.0016843334531081568,34.065994333453105,-118.50252321383383,34.065994333453105,-118.49845678616617,34.06262566654689,-118.49845678616617,34.06262566654689,-118.50252321383383,0.140625,134,0.3778,627.947998046875,10,1.850000023841858,0.0,0.004910000134259462,24.0,286.79998779296875,293.6000061035156,4.699999809265137,50.0
34.06436,-118.50349,334.07,0.35,0.57,2025-01-08,902,N21,VIIRS,n,2.0NRT,285.86,5.06,N,2025-01-08 09:02:00,0.0020332150335165737,0.0016843334531081568,34.06604433345311,-118.50552321503352,34.06604433345311,-118.50145678496648,34.062675666546895,-118.50145678496648,34.062675666546895,-118.50552321503352,0.140625,157,0.3778,503.0071716308594,10,1.850000023841858,0.0,0.004910000134259462,24.0,286.79998779296875,293.6000061035156,4.699999809265137,50.0
34.06438,-118.65194,313.8,0.36,0.58,2025-01-08,902,N21,VIIRS,n,2.0NRT,282.08,5.73,N,2025-01-08 09:02:00,0.002033215513393819,0.0016843334531081568,34.066064333453106,-118.65397321551339,34.066064333453106,-118.6499067844866,34.062695666546894,-118.6499067844866,34.062695666546894,-118.65397321551339,0.140625,349,0.2144,70.69699096679688,50,1.7100000381469727,0.0,0.004540000110864639,18.0,286.5,290.1000061035156,5.099999904632568,67.0
34.06451,-118.57909,323.54,0.36,0.57,2025-01-08,902,N21,VIIRS,n,2.0NRT,285.51,18.5,N,2025-01-08 09:02:00,0.002033218632607472,0.0016843334531081568,34.066194333453105,-118.5811232186326,34.066194333453105,-118.57705678136739,34.06282566654689,-118.57705678136739,34.06282566654689,-118.5811232186326,0.140625,358,0.202,0.0,10,1.6399999856948853,0.0,0.004780000075697899,24.0,287.3999938964844,292.1000061035156,4.800000190734863,59.0
34.06455,-118.50412,342.38,0.35,0.57,2025-01-08,902,N21,VIIRS,n,2.0NRT,286.7,6.05,N,2025-01-08 09:02:00,0.00203321959236955,0.0016843334531081568,34.0662343334531,-118.50615321959236,34.0662343334531,-118.50208678040764,34.06286566654689,-118.50208678040764,34.06286566654689,-118.50615321959236,0.140625,157,0.3778,503.0071716308594,10,1.850000023841858,0.0,0.004910000134259462,24.0,286.79998779296875,293.6000061035156,4.699999809265137,50.0
34.06456,-118.58495,355.75,0.36,0.57,2025-01-08,902,N21,VIIRS,n,2.0NRT,292.83,47.16,N,2025-01-08 09:02:00,0.002033219832310366,0.0016843334531081568,34.066244333453106,-118.58698321983232,34.066244333453106,-118.5829167801677,34.062875666546894,-118.5829167801677,34.062875666546894,-118.58698321983232,0.140625,357,0.24050000000000002,12.934670448303223,10,1.5299999713897705,0.0,0.004559999797493219,24.0,287.8999938964844,292.79998779296875,5.0,55.0
34.06462,-118.50713,367.0,0.35,0.57,2025-01-08,902,N21,VIIRS,h,2.0NRT,303.4,13.12,N,2025-01-08 09:02:00,0.002033221271957752,0.0016843334531081568,34.066304333453104,-118.50916322127196,34.066304333453104,-118.50509677872805,34.06293566654689,-118.50509677872805,34.06293566654689,-118.50916322127196,0.140625,157,0.3778,503.0071716308594,10,1.850000023841858,0.0,0.004910000134259462,24.0,286.79998779296875,293.6000061035156,4.699999809265137,50.0
34.06464,-118.65569,305.99,0.36,0.58,2025-01-08,902,N21,VIIRS,n,2.0NRT,282.8,5.73,N,2025-01-08 09:02:00,0.0020332217518411627,0.0016843334531081568,34.0663243334531,-118.65772322175185,34.0663243334531,-118.65365677824816,34.06295566654689,-118.65365677824816,34.06295566654689,-118.65772322175185,0.140625,367,0.2525,19.577390670776367,10,1.7100000381469727,0.0,0.004540000110864639,18.0,286.5,290.1000061035156,5.099999904632568,67.0
34.06479,-118.50781,367.0,0.36,0.57,2025-01-08,902,N21,VIIRS,h,2.0NRT,303.7,12.08,N,2025-01-08 09:02:00,0.002033225350981859,0.0016843334531081568,34.06647433345311,-118.50984322535099,34.06647433345311,-118.50577677464902,34.063105666546896,-118.50577677464902,34.063105666546896,-118.50984322535099,0.140625,157,0.3778,503.0071716308594,10,1.850000023841858,0.0,0.004910000134259462,24.0,286.79998779296875,293.6000061035156,4.699999809265137,50.0
34.06482,-118.58883,367.0,0.36,0.57,2025-01-08,902,N21,VIIRS,h,2.0NRT,295.31,47.16,N,2025-01-08 09:02:00,0.002033226070813199,0.0016843334531081568,34.0665043334531,-118.59086322607081,34.0665043334531,-118.5867967739292,34.06313566654689,-118.5867967739292,34.06313566654689,-118.59086322607081,0.140625,357,0.24050000000000002,12.934670448303223,10,1.5299999713897705,0.0,0.004559999797493219,24.0,287.8999938964844,292.79998779296875,5.0,55.0
34.06487,-118.58395,367.0,0.36,0.57,2025-01-08,902,N21,VIIRS,h,2.0NRT,292.99,49.02,N,2025-01-08 09:02:00,0.0020332272705344714,0.0016843334531081568,34.066554333453105,-118.58598322727053,34.066554333453105,-118.58191677272947,34.06318566654689,-118.58191677272947,34.06318566654689,-118.58598322727053,0.140625,357,0.24050000000000002,12.934670448303223,10,1.5299999713897705,0.0,0.004559999797493219,24.0,287.8999938964844,292.79998779296875,5.0,55.0
34.06489,-118.65921,301.25,0.36,0.58,2025-01-08,902,N21,VIIRS,n,2.0NRT,283.3,1.35,N,2025-01-08 09:02:00,0.0020332277504238106,0.0016843334531081568,34.066574333453104,-118.66124322775043,34.066574333453104,-118.65717677224957,34.06320566654689,-118.65717677224957,34.06320566654689,-118.66124322775043,0.140625,367,0.2525,19.577390670776367,10,1.7100000381469727,0.0,0.004540000110864639,18.0,286.5,290.1000061035156,5.099999904632568,67.0
34.06489,-118.5108,353.9,0.35,0.57,2025-01-08,902,N21,VIIRS,n,2.0NRT,298.85,13.12,N,2025-01-08 09:02:00,0.0020332277504238106,0.0016843334531081568,34.066574333453104,-118.51283322775043,34.066574333453104,-118.50876677224957,34.06320566654689,-118.50876677224957,34.06320566654689,-118.51283322775043,0.140625,170,0.24710000000000001,0.5873138904571533,10,1.850000023841858,0.0,0.004910000134259462,24.0,286.79998779296875,293.6000061035156,4.699999809265137,50.0
34.06501,-118.59169,341.41,0.36,0.57,2025-01-08,902,N21,VIIRS,n,2.0NRT,292.61,12.03,N,2025-01-08 09:02:00,0.002033230629769803,0.0016843334531081568,34.06669433345311,-118.59372323062976,34.06669433345311,-118.58965676937024,34.063325666546895,-118.58965676937024,34.063325666546895,-118.59372323062976,0.140625,420,0.24050000000000002,17.302928924560547,10,1.5299999713897705,0.0,0.004559999797493219,24.0,287.8999938964844,292.79998779296875,5.0,55.0
34.06504,-118.51149,347.27,0.36,0.57,2025-01-08,902,N21,VIIRS,n,2.0NRT,300.18,12.08,N,2025-01-08 09:02:00,0.0020332313496089693,0.0016843334531081568,34.06672433345311,-118.51352323134961,34.06672433345311,-118.50945676865038,34.0633556665469,-118.50945676865038,34.0633556665469,-118.51352323134961,0.140625,170,0.24710000000000001,0.5873138904571533,10,1.850000023841858,0.0,0.004910000134259462,24.0,286.79998779296875,293.6000061035156,4.699999809265137,50.0
34.06515,-118.51443,367.0,0.36,0.57,2025-01-08,902,N21,VIIRS,h,2.0NRT,296.2,9.33,N,2025-01-08 09:02:00,0.002033233989028375,0.0016843334531081568,34.06683433345311,-118.51646323398903,34.06683433345311,-118.51239676601098,34.0634656665469,-118.51239676601098,34.0634656665469,-118.51646323398903,0.140625,170,0.24710000000000001,0.5873138904571533,10,1.850000023841858,0.0,0.004910000134259462,24.0,286.79998779296875,293.6000061035156,4.699999809265137,50.0
34.06516,-118.58805,367.0,0.36,0.57,2025-01-08,902,N21,VIIRS,h,2.0NRT,296.0,49.02,N,2025-01-08 09:02:00,0.0020332342289763046,0.0016843334531081568,34.066844333453105,-118.59008323422897,34.066844333453105,-118.58601676577102,34.06347566654689,-118.58601676577102,34.06347566654689,-118.59008323422897,0.140625,357,0.24050000000000002,12.934670448303223,10,1.5299999713897705,0.0,0.004559999797493219,24.0,287.8999938964844,292.79998779296875,5.0,55.0
34.06519,-118.59454,353.07,0.36,0.57,2025-01-08,902,N21,VIIRS,n,2.0NRT,294.06,12.03,N,2025-01-08 09:02:00,0.0020332349488208067,0.0016843334531081568,34.06687433345311,-118.59657323494882,34.06687433345311,-118.59250676505117,34.063505666546895,-118.59250676505117,34.063505666546895,-118.59657323494882,0.140625,420,0.24050000000000002,17.302928924560547,10,1.5299999713897705,0.0,0.004559999797493219,24.0,287.8999938964844,292.79998779296875,5.0,55.0
34.06527,-118.51509,367.0,0.36,0.57,2025-01-08,902,N21,VIIRS,h,2.0NRT,296.28,9.93,N,2025-01-08 09:02:00,0.0020332368684113614,0.0016843334531081568,34.066954333453104,-118.51712323686841,34.066954333453104,-118.51305676313159,34.06358566654689,-118.51305676313159,34.06358566654689,-118.51712323686841,0.140625,170,0.24710000000000001,0.5873138904571533,10,1.850000023841858,0.0,0.004910000134259462,24.0,286.79998779296875,293.6000061035156,4.699999809265137,50.0
34.06537,-118.59106,346.34,0.36,0.57,2025-01-08,902,N21,VIIRS,n,2.0NRT,292.94,12.44,N,2025-01-08 09:02:00,0.0020332392679102266,0.0016843334531081568,34.06705433345311,-118.59309323926792,34.06705433345311,-118.58902676073208,34.063685666546895,-118.58902676073208,34.063685666546895,-118.59309323926792,0.140625,357,0.24050000000000002,12.934670448303223,10,1.5299999713897705,0.0,0.004559999797493219,24.0,287.8999938964844,292.79998779296875,5.0,55.0
34.0654,-118.59776,367.0,0.36,0.57,2025-01-08,902,N21,VIIRS,h,2.0NRT,295.17,7.38,N,2025-01-08 09:02:00,0.0020332399877621976,0.0016843334531081568,34.0670843334531,-118.59979323998776,34.0670843334531,-118.59572676001223,34.06371566654689,-118.59572676001223,34.06371566654689,-118.59979323998776,0.140625,420,0.24050000000000002,17.302928924560547,10,1.5299999713897705,0.0,0.004559999797493219,24.0,287.8999938964844,292.79998779296875,5.0,55.0
34.06541,-118.51799,345.29,0.36,0.57,2025-01-08,902,N21,VIIRS,n,2.0NRT,286.48,9.33,N,2025-01-08 09:02:00,0.0020332402277130923,0.0016843334531081568,34.067094333453106,-118.52002324022772,34.067094333453106,-118.51595675977228,34.063725666546894,-118.51595675977228,34.063725666546894,-118.52002324022772,0.140625,170,0.24710000000000001,0.5873138904571533,10,1.850000023841858,0.0,0.004910000134259462,24.0,286.79998779296875,293.6000061035156,4.699999809265137,50.0
34.06551,-118.51865,343.18,0.36,0.57,2025-01-08,902,N21,VIIRS,n,2.0NRT,286.38,9.93,N,2025-01-08 09:02:00,0.0020332426272285575,0.0016843334531081568,34.06719433345311,-118.52068324262723,34.06719433345311,-118.51661675737276,34.0638256665469,-118.51661675737276,34.0638256665469,-118.52068324262723,0.140625,170,0.24710000000000001,0.5873138904571533,10,1.850000023841858,0.0,0.004910000134259462,24.0,286.79998779296875,293.6000061035156,4.699999809265137,50.0
34.06557,-118.59391,355.87,0.36,0.57,2025-01-08,902,N21,VIIRS,n,2.0NRT,292.3,12.44,N,2025-01-08 09:02:00,0.0020332440669435276,0.0016843334531081568,34.06725433345311,-118.59594324406694,34.06725433345311,-118.59187675593304,34.063885666546895,-118.59187675593304,34.063885666546895,-118.59594324406694,0.140625,420,0.24050000000000002,17.302928924560547,10,1.5299999713897705,0.0,0.004559999797493219,24.0,287.8999938964844,292.79998779296875,5.0,55.0
34.06563,-118.6013,326.49,0.36,0.57,2025-01-08,902,N21,VIIRS,n,2.0NRT,284.23,7.38,N,2025-01-08 09:02:00,0.0020332455066627664,0.0016843334531081568,34.067314333453105,-118.60333324550666,34.067314333453105,-118.59926675449333,34.06394566654689,-118.59926675449333,34.06394566654689,-118.60333324550666,0.140625,463,0.28090000000000004,15.551650047302246,10,1.5299999713897705,0.0,0.004559999797493219,24.0,287.8999938964844,292.79998779296875,5.0,55.0
34.06567,-118.52154,335.36,0.36,0.57,2025-01-08,902,N21,VIIRS,n,2.0NRT,285.19,4.0,N,2025-01-08 09:02:00,0.002033246466477964,0.0016843334531081568,34.0673543334531,-118.52357324646648,34.0673543334531,-118.51950675353352,34.06398566654689,-118.51950675353352,34.06398566654689,-118.52357324646648,0.140625,188,0.1774,0.6009742021560669,10,1.850000023841858,0.0,0.004910000134259462,24.0,286.79998779296875,293.6000061035156,4.699999809265137,50.0
34.06575,-118.52221,334.41,0.36,0.57,2025-01-08,902,N21,VIIRS,n,2.0NRT,285.32,4.06,N,2025-01-08 09:02:00,0.0020332483861140505,0.0016843334531081568,34.06743433345311,-118.52424324838611,34.06743433345311,-118.52017675161389,34.064065666546895,-118.52017675161389,34.064065666546895,-118.52424324838611,0.140625,188,0.1774,0.6009742021560669,10,1.850000023841858,0.0,0.004910000134259462,24.0,286.79998779296875,293.6000061035156,4.699999809265137,50.0
34.06579,-118.59702,367.0,0.36,0.57,2025-01-08,902,N21,VIIRS,h,2.0NRT,298.33,15.38,N,2025-01-08 09:02:00,0.0020332493459349395,0.0016843334531081568,34.067474333453106,-118.59905324934593,34.067474333453106,-118.59498675065407,34.064105666546894,-118.59498675065407,34.064105666546894,-118.59905324934593,0.140625,482,0.4087,23.05508041381836,10,1.5299999713897705,0.0,0.004559999797493219,24.0,287.8999938964844,292.79998779296875,5.0,55.0
34.06586,-118.6049,336.99,0.36,0.57,2025-01-08,902,N21,VIIRS,n,2.0NRT,289.29,2.73,N,2025-01-08 09:02:00,0.00203325102562606,0.0016843334531081568,34.06754433345311,-118.60693325102562,34.06754433345311,-118.60286674897438,34.064175666546895,-118.60286674897438,34.064175666546895,-118.60693325102562,0.140625,516,0.4539,298.1758117675781,10,1.5299999713897705,0.0,0.004559999797493219,24.0,287.8999938964844,292.79998779296875,5.0,55.0
34.06593,-118.52512,330.32,0.36,0.57,2025-01-08,902,N21,VIIRS,n,2.0NRT,284.7,4.0,N,2025-01-08 09:02:00,0.0020332527053229907,0.0016843334531081568,34.06761433345311,-118.52715325270532,34.06761433345311,-118.52308674729468,34.064245666546896,-118.52308674729468,34.064245666546896,-118.52715325270532,0.140625,282,0.1904,0.6000213027000427,10,1.850000023841858,0.0,0.004910000134259462,24.0,286.79998779296875,293.6000061035156,4.699999809265137,50.0
34.06598,-118.52579,330.05,0.36,0.57,2025-01-08,902,N21,VIIRS,n,2.0NRT,284.35,4.06,N,2025-01-08 09:02:00,0.0020332539051100703,0.0016843334531081568,34.06766433345311,-118.52782325390511,34.06766433345311,-118.52375674609489,34.0642956665469,-118.52375674609489,34.0642956665469,-118.52782325390511,0.140625,282,0.1904,0.6000213027000427,10,1.850000023841858,0.0,0.004910000134259462,24.0,286.79998779296875,293.6000061035156,4.699999809265137,50.0
34.06604,-118.60051,325.94,0.36,0.57,2025-01-08,902,N21,VIIRS,n,2.0NRT,283.93,15.38,N,2025-01-08 09:02:00,0.0020332553448584785,0.0016843334531081568,34.06772433345311,-118.60254325534486,34.06772433345311,-118.59847674465514,34.064355666546895,-118.59847674465514,34.064355666546895,-118.60254325534486,0.140625,516,0.4539,298.1758117675781,10,1.5299999713897705,0.0,0.004559999797493219,24.0,287.8999938964844,292.79998779296875,5.0,55.0
34.0661,-118.60849,331.9,0.36,0.57,2025-01-08,902,N21,VIIRS,n,2.0NRT,285.3,2.73,N,2025-01-08 09:02:00,0.002033256784611155,0.0016843334531081568,34.067784333453105,-118.61052325678462,34.067784333453105,-118.60645674321539,34.06441566654689,-118.60645674321539,34.06441566654689,-118.61052325678462,0.140625,516,0.4539,298.1758117675781,10,1.5299999713897705,0.0,0.004559999797493219,24.0,287.8999938964844,292.79998779296875,5.0,55.0
34.06618,-118.52872,328.89,0.36,0.57,2025-01-08,902,N21,VIIRS,n,2.0NRT,284.95,3.56,N,2025-01-08 09:02:00,0.0020332587042880307,0.0016843334531081568,34.06786433345311,-118.5307532587043,34.06786433345311,-118.52668674129572,34.0644956665469,-118.52668674129572,34.0644956665469,-118.5307532587043,0.140625,315,0.2025,0.6009741425514221,10,1.850000023841858,0.0,0.004910000134259462,24.0,286.79998779296875,293.6000061035156,4.699999809265137,50.0
34.06622,-118.52941,328.75,0.36,0.57,2025-01-08,902,N21,VIIRS,n,2.0NRT,284.52,3.7,N,2025-01-08 09:02:00,0.0020332596641293144,0.0016843334531081568,34.06790433345311,-118.53144325966413,34.06790433345311,-118.52737674033587,34.064535666546895,-118.52737674033587,34.064535666546895,-118.53144325966413,0.140625,315,0.2025,0.6009741425514221,10,1.850000023841858,0.0,0.004910000134259462,24.0,286.79998779296875,293.6000061035156,4.699999809265137,50.0
34.0663,-118.60406,332.63,0.36,0.57,2025-01-08,902,N21,VIIRS,n,2.0NRT,287.68,4.89,N,2025-01-08 09:02:00,0.002033261583817574,0.0016843334531081568,34.067984333453104,-118.60609326158382,34.067984333453104,-118.60202673841619,34.06461566654689,-118.60202673841619,34.06461566654689,-118.60609326158382,0.140625,516,0.4539,298.1758117675781,10,1.5299999713897705,0.0,0.004559999797493219,24.0,287.8999938964844,292.79998779296875,5.0,55.0
34.06633,-118.61211,346.18,0.36,0.57,2025-01-08,902,N21,VIIRS,n,2.0NRT,287.93,6.93,N,2025-01-08 09:02:00,0.0020332623037026274,0.0016843334531081568,34.06801433345311,-118.6141432623037,34.06801433345311,-118.6100767376963,34.064645666546895,-118.6100767376963,34.064645666546895,-118.6141432623037,0.140625,524,0.3655,127.57647705078125,10,1.5299999713897705,0.0,0.004559999797493219,24.0,287.8999938964844,292.79998779296875,5.0,55.0
34.06645,-118.5324,330.24,0.36,0.57,2025-01-08,902,N21,VIIRS,n,2.0NRT,285.38,3.56,N,2025-01-08 09:02:00,0.002033265183253514,0.0016843334531081568,34.06813433345311,-118.53443326518325,34.06813433345311,-118.53036673481674,34.0647656665469,-118.53036673481674,34.0647656665469,-118.53443326518325,0.140625,315,0.2025,0.6009741425514221,10,1.850000023841858,0.0,0.004910000134259462,24.0,286.79998779296875,293.6000061035156,4.699999809265137,50.0
34.06646,-118.5331,330.0,0.36,0.57,2025-01-08,902,N21,VIIRS,n,2.0NRT,285.06,3.7,N,2025-01-08 09:02:00,0.002033265423216859,0.0016843334531081568,34.068144333453105,-118.53513326542323,34.068144333453105,-118.53106673457678,34.06477566654689,-118.53106673457678,34.06477566654689,-118.53513326542323,0.140625,315,0.2025,0.6009741425514221,10,1.850000023841858,0.0,0.004910000134259462,24.0,286.79998779296875,293.6000061035156,4.699999809265137,50.0
34.06654,-118.60763,330.88,0.36,0.57,2025-01-08,902,N21,VIIRS,n,2.0NRT,285.23,4.89,N,2025-01-08 09:02:00,0.0020332673429278845,0.0016843334531081568,34.06822433345311,-118.60966326734292,34.06822433345311,-118.60559673265708,34.0648556665469,-118.60559673265708,34.0648556665469,-118.60966326734292,0.140625,516,0.4539,298.1758117675781,10,1.5299999713897705,0.0,0.004559999797493219,24.0,287.8999938964844,292.79998779296875,5.0,55.0
34.06658,-118.61588,367.0,0.36,0.57,2025-01-08,902,N21,VIIRS,h,2.0NRT,293.3,6.93,N,2025-01-08 09:02:00,0.002033268302786243,0.0016843334531081568,34.06826433345311,-118.61791326830279,34.06826433345311,-118.61384673169722,34.064895666546896,-118.61384673169722,34.064895666546896,-118.61791326830279,0.140625,524,0.3655,127.57647705078125,10,1.5299999713897705,0.0,0.004559999797493219,24.0,287.8999938964844,292.79998779296875,5.0,55.0
34.06671,-118.53688,327.21,0.36,0.57,2025-01-08,902,N21,VIIRS,n,2.0NRT,285.27,4.18,N,2025-01-08 09:02:00,0.0020332714223390124,0.0016843334531081568,34.06839433345311,-118.53891327142233,34.06839433345311,-118.53484672857766,34.065025666546894,-118.53484672857766,34.065025666546894,-118.53891327142233,0.140625,315,0.2025,0.6009741425514221,10,1.850000023841858,0.0,0.004910000134259462,24.0,286.79998779296875,293.6000061035156,4.699999809265137,50.0
34.06672,-118.53616,328.66,0.36,0.57,2025-01-08,902,N21,VIIRS,n,2.0NRT,285.39,3.83,N,2025-01-08 09:02:00,0.00203327166230544,0.0016843334531081568,34.0684043334531,-118.5381932716623,34.0684043334531,-118.5341267283377,34.06503566654689,-118.5341267283377,34.06503566654689,-118.5381932716623,0.140625,315,0.2025,0.6009741425514221,10,1.850000023841858,0.0,0.004910000134259462,24.0,286.79998779296875,293.6000061035156,4.699999809265137,50.0
34.0668,-118.61117,339.34,0.36,0.57,2025-01-08,902,N21,VIIRS,n,2.0NRT,286.88,8.06,N,2025-01-08 09:02:00,0.00203327358204113,0.0016843334531081568,34.06848433345311,-118.61320327358204,34.06848433345311,-118.60913672641796,34.065115666546895,-118.60913672641796,34.065115666546895,-118.61320327358204,0.140625,524,0.3655,127.57647705078125,10,1.5299999713897705,0.0,0.004559999797493219,24.0,287.8999938964844,292.79998779296875,5.0,55.0
34.06683,-118.61979,367.0,0.36,0.57,2025-01-08,902,N21,VIIRS,h,2.0NRT,297.11,11.85,N,2025-01-08 09:02:00,0.0020332743019439705,0.0016843334531081568,34.06851433345311,-118.62182327430195,34.06851433345311,-118.61775672569804,34.0651456665469,-118.61775672569804,34.0651456665469,-118.62182327430195,0.140625,519,0.2692,100.45793151855469,10,1.7100000381469727,0.0,0.004540000110864639,18.0,286.5,290.1000061035156,5.099999904632568,67.0
34.06696,-118.54061,325.6,0.36,0.57,2025-01-08,902,N21,VIIRS,n,2.0NRT,284.54,4.18,N,2025-01-08 09:02:00,0.0020332774215352776,0.0016843334531081568,34.06864433345311,-118.54264327742153,34.06864433345311,-118.53857672257847,34.065275666546896,-118.53857672257847,34.065275666546896,-118.54264327742153,0.140625,315,0.2311,484.39794921875,10,1.6399999856948853,0.0,0.004780000075697899,24.0,287.3999938964844,292.1000061035156,4.800000190734863,59.0
34.06699,-118.5399,325.94,0.36,0.57,2025-01-08,902,N21,VIIRS,n,2.0NRT,284.65,3.83,N,2025-01-08 09:02:00,0.0020332781414438097,0.0016843334531081568,34.0686743334531,-118.54193327814144,34.0686743334531,-118.53786672185856,34.06530566654689,-118.53786672185856,34.06530566654689,-118.54193327814144,0.140625,315,0.2311,484.39794921875,10,1.6399999856948853,0.0,0.004780000075697899,24.0,287.3999938964844,292.1000061035156,4.800000190734863,59.0
34.06707,-118.61488,367.0,0.36,0.57,2025-01-08,902,N21,VIIRS,h,2.0NRT,292.12,8.06,N,2025-01-08 09:02:00,0.0020332800612051127,0.0016843334531081568,34.06875433345311,-118.6169132800612,34.06875433345311,-118.6128467199388,34.065385666546895,-118.6128467199388,34.065385666546895,-118.6169132800612,0.140625,524,0.3655,127.57647705078125,10,1.5299999713897705,0.0,0.004559999797493219,24.0,287.8999938964844,292.79998779296875,5.0,55.0
34.06709,-118.62368,367.0,0.36,0.57,2025-01-08,902,N21,VIIRS,h,2.0NRT,301.83,11.85,N,2025-01-08 09:02:00,0.0020332805411466246,0.0016843334531081568,34.068774333453106,-118.62571328054113,34.068774333453106,-118.62164671945885,34.065405666546894,-118.62164671945885,34.065405666546894,-118.62571328054113,0.140625,519,0.2692,100.45793151855469,10,1.7100000381469727,0.0,0.004540000110864639,18.0,286.5,290.1000061035156,5.099999904632568,67.0
34.0672,-118.54435,321.89,0.36,0.57,2025-01-08,902,N21,VIIRS,n,2.0NRT,283.85,6.75,N,2025-01-08 09:02:00,0.002033283180833417,0.0016843334531081568,34.068884333453106,-118.54638328318083,34.068884333453106,-118.54231671681916,34.065515666546894,-118.54231671681916,34.065515666546894,-118.54638328318083,0.140625,315,0.2311,484.39794921875,10,1.6399999856948853,0.0,0.004780000075697899,24.0,287.3999938964844,292.1000061035156,4.800000190734863,59.0
34.06726,-118.5436,322.49,0.36,0.57,2025-01-08,902,N21,VIIRS,n,2.0NRT,283.73,5.01,N,2025-01-08 09:02:00,0.002033284620668624,0.0016843334531081568,34.0689443334531,-118.54563328462066,34.0689443334531,-118.54156671537933,34.06557566654689,-118.54156671537933,34.06557566654689,-118.54563328462066,0.140625,315,0.2311,484.39794921875,10,1.6399999856948853,0.0,0.004780000075697899,24.0,287.3999938964844,292.1000061035156,4.800000190734863,59.0
34.06733,-118.61869,367.0,0.36,0.57,2025-01-08,902,N21,VIIRS,h,2.0NRT,295.86,12.83,N,2025-01-08 09:02:00,0.002033286300481762,0.0016843334531081568,34.069014333453104,-118.62072328630049,34.069014333453104,-118.61665671369951,34.06564566654689,-118.61665671369951,34.06564566654689,-118.62072328630049,0.140625,519,0.2692,100.45793151855469,10,1.7100000381469727,0.0,0.004540000110864639,18.0,286.5,290.1000061035156,5.099999904632568,67.0
34.06735,-118.62776,354.24,0.36,0.57,2025-01-08,902,N21,VIIRS,n,2.0NRT,305.0,223.92,N,2025-01-08 09:02:00,0.0020332867804294394,0.0016843334531081568,34.069034333453104,-118.62979328678043,34.069034333453104,-118.62572671321956,34.06566566654689,-118.62572671321956,34.06566566654689,-118.62979328678043,0.140625,369,0.2273,44.1246223449707,10,1.7100000381469727,0.0,0.004540000110864639,18.0,286.5,290.1000061035156,5.099999904632568,67.0
34.06747,-118.54837,318.26,0.36,0.57,2025-01-08,902,N21,VIIRS,n,2.0NRT,284.92,6.75,N,2025-01-08 09:02:00,0.002033289660125468,0.0016843334531081568,34.069154333453106,-118.55040328966012,34.069154333453106,-118.54633671033989,34.065785666546894,-118.54633671033989,34.065785666546894,-118.55040328966012,0.140625,335,0.278,1099.7293701171875,50,1.6399999856948853,0.0,0.004780000075697899,24.0,287.3999938964844,292.1000061035156,4.800000190734863,59.0
34.06755,-118.54755,317.9,0.36,0.57,2025-01-08,902,N21,VIIRS,n,2.0NRT,284.6,5.01,N,2025-01-08 09:02:00,0.002033291579932306,0.0016843334531081568,34.0692343334531,-118.54958329157994,34.0692343334531,-118.54551670842007,34.06586566654689,-118.54551670842007,34.06586566654689,-118.54958329157994,0.140625,335,0.278,1099.7293701171875,50,1.6399999856948853,0.0,0.004780000075697899,24.0,287.3999938964844,292.1000061035156,4.800000190734863,59.0
34.06761,-118.62254,367.0,0.36,0.57,2025-01-08,902,N21,VIIRS,h,2.0NRT,301.21,12.83,N,2025-01-08 09:02:00,0.002033293019792416,0.0016843334531081568,34.06929433345311,-118.6245732930198,34.06929433345311,-118.62050670698021,34.065925666546896,-118.62050670698021,34.065925666546896,-118.6245732930198,0.140625,519,0.2692,100.45793151855469,10,1.7100000381469727,0.0,0.004540000110864639,18.0,286.5,290.1000061035156,5.099999904632568,67.0
34.06765,-118.63249,337.06,0.36,0.57,2025-01-08,902,N21,VIIRS,n,2.0NRT,312.27,223.92,N,2025-01-08 09:02:00,0.002033293979701527,0.0016843334531081568,34.06933433345311,-118.63452329397971,34.06933433345311,-118.6304567060203,34.065965666546894,-118.6304567060203,34.065965666546894,-118.63452329397971,0.140625,369,0.2273,44.1246223449707,10,1.7100000381469727,0.0,0.004540000110864639,18.0,286.5,290.1000061035156,5.099999904632568,67.0
34.06775,-118.55262,323.56,0.36,0.57,2025-01-08,902,N21,VIIRS,n,2.0NRT,284.99,14.72,N,2025-01-08 09:02:00,0.0020332963794826063,0.0016843334531081568,34.0694343334531,-118.55465329637948,34.0694343334531,-118.55058670362052,34.06606566654689,-118.55058670362052,34.06606566654689,-118.55465329637948,0.140625,335,0.278,1099.7293701171875,50,1.6399999856948853,0.0,0.004780000075697899,24.0,287.3999938964844,292.1000061035156,4.800000190734863,59.0
34.06785,-118.55176,322.53,0.36,0.57,2025-01-08,902,N21,VIIRS,n,2.0NRT,285.24,12.85,N,2025-01-08 09:02:00,0.002033298779275544,0.0016843334531081568,34.069534333453106,-118.55379329877928,34.069534333453106,-118.54972670122072,34.066165666546894,-118.54972670122072,34.066165666546894,-118.55379329877928,0.140625,335,0.278,1099.7293701171875,50,1.6399999856948853,0.0,0.004780000075697899,24.0,287.3999938964844,292.1000061035156,4.800000190734863,59.0
34.06789,-118.62655,367.0,0.36,0.57,2025-01-08,902,N21,VIIRS,h,2.0NRT,303.29,168.79,N,2025-01-08 09:02:00,0.00203329973919604,0.0016843334531081568,34.069574333453104,-118.62858329973919,34.069574333453104,-118.6245167002608,34.06620566654689,-118.6245167002608,34.06620566654689,-118.62858329973919,0.140625,519,0.2692,100.45793151855469,10,1.7100000381469727,0.0,0.004540000110864639,18.0,286.5,290.1000061035156,5.099999904632568,67.0
34.06796,-118.63723,367.0,0.36,0.57,2025-01-08,902,N21,VIIRS,h,2.0NRT,295.03,0.0,N,2025-01-08 09:02:00,0.002033301419061472,0.0016843334531081568,34.069644333453105,-118.63926330141906,34.069644333453105,-118.63519669858094,34.06627566654689,-118.63519669858094,34.06627566654689,-118.63926330141906,0.140625,420,0.2543,45.71382522583008,10,1.7100000381469727,0.0,0.004540000110864639,18.0,286.5,290.1000061035156,5.099999904632568,67.0
34.06802,-118.55681,352.3,0.36,0.57,2025-01-08,902,N21,VIIRS,n,2.0NRT,292.35,14.72,N,2025-01-08 09:02:00,0.0020333028589507537,0.0016843334531081568,34.0697043334531,-118.55884330285895,34.0697043334531,-118.55477669714105,34.06633566654689,-118.55477669714105,34.06633566654689,-118.55884330285895,0.140625,258,0.2856,989.7855224609375,10,1.6399999856948853,0.0,0.004780000075697899,24.0,287.3999938964844,292.1000061035156,4.800000190734863,59.0
34.06816,-118.55598,353.95,0.36,0.57,2025-01-08,902,N21,VIIRS,n,2.0NRT,289.65,12.85,N,2025-01-08 09:02:00,0.002033306218709012,0.0016843334531081568,34.069844333453105,-118.55801330621871,34.069844333453105,-118.5539466937813,34.06647566654689,-118.5539466937813,34.06647566654689,-118.55801330621871,0.140625,258,0.2856,989.7855224609375,10,1.6399999856948853,0.0,0.004780000075697899,24.0,287.3999938964844,292.1000061035156,4.800000190734863,59.0
34.0682,-118.64095,367.0,0.36,0.58,2025-01-08,902,N21,VIIRS,h,2.0NRT,288.1,0.0,N,2025-01-08 09:02:00,0.002033307178644212,0.0016843334531081568,34.0698843334531,-118.64298330717865,34.0698843334531,-118.63891669282135,34.06651566654689,-118.63891669282135,34.06651566654689,-118.64298330717865,0.140625,420,0.2543,45.71382522583008,10,1.7100000381469727,0.0,0.004540000110864639,18.0,286.5,290.1000061035156,5.099999904632568,67.0
34.06821,-118.63097,343.04,0.36,0.57,2025-01-08,902,N21,VIIRS,n,2.0NRT,311.19,168.79,N,2025-01-08 09:02:00,0.0020333074186283085,0.0016843334531081568,34.06989433345311,-118.63300330741863,34.06989433345311,-118.62893669258138,34.066525666546895,-118.62893669258138,34.066525666546895,-118.63300330741863,0.140625,369,0.2273,44.1246223449707,10,1.7100000381469727,0.0,0.004540000110864639,18.0,286.5,290.1000061035156,5.099999904632568,67.0
34.06831,-118.56111,367.0,0.36,0.57,2025-01-08,902,N21,VIIRS,h,2.0NRT,294.46,56.28,N,2025-01-08 09:02:00,0.0020333098184757963,0.0016843334531081568,34.0699943334531,-118.56314330981847,34.0699943334531,-118.55907669018153,34.06662566654689,-118.55907669018153,34.06662566654689,-118.56314330981847,0.140625,258,0.2856,989.7855224609375,10,1.6399999856948853,0.0,0.004780000075697899,24.0,287.3999938964844,292.1000061035156,4.800000190734863,59.0
34.06841,-118.6442,353.24,0.36,0.58,2025-01-08,902,N21,VIIRS,n,2.0NRT,286.56,28.37,N,2025-01-08 09:02:00,0.0020333122183351423,0.0016843334531081568,34.070094333453106,-118.64623331221833,34.070094333453106,-118.64216668778167,34.066725666546894,-118.64216668778167,34.066725666546894,-118.64623331221833,0.140625,420,0.2543,45.71382522583008,10,1.7100000381469727,0.0,0.004540000110864639,18.0,286.5,290.1000061035156,5.099999904632568,67.0
34.06847,-118.56038,367.0,0.36,0.57,2025-01-08,902,N21,VIIRS,h,2.0NRT,292.72,53.93,N,2025-01-08 09:02:00,0.0020333136582564417,0.0016843334531081568,34.070154333453104,-118.56241331365825,34.070154333453104,-118.55834668634174,34.06678566654689,-118.55834668634174,34.06678566654689,-118.56241331365825,0.140625,258,0.2856,989.7855224609375,10,1.6399999856948853,0.0,0.004780000075697899,24.0,287.3999938964844,292.1000061035156,4.800000190734863,59.0
34.06854,-118.56474,338.68,0.36,0.57,2025-01-08,902,N21,VIIRS,n,2.0NRT,285.91,56.28,N,2025-01-08 09:02:00,0.002033315338170021,0.0016843334531081568,34.070224333453105,-118.56677331533817,34.070224333453105,-118.56270668466183,34.06685566654689,-118.56270668466183,34.06685566654689,-118.56677331533817,0.140625,284,0.2856,7.91660213470459,10,1.6399999856948853,0.0,0.004780000075697899,24.0,287.3999938964844,292.1000061035156,4.800000190734863,59.0
34.06858,-118.63604,367.0,0.36,0.57,2025-01-08,902,N21,VIIRS,h,2.0NRT,304.76,0.0,N,2025-01-08 09:02:00,0.0020333162981232464,0.0016843334531081568,34.0702643334531,-118.63807331629812,34.0702643334531,-118.63400668370187,34.06689566654689,-118.63400668370187,34.06689566654689,-118.63807331629812,0.140625,369,0.2273,44.1246223449707,10,1.7100000381469727,0.0,0.004540000110864639,18.0,286.5,290.1000061035156,5.099999904632568,67.0
34.06864,-118.64772,331.02,0.36,0.58,2025-01-08,902,N21,VIIRS,n,2.0NRT,283.35,28.37,N,2025-01-08 09:02:00,0.0020333177380566425,0.0016843334531081568,34.07032433345311,-118.64975331773806,34.07032433345311,-118.64568668226195,34.066955666546896,-118.64568668226195,34.066955666546896,-118.64975331773806,0.140625,481,0.2391,47.78097915649414,10,1.7100000381469727,0.0,0.004540000110864639,18.0,286.5,290.1000061035156,5.099999904632568,67.0
34.06874,-118.56408,327.69,0.36,0.57,2025-01-08,902,N21,VIIRS,n,2.0NRT,285.91,53.93,N,2025-01-08 09:02:00,0.0020333201379551225,0.0016843334531081568,34.070424333453104,-118.56611332013796,34.070424333453104,-118.56204667986205,34.06705566654689,-118.56204667986205,34.06705566654689,-118.56611332013796,0.140625,258,0.2856,989.7855224609375,10,1.6399999856948853,0.0,0.004780000075697899,24.0,287.3999938964844,292.1000061035156,4.800000190734863,59.0
34.06877,-118.56816,320.16,0.36,0.57,2025-01-08,902,N21,VIIRS,n,2.0NRT,284.71,35.09,N,2025-01-08 09:02:00,0.0020333208579269794,0.0016843334531081568,34.07045433345311,-118.57019332085794,34.07045433345311,-118.56612667914207,34.067085666546895,-118.56612667914207,34.067085666546895,-118.57019332085794,0.140625,284,0.2856,7.91660213470459,10,1.6399999856948853,0.0,0.004780000075697899,24.0,287.3999938964844,292.1000061035156,4.800000190734863,59.0
34.06879,-118.48848,297.22,0.35,0.57,2025-01-08,902,N21,VIIRS,n,2.0NRT,282.05,0.84,N,2025-01-08 09:02:00,0.0020333213379088097,0.0016843334531081568,34.070474333453106,-118.4905133213379,34.070474333453106,-118.48644667866209,34.067105666546894,-118.48644667866209,34.067105666546894,-118.4905133213379,0.140625,162,0.4758,1338.918212890625,10,1.7999999523162842,0.0,0.005040000192821026,31.0,285.20001220703125,293.8999938964844,4.699999809265137,49.0
34.06886,-118.63991,367.0,0.36,0.57,2025-01-08,902,N21,VIIRS,h,2.0NRT,289.02,0.0,N,2025-01-08 09:02:00,0.0020333230178489533,0.0016843334531081568,34.07054433345311,-118.64194332301786,34.07054433345311,-118.63787667698215,34.067175666546895,-118.63787667698215,34.067175666546895,-118.64194332301786,0.140625,420,0.2543,45.71382522583008,10,1.7100000381469727,0.0,0.004540000110864639,18.0,286.5,290.1000061035156,5.099999904632568,67.0
34.06887,-118.65128,318.19,0.36,0.58,2025-01-08,902,N21,VIIRS,n,2.0NRT,282.13,2.69,N,2025-01-08 09:02:00,0.0020333232578408763,0.0016843334531081568,34.0705543334531,-118.65331332325783,34.0705543334531,-118.64924667674217,34.06718566654689,-118.64924667674217,34.06718566654689,-118.65331332325783,0.140625,481,0.2391,47.78097915649414,10,1.7100000381469727,0.0,0.004540000110864639,18.0,286.5,290.1000061035156,5.099999904632568,67.0
34.06899,-118.56752,318.62,0.36,0.57,2025-01-08,902,N21,VIIRS,n,2.0NRT,284.76,37.55,N,2025-01-08 09:02:00,0.002033326137753207,0.0016843334531081568,34.070674333453105,-118.56955332613775,34.070674333453105,-118.56548667386225,34.06730566654689,-118.56548667386225,34.06730566654689,-118.56955332613775,0.140625,284,0.2856,7.91660213470459,10,1.6399999856948853,0.0,0.004780000075697899,24.0,287.3999938964844,292.1000061035156,4.800000190734863,59.0
34.069,-118.57159,325.64,0.36,0.57,2025-01-08,902,N21,VIIRS,n,2.0NRT,284.83,35.09,N,2025-01-08 09:02:00,0.0020333263777466723,0.0016843334531081568,34.07068433345311,-118.57362332637774,34.07068433345311,-118.56955667362226,34.0673156665469,-118.56955667362226,34.0673156665469,-118.57362332637774,0.140625,284,0.2856,7.91660213470459,10,1.6399999856948853,0.0,0.004780000075697899,24.0,287.3999938964844,292.1000061035156,4.800000190734863,59.0
34.06904,-118.49219,298.68,0.35,0.57,2025-01-08,902,N21,VIIRS,n,2.0NRT,282.87,0.71,N,2025-01-08 09:02:00,0.0020333273377217184,0.0016843334531081568,34.07072433345311,-118.49422332733772,34.07072433345311,-118.49015667266227,34.067355666546895,-118.49015667266227,34.067355666546895,-118.49422332733772,0.140625,162,0.4758,1338.918212890625,10,1.7999999523162842,0.0,0.005040000192821026,31.0,285.20001220703125,293.8999938964844,4.699999809265137,49.0
34.06909,-118.64326,367.0,0.36,0.57,2025-01-08,902,N21,VIIRS,h,2.0NRT,287.45,53.83,N,2025-01-08 09:02:00,0.002033328537693194,0.0016843334531081568,34.07077433345311,-118.64529332853769,34.07077433345311,-118.6412266714623,34.0674056665469,-118.6412266714623,34.0674056665469,-118.64529332853769,0.140625,420,0.2543,45.71382522583008,10,1.7100000381469727,0.0,0.004540000110864639,18.0,286.5,290.1000061035156,5.099999904632568,67.0
34.0691,-118.6548,310.12,0.36,0.58,2025-01-08,902,N21,VIIRS,n,2.0NRT,281.92,2.69,N,2025-01-08 09:02:00,0.0020333287776878447,0.0016843334531081568,34.070784333453105,-118.65683332877768,34.070784333453105,-118.65276667122231,34.06741566654689,-118.65276667122231,34.06741566654689,-118.65683332877768,0.140625,522,0.2391,64.54764556884766,10,1.7100000381469727,0.0,0.004540000110864639,18.0,286.5,290.1000061035156,5.099999904632568,67.0
34.06923,-118.57521,333.95,0.36,0.57,2025-01-08,902,N21,VIIRS,n,2.0NRT,285.18,20.16,N,2025-01-08 09:02:00,0.0020333318976290997,0.0016843334531081568,34.0709143334531,-118.57724333189763,34.0709143334531,-118.57317666810236,34.06754566654689,-118.57317666810236,34.06754566654689,-118.57724333189763,0.140625,401,0.19460000000000002,2.482085704803467,10,1.6399999856948853,0.0,0.004780000075697899,24.0,287.3999938964844,292.1000061035156,4.800000190734863,59.0
34.06923,-118.57091,314.55,0.36,0.57,2025-01-08,902,N21,VIIRS,n,2.0NRT,284.55,37.55,N,2025-01-08 09:02:00,0.0020333318976290997,0.0016843334531081568,34.0709143334531,-118.57294333189763,34.0709143334531,-118.56887666810236,34.06754566654689,-118.56887666810236,34.06754566654689,-118.57294333189763,0.140625,284,0.2856,7.91660213470459,10,1.6399999856948853,0.0,0.004780000075697899,24.0,287.3999938964844,292.1000061035156,4.800000190734863,59.0
34.06929,-118.49599,301.04,0.35,0.57,2025-01-08,902,N21,VIIRS,n,2.0NRT,283.2,0.71,N,2025-01-08 09:02:00,0.002033333337608746,0.0016843334531081568,34.07097433345311,-118.49802333333761,34.07097433345311,-118.4939566666624,34.067605666546896,-118.4939566666624,34.067605666546896,-118.49802333333761,0.140625,174,0.5123,711.595458984375,10,1.850000023841858,0.0,0.004910000134259462,24.0,286.79998779296875,293.6000061035156,4.699999809265137,50.0
34.06932,-118.65821,303.48,0.36,0.58,2025-01-08,902,N21,VIIRS,n,2.0NRT,281.93,0.87,N,2025-01-08 09:02:00,0.00203333405760017,0.0016843334531081568,34.071004333453104,-118.6602433340576,34.071004333453104,-118.6561766659424,34.06763566654689,-118.6561766659424,34.06763566654689,-118.6602433340576,0.140625,522,0.2391,64.54764556884766,10,1.7100000381469727,0.0,0.004540000110864639,18.0,286.5,290.1000061035156,5.099999904632568,67.0
34.06932,-118.49903,303.89,0.35,0.57,2025-01-08,902,N21,VIIRS,n,2.0NRT,283.18,1.81,N,2025-01-08 09:02:00,0.00203333405760017,0.0016843334531081568,34.071004333453104,-118.5010633340576,34.071004333453104,-118.4969966659424,34.06763566654689,-118.4969966659424,34.06763566654689,-118.5010633340576,0.140625,174,0.5123,711.595458984375,10,1.850000023841858,0.0,0.004910000134259462,24.0,286.79998779296875,293.6000061035156,4.699999809265137,50.0
34.06934,-118.64672,336.75,0.36,0.58,2025-01-08,902,N21,VIIRS,n,2.0NRT,283.74,53.83,N,2025-01-08 09:02:00,0.0020333345375950457,0.0016843334531081568,34.0710243334531,-118.6487533345376,34.0710243334531,-118.6446866654624,34.06765566654689,-118.6446866654624,34.06765566654689,-118.6487533345376,0.140625,481,0.2391,47.78097915649414,10,1.7100000381469727,0.0,0.004540000110864639,18.0,286.5,290.1000061035156,5.099999904632568,67.0
34.06948,-118.57906,314.06,0.36,0.57,2025-01-08,902,N21,VIIRS,n,2.0NRT,289.38,20.16,N,2025-01-08 09:02:00,0.002033337897572459,0.0016843334531081568,34.071164333453105,-118.58109333789757,34.071164333453105,-118.57702666210243,34.06779566654689,-118.57702666210243,34.06779566654689,-118.58109333789757,0.140625,401,0.19460000000000002,2.482085704803467,10,1.6399999856948853,0.0,0.004780000075697899,24.0,287.3999938964844,292.1000061035156,4.800000190734863,59.0
34.06949,-118.57449,316.77,0.36,0.57,2025-01-08,902,N21,VIIRS,n,2.0NRT,284.76,18.5,N,2025-01-08 09:02:00,0.0020333381375717352,0.0016843334531081568,34.07117433345311,-118.57652333813756,34.07117433345311,-118.57245666186243,34.067805666546896,-118.57245666186243,34.067805666546896,-118.57652333813756,0.140625,401,0.19460000000000002,2.482085704803467,10,1.6399999856948853,0.0,0.004780000075697899,24.0,287.3999938964844,292.1000061035156,4.800000190734863,59.0
34.06954,-118.49969,305.26,0.35,0.57,2025-01-08,902,N21,VIIRS,n,2.0NRT,283.35,1.59,N,2025-01-08 09:02:00,0.002033339337569895,0.0016843334531081568,34.07122433345311,-118.50172333933757,34.07122433345311,-118.49765666066243,34.0678556665469,-118.49765666066243,34.0678556665469,-118.50172333933757,0.140625,174,0.5123,711.595458984375,10,1.850000023841858,0.0,0.004910000134259462,24.0,286.79998779296875,293.6000061035156,4.699999809265137,50.0
34.06955,-118.66168,297.87,0.36,0.58,2025-01-08,902,N21,VIIRS,n,2.0NRT,281.32,0.87,N,2025-01-08 09:02:00,0.0020333395775698824,0.0016843334531081568,34.071234333453106,-118.66371333957757,34.071234333453106,-118.65964666042244,34.06786566654689,-118.65964666042244,34.06786566654689,-118.66371333957757,0.140625,522,0.2391,64.54764556884766,10,1.7100000381469727,0.0,0.004540000110864639,18.0,286.5,290.1000061035156,5.099999904632568,67.0
34.06958,-118.65022,321.31,0.36,0.58,2025-01-08,902,N21,VIIRS,n,2.0NRT,281.83,2.97,N,2025-01-08 09:02:00,0.002033340297570557,0.0016843334531081568,34.07126433345311,-118.65225334029758,34.07126433345311,-118.64818665970243,34.067895666546896,-118.64818665970243,34.067895666546896,-118.65225334029758,0.140625,481,0.2391,47.78097915649414,10,1.7100000381469727,0.0,0.004540000110864639,18.0,286.5,290.1000061035156,5.099999904632568,67.0
34.06959,-118.50273,311.62,0.35,0.57,2025-01-08,902,N21,VIIRS,n,2.0NRT,283.67,1.81,N,2025-01-08 09:02:00,0.0020333405375710187,0.0016843334531081568,34.071274333453104,-118.50476334053756,34.071274333453104,-118.50069665946243,34.06790566654689,-118.50069665946243,34.06790566654689,-118.50476334053756,0.140625,203,0.49870000000000003,474.3589782714844,10,1.850000023841858,0.0,0.004910000134259462,24.0,286.79998779296875,293.6000061035156,4.699999809265137,50.0
34.06976,-118.57823,348.44,0.36,0.57,2025-01-08,902,N21,VIIRS,n,2.0NRT,286.82,18.5,N,2025-01-08 09:02:00,0.002033344617597019,0.0016843334531081568,34.07144433345311,-118.5802633446176,34.07144433345311,-118.5761966553824,34.068075666546896,-118.5761966553824,34.068075666546896,-118.5802633446176,0.140625,401,0.19460000000000002,2.482085704803467,10,1.6399999856948853,0.0,0.004780000075697899,24.0,287.3999938964844,292.1000061035156,4.800000190734863,59.0
34.06978,-118.5034,313.54,0.35,0.57,2025-01-08,902,N21,VIIRS,n,2.0NRT,283.62,1.59,N,2025-01-08 09:02:00,0.002033345097602331,0.0016843334531081568,34.07146433345311,-118.5054333450976,34.07146433345311,-118.5013666549024,34.068095666546895,-118.5013666549024,34.068095666546895,-118.5054333450976,0.140625,203,0.49870000000000003,474.3589782714844,10,1.850000023841858,0.0,0.004910000134259462,24.0,286.79998779296875,293.6000061035156,4.699999809265137,50.0
34.0698,-118.58385,332.97,0.36,0.57,2025-01-08,902,N21,VIIRS,n,2.0NRT,328.48,47.16,N,2025-01-08 09:02:00,0.002033345577608118,0.0016843334531081568,34.07148433345311,-118.5858833455776,34.07148433345311,-118.5818166544224,34.068115666546895,-118.5818166544224,34.068115666546895,-118.5858833455776,0.140625,307,0.19840000000000002,6.94420051574707,10,1.5299999713897705,0.0,0.004559999797493219,24.0,287.8999938964844,292.79998779296875,5.0,55.0
34.06983,-118.6537,312.42,0.36,0.58,2025-01-08,902,N21,VIIRS,n,2.0NRT,281.84,2.97,N,2025-01-08 09:02:00,0.0020333462976176867,0.0016843334531081568,34.07151433345311,-118.65573334629762,34.07151433345311,-118.65166665370238,34.0681456665469,-118.65166665370238,34.0681456665469,-118.65573334629762,0.140625,481,0.2391,47.78097915649414,10,1.7100000381469727,0.0,0.004540000110864639,18.0,286.5,290.1000061035156,5.099999904632568,67.0
34.06986,-118.50646,337.03,0.35,0.57,2025-01-08,902,N21,VIIRS,n,2.0NRT,285.43,36.74,N,2025-01-08 09:02:00,0.0020333470176283233,0.0016843334531081568,34.071544333453105,-118.50849334701763,34.071544333453105,-118.50442665298237,34.06817566654689,-118.50442665298237,34.06817566654689,-118.50849334701763,0.140625,203,0.49870000000000003,474.3589782714844,10,1.850000023841858,0.0,0.004910000134259462,24.0,286.79998779296875,293.6000061035156,4.699999809265137,50.0
34.07003,-118.50714,344.16,0.36,0.57,2025-01-08,902,N21,VIIRS,n,2.0NRT,285.8,42.76,N,2025-01-08 09:02:00,0.002033351097708759,0.0016843334531081568,34.07171433345311,-118.50917335109771,34.07171433345311,-118.5051066489023,34.0683456665469,-118.5051066489023,34.0683456665469,-118.50917335109771,0.140625,203,0.49870000000000003,474.3589782714844,10,1.850000023841858,0.0,0.004910000134259462,24.0,286.79998779296875,293.6000061035156,4.699999809265137,50.0
34.07007,-118.65714,304.62,0.36,0.58,2025-01-08,902,N21,VIIRS,n,2.0NRT,281.63,1.2,N,2025-01-08 09:02:00,0.002033352057732666,0.0016843334531081568,34.07175433345311,-118.65917335205773,34.07175433345311,-118.65510664794226,34.068385666546895,-118.65510664794226,34.068385666546895,-118.65917335205773,0.140625,522,0.2391,64.54764556884766,10,1.7100000381469727,0.0,0.004540000110864639,18.0,286.5,290.1000061035156,5.099999904632568,67.0
34.07008,-118.58278,334.79,0.36,0.57,2025-01-08,902,N21,VIIRS,n,2.0NRT,329.29,49.02,N,2025-01-08 09:02:00,0.0020333522977389394,0.0016843334531081568,34.0717643334531,-118.58481335229774,34.0717643334531,-118.58074664770226,34.06839566654689,-118.58074664770226,34.06839566654689,-118.58481335229774,0.140625,307,0.19840000000000002,6.94420051574707,10,1.5299999713897705,0.0,0.004559999797493219,24.0,287.8999938964844,292.79998779296875,5.0,55.0
34.07009,-118.58834,367.0,0.36,0.57,2025-01-08,902,N21,VIIRS,h,2.0NRT,306.02,47.16,N,2025-01-08 09:02:00,0.002033352537745331,0.0016843334531081568,34.07177433345311,-118.59037335253775,34.07177433345311,-118.58630664746225,34.068405666546894,-118.58630664746225,34.068405666546894,-118.59037335253775,0.140625,307,0.19840000000000002,6.94420051574707,10,1.5299999713897705,0.0,0.004559999797493219,24.0,287.8999938964844,292.79998779296875,5.0,55.0
34.0703,-118.59148,330.9,0.36,0.57,2025-01-08,902,N21,VIIRS,n,2.0NRT,286.17,12.03,N,2025-01-08 09:02:00,0.0020333575779069566,0.0016843334531081568,34.07198433345311,-118.5935133575779,34.07198433345311,-118.5894466424221,34.0686156665469,-118.5894466424221,34.0686156665469,-118.5935133575779,0.140625,482,0.4087,23.05508041381836,10,1.5299999713897705,0.0,0.004559999797493219,24.0,287.8999938964844,292.79998779296875,5.0,55.0
34.07031,-118.66056,299.01,0.36,0.58,2025-01-08,902,N21,VIIRS,n,2.0NRT,281.1,1.2,N,2025-01-08 09:02:00,0.0020333578179159576,0.0016843334531081568,34.071994333453105,-118.66259335781793,34.071994333453105,-118.65852664218208,34.06862566654689,-118.65852664218208,34.06862566654689,-118.66259335781793,0.140625,522,0.2391,64.54764556884766,10,1.7100000381469727,0.0,0.004540000110864639,18.0,286.5,290.1000061035156,5.099999904632568,67.0
34.07039,-118.51381,341.53,0.36,0.57,2025-01-08,902,N21,VIIRS,n,2.0NRT,320.71,63.6,N,2025-01-08 09:02:00,0.0020333597379922352,0.0016843334531081568,34.07207433345311,-118.515843359738,34.07207433345311,-118.51177664026201,34.0687056665469,-118.51177664026201,34.0687056665469,-118.515843359738,0.140625,215,0.2877,8.694796562194824,10,1.850000023841858,0.0,0.004910000134259462,24.0,286.79998779296875,293.6000061035156,4.699999809265137,50.0
34.07042,-118.58743,367.0,0.36,0.57,2025-01-08,902,N21,VIIRS,h,2.0NRT,306.94,49.02,N,2025-01-08 09:02:00,0.0020333604580227965,0.0016843334531081568,34.072104333453105,-118.58946336045803,34.072104333453105,-118.58539663954197,34.06873566654689,-118.58539663954197,34.06873566654689,-118.58946336045803,0.140625,307,0.19840000000000002,6.94420051574707,10,1.5299999713897705,0.0,0.004559999797493219,24.0,287.8999938964844,292.79998779296875,5.0,55.0
34.0705,-118.59454,304.67,0.36,0.57,2025-01-08,902,N21,VIIRS,n,2.0NRT,283.78,12.03,N,2025-01-08 09:02:00,0.002033362378109511,0.0016843334531081568,34.07218433345311,-118.59657336237811,34.07218433345311,-118.59250663762188,34.0688156665469,-118.59250663762188,34.0688156665469,-118.59657336237811,0.140625,482,0.4087,23.05508041381836,10,1.5299999713897705,0.0,0.004559999797493219,24.0,287.8999938964844,292.79998779296875,5.0,55.0
34.07052,-118.51443,345.16,0.36,0.57,2025-01-08,902,N21,VIIRS,n,2.0NRT,315.66,60.67,N,2025-01-08 09:02:00,0.0020333628581323754,0.0016843334531081568,34.07220433345311,-118.51646336285813,34.07220433345311,-118.51239663714188,34.068835666546896,-118.51239663714188,34.068835666546896,-118.51646336285813,0.140625,215,0.2877,8.694796562194824,10,1.850000023841858,0.0,0.004910000134259462,24.0,286.79998779296875,293.6000061035156,4.699999809265137,50.0
34.07064,-118.51721,334.68,0.36,0.57,2025-01-08,902,N21,VIIRS,n,2.0NRT,317.22,63.6,N,2025-01-08 09:02:00,0.0020333657382795257,0.0016843334531081568,34.0723243334531,-118.51924336573829,34.0723243334531,-118.51517663426172,34.06895566654689,-118.51517663426172,34.06895566654689,-118.51924336573829,0.140625,215,0.2877,8.694796562194824,10,1.850000023841858,0.0,0.004910000134259462,24.0,286.79998779296875,293.6000061035156,4.699999809265137,50.0
34.07066,-118.59078,333.97,0.36,0.57,2025-01-08,902,N21,VIIRS,n,2.0NRT,286.16,12.44,N,2025-01-08 09:02:00,0.002033366218305711,0.0016843334531081568,34.0723443334531,-118.5928133662183,34.0723443334531,-118.5887466337817,34.06897566654689,-118.5887466337817,34.06897566654689,-118.5928133662183,0.140625,307,0.19840000000000002,6.94420051574707,10,1.5299999713897705,0.0,0.004559999797493219,24.0,287.8999938964844,292.79998779296875,5.0,55.0
34.07071,-118.59776,299.41,0.36,0.57,2025-01-08,902,N21,VIIRS,n,2.0NRT,283.33,7.38,N,2025-01-08 09:02:00,0.0020333674183732504,0.0016843334531081568,34.072394333453104,-118.59979336741837,34.072394333453104,-118.59572663258162,34.06902566654689,-118.59572663258162,34.06902566654689,-118.59979336741837,0.140625,482,0.4087,23.05508041381836,10,1.5299999713897705,0.0,0.004559999797493219,24.0,287.8999938964844,292.79998779296875,5.0,55.0
34.07074,-118.51781,340.75,0.36,0.57,2025-01-08,902,N21,VIIRS,n,2.0NRT,319.37,60.67,N,2025-01-08 09:02:00,0.002033368138415197,0.0016843334531081568,34.07242433345311,-118.51984336813841,34.07242433345311,-118.51577663186158,34.069055666546895,-118.51577663186158,34.069055666546895,-118.51984336813841,0.140625,215,0.2877,8.694796562194824,10,1.850000023841858,0.0,0.004910000134259462,24.0,286.79998779296875,293.6000061035156,4.699999809265137,50.0
34.07088,-118.59391,304.85,0.36,0.57,2025-01-08,902,N21,VIIRS,n,2.0NRT,283.87,12.44,N,2025-01-08 09:02:00,0.002033371498625062,0.0016843334531081568,34.07256433345311,-118.59594337149862,34.07256433345311,-118.59187662850137,34.0691956665469,-118.59187662850137,34.0691956665469,-118.59594337149862,0.140625,482,0.4087,23.05508041381836,10,1.5299999713897705,0.0,0.004559999797493219,24.0,287.8999938964844,292.79998779296875,5.0,55.0
34.07088,-118.52055,367.0,0.36,0.57,2025-01-08,902,N21,VIIRS,h,2.0NRT,301.5,22.43,N,2025-01-08 09:02:00,0.002033371498625062,0.0016843334531081568,34.07256433345311,-118.52258337149863,34.07256433345311,-118.51851662850137,34.0691956665469,-118.51851662850137,34.0691956665469,-118.52258337149863,0.140625,282,0.1904,0.6000213027000427,10,1.850000023841858,0.0,0.004910000134259462,24.0,286.79998779296875,293.6000061035156,4.699999809265137,50.0
34.07093,-118.60106,296.36,0.36,0.57,2025-01-08,902,N21,VIIRS,n,2.0NRT,282.09,7.38,N,2025-01-08 09:02:00,0.002033372698705647,0.0016843334531081568,34.0726143334531,-118.60309337269871,34.0726143334531,-118.5990266273013,34.06924566654689,-118.5990266273013,34.06924566654689,-118.60309337269871,0.140625,516,0.4539,298.1758117675781,10,1.5299999713897705,0.0,0.004559999797493219,24.0,287.8999938964844,292.79998779296875,5.0,55.0
34.07096,-118.52117,367.0,0.36,0.57,2025-01-08,902,N21,VIIRS,h,2.0NRT,299.27,20.96,N,2025-01-08 09:02:00,0.0020333734187554216,0.0016843334531081568,34.072644333453106,-118.52320337341875,34.072644333453106,-118.51913662658124,34.06927566654689,-118.51913662658124,34.06927566654689,-118.52320337341875,0.140625,282,0.1904,0.6000213027000427,10,1.850000023841858,0.0,0.004910000134259462,24.0,286.79998779296875,293.6000061035156,4.699999809265137,50.0
34.07112,-118.52385,352.73,0.36,0.57,2025-01-08,902,N21,VIIRS,n,2.0NRT,288.9,22.43,N,2025-01-08 09:02:00,0.002033377259038913,0.0016843334531081568,34.07280433345311,-118.52588337725904,34.07280433345311,-118.52181662274096,34.069435666546894,-118.52181662274096,34.069435666546894,-118.52588337725904,0.140625,282,0.1904,0.6000213027000427,10,1.850000023841858,0.0,0.004910000134259462,24.0,286.79998779296875,293.6000061035156,4.699999809265137,50.0
34.07114,-118.6044,296.24,0.36,0.57,2025-01-08,902,N21,VIIRS,n,2.0NRT,281.93,2.73,N,2025-01-08 09:02:00,0.002033377739076484,0.0016843334531081568,34.072824333453106,-118.60643337773908,34.072824333453106,-118.60236662226092,34.069455666546894,-118.60236662226092,34.069455666546894,-118.60643337773908,0.140625,516,0.4539,298.1758117675781,10,1.5299999713897705,0.0,0.004559999797493219,24.0,287.8999938964844,292.79998779296875,5.0,55.0
34.07118,-118.52444,351.07,0.36,0.57,2025-01-08,902,N21,VIIRS,n,2.0NRT,288.41,20.96,N,2025-01-08 09:02:00,0.00203337869915305,0.0016843334531081568,34.072864333453104,-118.52647337869915,34.072864333453104,-118.52240662130085,34.06949566654689,-118.52240662130085,34.06949566654689,-118.52647337869915,0.140625,282,0.1904,0.6000213027000427,10,1.850000023841858,0.0,0.004910000134259462,24.0,286.79998779296875,293.6000061035156,4.699999809265137,50.0
34.07136,-118.52715,352.93,0.36,0.57,2025-01-08,902,N21,VIIRS,n,2.0NRT,286.49,767.38,N,2025-01-08 09:02:00,0.0020333830195210793,0.0016843334531081568,34.073044333453105,-118.52918338301953,34.073044333453105,-118.52511661698048,34.06967566654689,-118.52511661698048,34.06967566654689,-118.52918338301953,0.140625,282,0.1904,0.6000213027000427,10,1.850000023841858,0.0,0.004910000134259462,24.0,286.79998779296875,293.6000061035156,4.699999809265137,50.0
34.07137,-118.6078,296.76,0.36,0.57,2025-01-08,902,N21,VIIRS,n,2.0NRT,282.09,2.73,N,2025-01-08 09:02:00,0.0020333832595426523,0.0016843334531081568,34.07305433345311,-118.60983338325954,34.07305433345311,-118.60576661674045,34.069685666546896,-118.60576661674045,34.069685666546896,-118.60983338325954,0.140625,516,0.4539,298.1758117675781,10,1.5299999713897705,0.0,0.004559999797493219,24.0,287.8999938964844,292.79998779296875,5.0,55.0
34.0714,-118.52777,353.37,0.36,0.57,2025-01-08,902,N21,VIIRS,n,2.0NRT,286.5,0.0,N,2025-01-08 09:02:00,0.0020333839796080823,0.0016843334531081568,34.0730843334531,-118.52980338397961,34.0730843334531,-118.5257366160204,34.06971566654689,-118.5257366160204,34.06971566654689,-118.52980338397961,0.140625,282,0.1904,0.6000213027000427,10,1.850000023841858,0.0,0.004910000134259462,24.0,286.79998779296875,293.6000061035156,4.699999809265137,50.0
34.07159,-118.61119,300.26,0.36,0.57,2025-01-08,902,N21,VIIRS,n,2.0NRT,282.07,6.93,N,2025-01-08 09:02:00,0.0020333885400472614,0.0016843334531081568,34.07327433345311,-118.61322338854004,34.07327433345311,-118.60915661145995,34.069905666546894,-118.60915661145995,34.069905666546894,-118.61322338854004,0.140625,524,0.3655,127.57647705078125,10,1.5299999713897705,0.0,0.004559999797493219,24.0,287.8999938964844,292.79998779296875,5.0,55.0
34.07162,-118.53076,367.0,0.36,0.57,2025-01-08,902,N21,VIIRS,h,2.0NRT,287.82,767.38,N,2025-01-08 09:02:00,0.0020333892601205198,0.0016843334531081568,34.07330433345311,-118.53279338926012,34.07330433345311,-118.52872661073988,34.0699356665469,-118.52872661073988,34.0699356665469,-118.53279338926012,0.140625,315,0.2025,0.6009741425514221,10,1.850000023841858,0.0,0.004910000134259462,24.0,286.79998779296875,293.6000061035156,4.699999809265137,50.0
34.07164,-118.53144,367.0,0.36,0.57,2025-01-08,902,N21,VIIRS,h,2.0NRT,288.5,0.0,N,2025-01-08 09:02:00,0.002033389740169952,0.0016843334531081568,34.07332433345311,-118.53347338974018,34.07332433345311,-118.52940661025983,34.069955666546896,-118.52940661025983,34.069955666546896,-118.53347338974018,0.140625,315,0.2025,0.6009741425514221,10,1.850000023841858,0.0,0.004910000134259462,24.0,286.79998779296875,293.6000061035156,4.699999809265137,50.0
34.07182,-118.61468,305.74,0.36,0.57,2025-01-08,902,N21,VIIRS,n,2.0NRT,281.56,6.93,N,2025-01-08 09:02:00,0.0020333940606361866,0.0016843334531081568,34.07350433345311,-118.61671339406064,34.07350433345311,-118.61264660593937,34.070135666546896,-118.61264660593937,34.070135666546896,-118.61671339406064,0.140625,524,0.3655,127.57647705078125,10,1.5299999713897705,0.0,0.004559999797493219,24.0,287.8999938964844,292.79998779296875,5.0,55.0
34.0719,-118.53536,367.0,0.36,0.57,2025-01-08,902,N21,VIIRS,h,2.0NRT,290.91,514.61,N,2025-01-08 09:02:00,0.0020333959808557373,0.0016843334531081568,34.073584333453105,-118.53739339598086,34.073584333453105,-118.53332660401914,34.07021566654689,-118.53332660401914,34.07021566654689,-118.53739339598086,0.140625,315,0.2025,0.6009741425514221,10,1.850000023841858,0.0,0.004910000134259462,24.0,286.79998779296875,293.6000061035156,4.699999809265137,50.0
34.0719,-118.53461,367.0,0.36,0.57,2025-01-08,902,N21,VIIRS,h,2.0NRT,290.74,0.0,N,2025-01-08 09:02:00,0.0020333959808557373,0.0016843334531081568,34.073584333453105,-118.53664339598086,34.073584333453105,-118.53257660401914,34.07021566654689,-118.53257660401914,34.07021566654689,-118.53664339598086,0.140625,315,0.2025,0.6009741425514221,10,1.850000023841858,0.0,0.004910000134259462,24.0,286.79998779296875,293.6000061035156,4.699999809265137,50.0
34.07205,-118.61823,324.65,0.36,0.57,2025-01-08,902,N21,VIIRS,n,2.0NRT,281.93,11.85,N,2025-01-08 09:02:00,0.0020333995812878546,0.0016843334531081568,34.0737343334531,-118.62026339958129,34.0737343334531,-118.6161966004187,34.07036566654689,-118.6161966004187,34.07036566654689,-118.62026339958129,0.140625,524,0.3655,127.57647705078125,10,1.5299999713897705,0.0,0.004559999797493219,24.0,287.8999938964844,292.79998779296875,5.0,55.0
34.07215,-118.53918,352.62,0.36,0.57,2025-01-08,902,N21,VIIRS,n,2.0NRT,286.71,514.61,N,2025-01-08 09:02:00,0.0020334019815907594,0.0016843334531081568,34.07383433345311,-118.5412134019816,34.07383433345311,-118.53714659801841,34.070465666546895,-118.53714659801841,34.070465666546895,-118.5412134019816,0.140625,315,0.2311,484.39794921875,10,1.6399999856948853,0.0,0.004780000075697899,24.0,287.3999938964844,292.1000061035156,4.800000190734863,59.0
34.07218,-118.53849,354.84,0.36,0.57,2025-01-08,902,N21,VIIRS,n,2.0NRT,287.16,0.0,N,2025-01-08 09:02:00,0.0020334027016839437,0.0016843334531081568,34.07386433345311,-118.54052340270168,34.07386433345311,-118.53645659729831,34.0704956665469,-118.53645659729831,34.0704956665469,-118.54052340270168,0.140625,315,0.2311,484.39794921875,10,1.6399999856948853,0.0,0.004780000075697899,24.0,287.3999938964844,292.1000061035156,4.800000190734863,59.0
34.07228,-118.6219,353.99,0.36,0.57,2025-01-08,902,N21,VIIRS,n,2.0NRT,288.01,11.85,N,2025-01-08 09:02:00,0.002033405102002267,0.0016843334531081568,34.073964333453105,-118.623933405102,34.073964333453105,-118.619866594898,34.07059566654689,-118.619866594898,34.07059566654689,-118.623933405102,0.140625,519,0.2692,100.45793151855469,10,1.7100000381469727,0.0,0.004540000110864639,18.0,286.5,290.1000061035156,5.099999904632568,67.0
34.07231,-118.61385,303.62,0.36,0.57,2025-01-08,902,N21,VIIRS,n,2.0NRT,281.54,8.06,N,2025-01-08 09:02:00,0.002033405822100077,0.0016843334531081568,34.07399433345311,-118.6158834058221,34.07399433345311,-118.6118165941779,34.070625666546896,-118.6118165941779,34.070625666546896,-118.6158834058221,0.140625,524,0.3655,127.57647705078125,10,1.5299999713897705,0.0,0.004559999797493219,24.0,287.8999938964844,292.79998779296875,5.0,55.0
34.0724,-118.54279,342.06,0.36,0.57,2025-01-08,902,N21,VIIRS,n,2.0NRT,285.66,95.8,N,2025-01-08 09:02:00,0.0020334079823999124,0.0016843334531081568,34.07408433345311,-118.54482340798239,34.07408433345311,-118.5407565920176,34.070715666546896,-118.5407565920176,34.070715666546896,-118.54482340798239,0.140625,315,0.2311,484.39794921875,10,1.6399999856948853,0.0,0.004780000075697899,24.0,287.3999938964844,292.1000061035156,4.800000190734863,59.0
34.07244,-118.54211,345.16,0.36,0.57,2025-01-08,902,N21,VIIRS,n,2.0NRT,285.82,110.76,N,2025-01-08 09:02:00,0.002033408942536256,0.0016843334531081568,34.074124333453106,-118.54414340894253,34.074124333453106,-118.54007659105746,34.070755666546894,-118.54007659105746,34.070755666546894,-118.54414340894253,0.140625,315,0.2311,484.39794921875,10,1.6399999856948853,0.0,0.004780000075697899,24.0,287.3999938964844,292.1000061035156,4.800000190734863,59.0
34.07253,-118.62565,355.31,0.36,0.57,2025-01-08,902,N21,VIIRS,n,2.0NRT,299.93,223.92,N,2025-01-08 09:02:00,0.0020334111028499687,0.0016843334531081568,34.07421433345311,-118.62768341110284,34.07421433345311,-118.62361658889715,34.070845666546894,-118.62361658889715,34.070845666546894,-118.62768341110284,0.140625,519,0.2692,100.45793151855469,10,1.7100000381469727,0.0,0.004540000110864639,18.0,286.5,290.1000061035156,5.099999904632568,67.0
34.07256,-118.61741,312.43,0.36,0.57,2025-01-08,902,N21,VIIRS,n,2.0NRT,281.16,12.83,N,2025-01-08 09:02:00,0.0020334118229566743,0.0016843334531081568,34.07424433345311,-118.61944341182296,34.07424433345311,-118.61537658817706,34.0708756665469,-118.61537658817706,34.0708756665469,-118.61944341182296,0.140625,524,0.3655,127.57647705078125,10,1.5299999713897705,0.0,0.004559999797493219,24.0,287.8999938964844,292.79998779296875,5.0,55.0
34.07265,-118.54668,353.66,0.36,0.57,2025-01-08,902,N21,VIIRS,n,2.0NRT,285.93,95.8,N,2025-01-08 09:02:00,0.002033413983283197,0.0016843334531081568,34.07433433345311,-118.54871341398328,34.07433433345311,-118.54464658601671,34.0709656665469,-118.54464658601671,34.0709656665469,-118.54871341398328,0.140625,335,0.278,1099.7293701171875,50,1.6399999856948853,0.0,0.004780000075697899,24.0,287.3999938964844,292.1000061035156,4.800000190734863,59.0
34.07272,-118.5459,346.46,0.36,0.57,2025-01-08,902,N21,VIIRS,n,2.0NRT,285.38,110.76,N,2025-01-08 09:02:00,0.002033415663543801,0.0016843334531081568,34.0744043334531,-118.54793341566355,34.0744043334531,-118.54386658433646,34.07103566654689,-118.54386658433646,34.07103566654689,-118.54793341566355,0.140625,315,0.2311,484.39794921875,10,1.6399999856948853,0.0,0.004780000075697899,24.0,287.3999938964844,292.1000061035156,4.800000190734863,59.0
34.07281,-118.62102,338.13,0.36,0.57,2025-01-08,902,N21,VIIRS,n,2.0NRT,283.92,12.83,N,2025-01-08 09:02:00,0.0020334178238874036,0.0016843334531081568,34.0744943334531,-118.62305341782388,34.0744943334531,-118.61898658217612,34.07112566654689,-118.61898658217612,34.07112566654689,-118.62305341782388,0.140625,519,0.2692,100.45793151855469,10,1.7100000381469727,0.0,0.004540000110864639,18.0,286.5,290.1000061035156,5.099999904632568,67.0
34.07294,-118.55105,367.0,0.36,0.57,2025-01-08,902,N21,VIIRS,h,2.0NRT,291.84,33.7,N,2025-01-08 09:02:00,0.0020334209444006807,0.0016843334531081568,34.07462433345311,-118.5530834209444,34.07462433345311,-118.5490165790556,34.0712556665469,-118.5490165790556,34.0712556665469,-118.5530834209444,0.140625,335,0.278,1099.7293701171875,50,1.6399999856948853,0.0,0.004780000075697899,24.0,287.3999938964844,292.1000061035156,4.800000190734863,59.0
34.07303,-118.55017,367.0,0.36,0.57,2025-01-08,902,N21,VIIRS,h,2.0NRT,292.44,42.26,N,2025-01-08 09:02:00,0.0020334231047677686,0.0016843334531081568,34.07471433345311,-118.55220342310476,34.07471433345311,-118.54813657689523,34.0713456665469,-118.54813657689523,34.0713456665469,-118.55220342310476,0.140625,335,0.278,1099.7293701171875,50,1.6399999856948853,0.0,0.004780000075697899,24.0,287.3999938964844,292.1000061035156,4.800000190734863,59.0
34.07308,-118.62469,367.0,0.36,0.57,2025-01-08,902,N21,VIIRS,h,2.0NRT,297.17,168.79,N,2025-01-08 09:02:00,0.002033424304975858,0.0016843334531081568,34.0747643334531,-118.62672342430497,34.0747643334531,-118.62265657569503,34.07139566654689,-118.62265657569503,34.07139566654689,-118.62672342430497,0.140625,519,0.2692,100.45793151855469,10,1.7100000381469727,0.0,0.004540000110864639,18.0,286.5,290.1000061035156,5.099999904632568,67.0
34.07325,-118.5557,321.3,0.36,0.57,2025-01-08,902,N21,VIIRS,n,2.0NRT,283.49,33.7,N,2025-01-08 09:02:00,0.0020334283857055425,0.0016843334531081568,34.07493433345311,-118.5577334283857,34.07493433345311,-118.5536665716143,34.071565666546896,-118.5536665716143,34.071565666546896,-118.5577334283857,0.140625,258,0.2856,989.7855224609375,10,1.6399999856948853,0.0,0.004780000075697899,24.0,287.3999938964844,292.1000061035156,4.800000190734863,59.0
34.07336,-118.55478,330.56,0.36,0.57,2025-01-08,902,N21,VIIRS,n,2.0NRT,283.82,42.26,N,2025-01-08 09:02:00,0.0020334310261959586,0.0016843334531081568,34.07504433345311,-118.55681343102619,34.07504433345311,-118.5527465689738,34.071675666546895,-118.5527465689738,34.071675666546895,-118.55681343102619,0.140625,335,0.278,1099.7293701171875,50,1.6399999856948853,0.0,0.004780000075697899,24.0,287.3999938964844,292.1000061035156,4.800000190734863,59.0
34.07339,-118.63884,351.35,0.36,0.58,2025-01-08,902,N21,VIIRS,n,2.0NRT,337.85,0.0,N,2025-01-08 09:02:00,0.002033431746332199,0.0016843334531081568,34.07507433345311,-118.64087343174633,34.07507433345311,-118.63680656825368,34.0717056665469,-118.63680656825368,34.0717056665469,-118.64087343174633,0.140625,420,0.2543,45.71382522583008,10,1.7100000381469727,0.0,0.004540000110864639,18.0,286.5,290.1000061035156,5.099999904632568,67.0
34.07357,-118.56052,308.48,0.36,0.57,2025-01-08,902,N21,VIIRS,n,2.0NRT,283.07,3.88,N,2025-01-08 09:02:00,0.002033436067172062,0.0016843334531081568,34.0752543334531,-118.56255343606716,34.0752543334531,-118.55848656393283,34.07188566654689,-118.55848656393283,34.07188566654689,-118.56255343606716,0.140625,258,0.2856,989.7855224609375,10,1.6399999856948853,0.0,0.004780000075697899,24.0,287.3999938964844,292.1000061035156,4.800000190734863,59.0
34.07362,-118.64245,367.0,0.36,0.58,2025-01-08,902,N21,VIIRS,h,2.0NRT,286.35,28.37,N,2025-01-08 09:02:00,0.0020334372674121774,0.0016843334531081568,34.075304333453104,-118.64448343726741,34.075304333453104,-118.64041656273258,34.07193566654689,-118.64041656273258,34.07193566654689,-118.64448343726741,0.140625,420,0.2543,45.71382522583008,10,1.7100000381469727,0.0,0.004540000110864639,18.0,286.5,290.1000061035156,5.099999904632568,67.0
34.07372,-118.5596,309.46,0.36,0.57,2025-01-08,902,N21,VIIRS,n,2.0NRT,283.33,5.27,N,2025-01-08 09:02:00,0.002033439667901305,0.0016843334531081568,34.07540433345311,-118.5616334396679,34.07540433345311,-118.5575665603321,34.072035666546896,-118.5575665603321,34.072035666546896,-118.5616334396679,0.140625,258,0.2856,989.7855224609375,10,1.6399999856948853,0.0,0.004780000075697899,24.0,287.3999938964844,292.1000061035156,4.800000190734863,59.0
34.07383,-118.56456,303.9,0.36,0.57,2025-01-08,902,N21,VIIRS,n,2.0NRT,283.44,3.88,N,2025-01-08 09:02:00,0.0020334423084530464,0.0016843334531081568,34.07551433345311,-118.56659344230846,34.07551433345311,-118.56252655769154,34.072145666546895,-118.56252655769154,34.072145666546895,-118.56659344230846,0.140625,284,0.2856,7.91660213470459,10,1.6399999856948853,0.0,0.004780000075697899,24.0,287.3999938964844,292.1000061035156,4.800000190734863,59.0
34.07385,-118.64594,340.0,0.36,0.58,2025-01-08,902,N21,VIIRS,n,2.0NRT,282.04,28.37,N,2025-01-08 09:02:00,0.002033442788554905,0.0016843334531081568,34.075534333453106,-118.64797344278855,34.075534333453106,-118.64390655721144,34.072165666546894,-118.64390655721144,34.072165666546894,-118.64797344278855,0.140625,481,0.2391,47.78097915649414,10,1.7100000381469727,0.0,0.004540000110864639,18.0,286.5,290.1000061035156,5.099999904632568,67.0
34.074,-118.48744,296.39,0.35,0.57,2025-01-08,902,N21,VIIRS,n,2.0NRT,281.91,0.84,N,2025-01-08 09:02:00,0.002033446389333968,0.0016843334531081568,34.075684333453104,-118.48947344638934,34.075684333453104,-118.48540655361067,34.07231566654689,-118.48540655361067,34.07231566654689,-118.48947344638934,0.140625,162,0.4758,1338.918212890625,10,1.7999999523162842,0.0,0.005040000192821026,31.0,285.20001220703125,293.8999938964844,4.699999809265137,49.0
34.07401,-118.63757,342.55,0.36,0.57,2025-01-08,902,N21,VIIRS,n,2.0NRT,374.37,0.0,N,2025-01-08 09:02:00,0.0020334466293868547,0.0016843334531081568,34.07569433345311,-118.63960344662938,34.07569433345311,-118.63553655337061,34.072325666546895,-118.63553655337061,34.072325666546895,-118.63960344662938,0.140625,420,0.2543,45.71382522583008,10,1.7100000381469727,0.0,0.004540000110864639,18.0,286.5,290.1000061035156,5.099999904632568,67.0
34.07402,-118.5638,303.98,0.36,0.57,2025-01-08,902,N21,VIIRS,n,2.0NRT,283.43,5.27,N,2025-01-08 09:02:00,0.0020334468694398595,0.0016843334531081568,34.0757043334531,-118.56583344686943,34.0757043334531,-118.56176655313057,34.07233566654689,-118.56176655313057,34.07233566654689,-118.56583344686943,0.140625,258,0.2856,989.7855224609375,10,1.6399999856948853,0.0,0.004780000075697899,24.0,287.3999938964844,292.1000061035156,4.800000190734863,59.0
34.07407,-118.64939,323.73,0.36,0.58,2025-01-08,902,N21,VIIRS,n,2.0NRT,281.15,2.69,N,2025-01-08 09:02:00,0.0020334480697066643,0.0016843334531081568,34.075754333453105,-118.6514234480697,34.075754333453105,-118.64735655193029,34.07238566654689,-118.64735655193029,34.07238566654689,-118.6514234480697,0.140625,481,0.2391,47.78097915649414,10,1.7100000381469727,0.0,0.004540000110864639,18.0,286.5,290.1000061035156,5.099999904632568,67.0
34.07407,-118.56814,300.7,0.36,0.57,2025-01-08,902,N21,VIIRS,n,2.0NRT,283.5,1.03,N,2025-01-08 09:02:00,0.0020334480697066643,0.0016843334531081568,34.075754333453105,-118.57017344806971,34.075754333453105,-118.56610655193029,34.07238566654689,-118.56610655193029,34.07238566654689,-118.57017344806971,0.140625,284,0.2856,7.91660213470459,10,1.6399999856948853,0.0,0.004780000075697899,24.0,287.3999938964844,292.1000061035156,4.800000190734863,59.0
34.07425,-118.49115,297.39,0.35,0.57,2025-01-08,902,N21,VIIRS,n,2.0NRT,282.41,0.71,N,2025-01-08 09:02:00,0.0020334523906917167,0.0016843334531081568,34.075934333453105,-118.4931834523907,34.075934333453105,-118.48911654760931,34.07256566654689,-118.48911654760931,34.07256566654689,-118.4931834523907,0.140625,162,0.4758,1338.918212890625,10,1.7999999523162842,0.0,0.005040000192821026,31.0,285.20001220703125,293.8999938964844,4.699999809265137,49.0
34.07427,-118.64131,367.0,0.36,0.57,2025-01-08,902,N21,VIIRS,h,2.0NRT,287.49,53.83,N,2025-01-08 09:02:00,0.0020334528708035393,0.0016843334531081568,34.075954333453105,-118.64334345287081,34.075954333453105,-118.6392765471292,34.07258566654689,-118.6392765471292,34.07258566654689,-118.64334345287081,0.140625,420,0.2543,45.71382522583008,10,1.7100000381469727,0.0,0.004540000110864639,18.0,286.5,290.1000061035156,5.099999904632568,67.0
34.07429,-118.56744,301.11,0.36,0.57,2025-01-08,902,N21,VIIRS,n,2.0NRT,283.33,2.08,N,2025-01-08 09:02:00,0.0020334533509158365,0.0016843334531081568,34.075974333453104,-118.56947345335092,34.075974333453104,-118.56540654664909,34.07260566654689,-118.56540654664909,34.07260566654689,-118.56947345335092,0.140625,284,0.2856,7.91660213470459,10,1.6399999856948853,0.0,0.004780000075697899,24.0,287.3999938964844,292.1000061035156,4.800000190734863,59.0
34.0743,-118.65285,312.94,0.36,0.58,2025-01-08,902,N21,VIIRS,n,2.0NRT,281.26,2.69,N,2025-01-08 09:02:00,0.0020334535909721633,0.0016843334531081568,34.07598433345311,-118.65488345359097,34.07598433345311,-118.65081654640903,34.072615666546895,-118.65081654640903,34.072615666546895,-118.65488345359097,0.140625,481,0.2391,47.78097915649414,10,1.7100000381469727,0.0,0.004540000110864639,18.0,286.5,290.1000061035156,5.099999904632568,67.0
34.0743,-118.57162,298.33,0.36,0.57,2025-01-08,902,N21,VIIRS,n,2.0NRT,283.86,1.03,N,2025-01-08 09:02:00,0.0020334535909721633,0.0016843334531081568,34.07598433345311,-118.57365345359096,34.07598433345311,-118.56958654640903,34.072615666546895,-118.56958654640903,34.072615666546895,-118.57365345359096,0.140625,284,0.2856,7.91660213470459,10,1.6399999856948853,0.0,0.004780000075697899,24.0,287.3999938964844,292.1000061035156,4.800000190734863,59.0
34.0745,-118.4949,299.09,0.35,0.57,2025-01-08,902,N21,VIIRS,n,2.0NRT,282.78,0.71,N,2025-01-08 09:02:00,0.0020334583921236037,0.0016843334531081568,34.07618433345311,-118.49693345839212,34.07618433345311,-118.49286654160788,34.072815666546894,-118.49286654160788,34.072815666546894,-118.49693345839212,0.140625,174,0.5123,711.595458984375,10,1.850000023841858,0.0,0.004910000134259462,24.0,286.79998779296875,293.6000061035156,4.699999809265137,50.0
34.07452,-118.64483,343.98,0.36,0.58,2025-01-08,902,N21,VIIRS,n,2.0NRT,281.64,53.83,N,2025-01-08 09:02:00,0.0020334588722413574,0.0016843334531081568,34.076204333453106,-118.64686345887225,34.076204333453106,-118.64279654112775,34.072835666546894,-118.64279654112775,34.072835666546894,-118.64686345887225,0.140625,420,0.2543,45.71382522583008,10,1.7100000381469727,0.0,0.004540000110864639,18.0,286.5,290.1000061035156,5.099999904632568,67.0
34.07452,-118.57495,296.6,0.36,0.57,2025-01-08,902,N21,VIIRS,n,2.0NRT,283.73,0.63,N,2025-01-08 09:02:00,0.0020334588722413574,0.0016843334531081568,34.076204333453106,-118.57698345887225,34.076204333453106,-118.57291654112775,34.072835666546894,-118.57291654112775,34.072835666546894,-118.57698345887225,0.140625,401,0.19460000000000002,2.482085704803467,10,1.6399999856948853,0.0,0.004780000075697899,24.0,287.3999938964844,292.1000061035156,4.800000190734863,59.0
34.07453,-118.65636,304.0,0.36,0.58,2025-01-08,902,N21,VIIRS,n,2.0NRT,280.41,0.87,N,2025-01-08 09:02:00,0.0020334591123004125,0.0016843334531081568,34.07621433345311,-118.6583934591123,34.07621433345311,-118.65432654088771,34.0728456665469,-118.65432654088771,34.0728456665469,-118.6583934591123,0.140625,522,0.2391,64.54764556884766,10,1.7100000381469727,0.0,0.004540000110864639,18.0,286.5,290.1000061035156,5.099999904632568,67.0
34.07475,-118.57841,297.12,0.36,0.57,2025-01-08,902,N21,VIIRS,n,2.0NRT,282.96,0.63,N,2025-01-08 09:02:00,0.0020334643936296298,0.0016843334531081568,34.07643433345311,-118.58044346439364,34.07643433345311,-118.57637653560637,34.073065666546896,-118.57637653560637,34.073065666546896,-118.58044346439364,0.140625,401,0.19460000000000002,2.482085704803467,10,1.6399999856948853,0.0,0.004780000075697899,24.0,287.3999938964844,292.1000061035156,4.800000190734863,59.0
34.07475,-118.49869,301.99,0.35,0.57,2025-01-08,902,N21,VIIRS,n,2.0NRT,282.66,1.59,N,2025-01-08 09:02:00,0.0020334643936296298,0.0016843334531081568,34.07643433345311,-118.50072346439363,34.07643433345311,-118.49665653560636,34.073065666546896,-118.49665653560636,34.073065666546896,-118.50072346439363,0.140625,174,0.5123,711.595458984375,10,1.850000023841858,0.0,0.004910000134259462,24.0,286.79998779296875,293.6000061035156,4.699999809265137,50.0
34.07476,-118.65989,296.91,0.36,0.58,2025-01-08,902,N21,VIIRS,n,2.0NRT,280.03,0.87,N,2025-01-08 09:02:00,0.0020334646336914127,0.0016843334531081568,34.076444333453104,-118.6619234646337,34.076444333453104,-118.6578565353663,34.07307566654689,-118.6578565353663,34.07307566654689,-118.6619234646337,0.140625,744,0.46830000000000005,42.12660217285156,10,1.7100000381469727,0.0,0.004540000110864639,18.0,286.5,290.1000061035156,5.099999904632568,67.0
34.07476,-118.64831,325.96,0.36,0.58,2025-01-08,902,N21,VIIRS,n,2.0NRT,281.06,2.97,N,2025-01-08 09:02:00,0.0020334646336914127,0.0016843334531081568,34.076444333453104,-118.65034346463369,34.076444333453104,-118.6462765353663,34.07307566654689,-118.6462765353663,34.07307566654689,-118.65034346463369,0.140625,699,0.384,42.58370590209961,10,1.7100000381469727,0.0,0.004540000110864639,18.0,286.5,290.1000061035156,5.099999904632568,67.0
34.07481,-118.50183,305.34,0.35,0.57,2025-01-08,902,N21,VIIRS,n,2.0NRT,282.82,1.81,N,2025-01-08 09:02:00,0.002033465834002108,0.0016843334531081568,34.076494333453105,-118.503863465834,34.076494333453105,-118.499796534166,34.07312566654689,-118.499796534166,34.07312566654689,-118.503863465834,0.140625,230,0.4827,686.5413208007812,10,1.850000023841858,0.0,0.004910000134259462,24.0,286.79998779296875,293.6000061035156,4.699999809265137,50.0
34.075,-118.50249,305.77,0.35,0.57,2025-01-08,902,N21,VIIRS,n,2.0NRT,282.87,1.59,N,2025-01-08 09:02:00,0.002033470395209796,0.0016843334531081568,34.07668433345311,-118.5045234703952,34.07668433345311,-118.50045652960479,34.0733156665469,-118.50045652960479,34.0733156665469,-118.5045234703952,0.140625,230,0.4827,686.5413208007812,10,1.850000023841858,0.0,0.004910000134259462,24.0,286.79998779296875,293.6000061035156,4.699999809265137,50.0
34.07501,-118.65174,314.08,0.36,0.58,2025-01-08,902,N21,VIIRS,n,2.0NRT,280.99,2.97,N,2025-01-08 09:02:00,0.002033470635274545,0.0016843334531081568,34.076694333453105,-118.65377347063527,34.076694333453105,-118.64970652936474,34.07332566654689,-118.64970652936474,34.07332566654689,-118.65377347063527,0.140625,699,0.384,42.58370590209961,10,1.7100000381469727,0.0,0.004540000110864639,18.0,286.5,290.1000061035156,5.099999904632568,67.0
34.07502,-118.58267,299.91,0.36,0.57,2025-01-08,902,N21,VIIRS,n,2.0NRT,283.83,1.07,N,2025-01-08 09:02:00,0.0020334708753394124,0.0016843334531081568,34.07670433345311,-118.58470347087533,34.07670433345311,-118.58063652912466,34.073335666546896,-118.58063652912466,34.073335666546896,-118.58470347087533,0.140625,251,0.2619,1.8366374969482422,10,1.5299999713897705,0.0,0.004559999797493219,24.0,287.8999938964844,292.79998779296875,5.0,55.0
34.07508,-118.50564,309.6,0.35,0.57,2025-01-08,902,N21,VIIRS,n,2.0NRT,282.43,36.74,N,2025-01-08 09:02:00,0.002033472315731108,0.0016843334531081568,34.076764333453106,-118.50767347231573,34.076764333453106,-118.50360652768427,34.073395666546894,-118.50360652768427,34.073395666546894,-118.50767347231573,0.140625,230,0.4827,686.5413208007812,10,1.850000023841858,0.0,0.004910000134259462,24.0,286.79998779296875,293.6000061035156,4.699999809265137,50.0
34.07526,-118.65525,304.49,0.36,0.58,2025-01-08,902,N21,VIIRS,n,2.0NRT,280.66,1.2,N,2025-01-08 09:02:00,0.002033476636931818,0.0016843334531081568,34.076944333453106,-118.65728347663693,34.076944333453106,-118.65321652336306,34.073575666546894,-118.65321652336306,34.073575666546894,-118.65728347663693,0.140625,744,0.46830000000000005,42.12660217285156,10,1.7100000381469727,0.0,0.004540000110864639,18.0,286.5,290.1000061035156,5.099999904632568,67.0
34.07526,-118.50629,310.59,0.36,0.57,2025-01-08,902,N21,VIIRS,n,2.0NRT,282.41,42.76,N,2025-01-08 09:02:00,0.002033476636931818,0.0016843334531081568,34.076944333453106,-118.50832347663695,34.076944333453106,-118.50425652336307,34.073575666546894,-118.50425652336307,34.073575666546894,-118.50832347663695,0.140625,230,0.4827,686.5413208007812,10,1.850000023841858,0.0,0.004910000134259462,24.0,286.79998779296875,293.6000061035156,4.699999809265137,50.0
34.07533,-118.5873,299.27,0.36,0.57,2025-01-08,902,N21,VIIRS,n,2.0NRT,284.34,1.07,N,2025-01-08 09:02:00,0.0020334783174091407,0.0016843334531081568,34.07701433345311,-118.58933347831741,34.07701433345311,-118.58526652168258,34.073645666546895,-118.58526652168258,34.073645666546895,-118.58933347831741,0.140625,251,0.2619,1.8366374969482422,10,1.5299999713897705,0.0,0.004559999797493219,24.0,287.8999938964844,292.79998779296875,5.0,55.0
34.07536,-118.50942,316.49,0.35,0.57,2025-01-08,902,N21,VIIRS,n,2.0NRT,283.41,36.74,N,2025-01-08 09:02:00,0.0020334790376154866,0.0016843334531081568,34.07704433345311,-118.51145347903763,34.07704433345311,-118.50738652096238,34.0736756665469,-118.50738652096238,34.0736756665469,-118.51145347903763,0.140625,230,0.4827,686.5413208007812,10,1.850000023841858,0.0,0.004910000134259462,24.0,286.79998779296875,293.6000061035156,4.699999809265137,50.0
34.07551,-118.51011,317.78,0.36,0.57,2025-01-08,902,N21,VIIRS,n,2.0NRT,283.78,42.76,N,2025-01-08 09:02:00,0.0020334826386632326,0.0016843334531081568,34.07719433345311,-118.51214348263866,34.07719433345311,-118.50807651736133,34.073825666546895,-118.50807651736133,34.073825666546895,-118.51214348263866,0.140625,230,0.4827,686.5413208007812,10,1.850000023841858,0.0,0.004910000134259462,24.0,286.79998779296875,293.6000061035156,4.699999809265137,50.0
34.07558,-118.59109,297.25,0.36,0.57,2025-01-08,902,N21,VIIRS,n,2.0NRT,284.44,1.92,N,2025-01-08 09:02:00,0.0020334843191613153,0.0016843334531081568,34.07726433345311,-118.59312348431915,34.07726433345311,-118.58905651568084,34.073895666546896,-118.58905651568084,34.073895666546896,-118.59312348431915,0.140625,251,0.2619,1.8366374969482422,10,1.5299999713897705,0.0,0.004559999797493219,24.0,287.8999938964844,292.79998779296875,5.0,55.0
34.07563,-118.51314,325.45,0.36,0.57,2025-01-08,902,N21,VIIRS,n,2.0NRT,284.06,63.6,N,2025-01-08 09:02:00,0.002033485519520647,0.0016843334531081568,34.0773143334531,-118.51517348551953,34.0773143334531,-118.51110651448049,34.07394566654689,-118.51110651448049,34.07394566654689,-118.51517348551953,0.140625,244,0.3044,55.50264358520508,10,1.850000023841858,0.0,0.004910000134259462,24.0,286.79998779296875,293.6000061035156,4.699999809265137,50.0
34.07576,-118.51381,326.43,0.36,0.57,2025-01-08,902,N21,VIIRS,n,2.0NRT,284.03,60.67,N,2025-01-08 09:02:00,0.00203348864046879,0.0016843334531081568,34.07744433345311,-118.51584348864047,34.07744433345311,-118.51177651135954,34.0740756665469,-118.51177651135954,34.0740756665469,-118.51584348864047,0.140625,244,0.3044,55.50264358520508,10,1.850000023841858,0.0,0.004910000134259462,24.0,286.79998779296875,293.6000061035156,4.699999809265137,50.0
34.0759,-118.51677,335.42,0.36,0.57,2025-01-08,902,N21,VIIRS,n,2.0NRT,284.39,63.6,N,2025-01-08 09:02:00,0.0020334920015122877,0.0016843334531081568,34.0775843334531,-118.51880349200151,34.0775843334531,-118.51473650799848,34.07421566654689,-118.51473650799848,34.07421566654689,-118.51880349200151,0.140625,244,0.3044,55.50264358520508,10,1.850000023841858,0.0,0.004910000134259462,24.0,286.79998779296875,293.6000061035156,4.699999809265137,50.0
34.076,-118.51742,337.27,0.36,0.57,2025-01-08,902,N21,VIIRS,n,2.0NRT,284.58,60.67,N,2025-01-08 09:02:00,0.0020334944022718797,0.0016843334531081568,34.07768433345311,-118.51945349440227,34.07768433345311,-118.51538650559773,34.074315666546894,-118.51538650559773,34.074315666546894,-118.51945349440227,0.140625,244,0.3044,55.50264358520508,10,1.850000023841858,0.0,0.004910000134259462,24.0,286.79998779296875,293.6000061035156,4.699999809265137,50.0
34.07615,-118.52027,350.27,0.36,0.57,2025-01-08,902,N21,VIIRS,n,2.0NRT,285.8,22.43,N,2025-01-08 09:02:00,0.00203349800343351,0.0016843334531081568,34.077834333453104,-118.52230349800342,34.077834333453104,-118.51823650199657,34.07446566654689,-118.51823650199657,34.07446566654689,-118.52230349800342,0.140625,274,0.2321,0.45553675293922424,10,1.850000023841858,0.0,0.004910000134259462,24.0,286.79998779296875,293.6000061035156,4.699999809265137,50.0
34.07623,-118.52086,354.05,0.36,0.57,2025-01-08,902,N21,VIIRS,n,2.0NRT,286.04,20.96,N,2025-01-08 09:02:00,0.0020334999240639606,0.0016843334531081568,34.07791433345311,-118.52289349992407,34.07791433345311,-118.51882650007593,34.074545666546896,-118.51882650007593,34.074545666546896,-118.52289349992407,0.140625,274,0.2321,0.45553675293922424,10,1.850000023841858,0.0,0.004910000134259462,24.0,286.79998779296875,293.6000061035156,4.699999809265137,50.0
34.07639,-118.52349,367.0,0.36,0.57,2025-01-08,902,N21,VIIRS,h,2.0NRT,288.65,22.43,N,2025-01-08 09:02:00,0.002033503765347639,0.0016843334531081568,34.07807433345311,-118.52552350376534,34.07807433345311,-118.52145649623465,34.0747056665469,-118.52145649623465,34.0747056665469,-118.52552350376534,0.140625,274,0.2321,0.45553675293922424,10,1.850000023841858,0.0,0.004910000134259462,24.0,286.79998779296875,293.6000061035156,4.699999809265137,50.0
34.07645,-118.52402,367.0,0.36,0.57,2025-01-08,902,N21,VIIRS,h,2.0NRT,288.78,20.96,N,2025-01-08 09:02:00,0.0020335052058368477,0.0016843334531081568,34.07813433345311,-118.52605350520582,34.07813433345311,-118.52198649479416,34.074765666546895,-118.52198649479416,34.074765666546895,-118.52605350520582,0.140625,274,0.2321,0.45553675293922424,10,1.850000023841858,0.0,0.004910000134259462,24.0,286.79998779296875,293.6000061035156,4.699999809265137,50.0
34.0769,-118.61117,295.21,0.36,0.57,2025-01-08,902,N21,VIIRS,n,2.0NRT,282.06,0.77,N,2025-01-08 09:02:00,0.0020335160096420497,0.0016843334531081568,34.07858433345311,-118.61320351600965,34.07858433345311,-118.60913648399035,34.075215666546896,-118.60913648399035,34.075215666546896,-118.61320351600965,0.140625,627,0.6373,48.49842834472656,10,1.5299999713897705,0.0,0.004559999797493219,24.0,287.8999938964844,292.79998779296875,5.0,55.0
34.07712,-118.61449,298.43,0.36,0.57,2025-01-08,902,N21,VIIRS,n,2.0NRT,281.38,0.77,N,2025-01-08 09:02:00,0.0020335212915898048,0.0016843334531081568,34.07880433345311,-118.6165235212916,34.07880433345311,-118.61245647870841,34.075435666546895,-118.61245647870841,34.075435666546895,-118.6165235212916,0.140625,627,0.6373,48.49842834472656,10,1.5299999713897705,0.0,0.004559999797493219,24.0,287.8999938964844,292.79998779296875,5.0,55.0
34.07735,-118.61796,303.71,0.36,0.57,2025-01-08,902,N21,VIIRS,n,2.0NRT,281.33,1.29,N,2025-01-08 09:02:00,0.0020335268136874897,0.0016843334531081568,34.07903433345311,-118.61999352681369,34.07903433345311,-118.6159264731863,34.0756656665469,-118.6159264731863,34.0756656665469,-118.61999352681369,0.140625,627,0.6373,48.49842834472656,10,1.5299999713897705,0.0,0.004559999797493219,24.0,287.8999938964844,292.79998779296875,5.0,55.0
34.07737,-118.53796,350.17,0.36,0.57,2025-01-08,902,N21,VIIRS,n,2.0NRT,299.5,514.61,N,2025-01-08 09:02:00,0.0020335272938728625,0.0016843334531081568,34.07905433345311,-118.53999352729387,34.07905433345311,-118.53592647270612,34.075685666546896,-118.53592647270612,34.075685666546896,-118.53999352729387,0.140625,425,0.2436,332.1730041503906,10,1.6399999856948853,0.0,0.004780000075697899,24.0,287.3999938964844,292.1000061035156,4.800000190734863,59.0
34.07738,-118.53729,352.96,0.36,0.57,2025-01-08,902,N21,VIIRS,n,2.0NRT,301.64,0.0,N,2025-01-08 09:02:00,0.0020335275339657274,0.0016843334531081568,34.079064333453104,-118.53932352753397,34.079064333453104,-118.53525647246603,34.07569566654689,-118.53525647246603,34.07569566654689,-118.53932352753397,0.140625,441,0.2083,0.6009742021560669,10,1.850000023841858,0.0,0.004910000134259462,24.0,286.79998779296875,293.6000061035156,4.699999809265137,50.0
34.07757,-118.62141,312.8,0.36,0.57,2025-01-08,902,N21,VIIRS,n,2.0NRT,281.81,1.29,N,2025-01-08 09:02:00,0.002033532095752697,0.0016843334531081568,34.07925433345311,-118.62344353209575,34.07925433345311,-118.61937646790425,34.075885666546895,-118.61937646790425,34.075885666546895,-118.62344353209575,0.140625,679,0.5508000000000001,48.35548782348633,10,1.7100000381469727,0.0,0.004540000110864639,18.0,286.5,290.1000061035156,5.099999904632568,67.0
34.0778,-118.62482,325.77,0.36,0.57,2025-01-08,902,N21,VIIRS,n,2.0NRT,281.82,11.71,N,2025-01-08 09:02:00,0.0020335376179731733,0.0016843334531081568,34.07948433345311,-118.62685353761798,34.07948433345311,-118.62278646238202,34.0761156665469,-118.62278646238202,34.0761156665469,-118.62685353761798,0.140625,679,0.5508000000000001,48.35548782348633,10,1.7100000381469727,0.0,0.004540000110864639,18.0,286.5,290.1000061035156,5.099999904632568,67.0
34.07785,-118.5453,348.72,0.36,0.57,2025-01-08,902,N21,VIIRS,n,2.0NRT,321.78,95.8,N,2025-01-08 09:02:00,0.00203353881846419,0.0016843334531081568,34.079534333453104,-118.54733353881846,34.079534333453104,-118.54326646118153,34.07616566654689,-118.54326646118153,34.07616566654689,-118.54733353881846,0.140625,425,0.2436,332.1730041503906,10,1.6399999856948853,0.0,0.004780000075697899,24.0,287.3999938964844,292.1000061035156,4.800000190734863,59.0
34.07786,-118.6172,301.37,0.36,0.57,2025-01-08,902,N21,VIIRS,n,2.0NRT,281.54,1.66,N,2025-01-08 09:02:00,0.0020335390585627497,0.0016843334531081568,34.07954433345311,-118.61923353905856,34.07954433345311,-118.61516646094144,34.076175666546895,-118.61516646094144,34.076175666546895,-118.61923353905856,0.140625,627,0.6373,48.49842834472656,10,1.5299999713897705,0.0,0.004559999797493219,24.0,287.8999938964844,292.79998779296875,5.0,55.0
34.07792,-118.54459,340.0,0.36,0.57,2025-01-08,902,N21,VIIRS,n,2.0NRT,331.77,110.76,N,2025-01-08 09:02:00,0.0020335404991565975,0.0016843334531081568,34.079604333453105,-118.54662354049916,34.079604333453105,-118.54255645950084,34.07623566654689,-118.54255645950084,34.07623566654689,-118.54662354049916,0.140625,425,0.2436,332.1730041503906,10,1.6399999856948853,0.0,0.004780000075697899,24.0,287.3999938964844,292.1000061035156,4.800000190734863,59.0
34.07801,-118.62807,350.86,0.36,0.57,2025-01-08,902,N21,VIIRS,n,2.0NRT,282.58,11.71,N,2025-01-08 09:02:00,0.002033542660055377,0.0016843334531081568,34.079694333453105,-118.63010354266005,34.079694333453105,-118.62603645733994,34.07632566654689,-118.62603645733994,34.07632566654689,-118.63010354266005,0.140625,605,0.5508000000000001,45.48933792114258,10,1.7100000381469727,0.0,0.004540000110864639,18.0,286.5,290.1000061035156,5.099999904632568,67.0
34.07811,-118.62066,308.21,0.36,0.57,2025-01-08,902,N21,VIIRS,n,2.0NRT,281.6,1.66,N,2025-01-08 09:02:00,0.0020335450610652925,0.0016843334531081568,34.07979433345311,-118.62269354506107,34.07979433345311,-118.61862645493893,34.076425666546896,-118.61862645493893,34.076425666546896,-118.62269354506107,0.140625,679,0.5508000000000001,48.35548782348633,10,1.7100000381469727,0.0,0.004540000110864639,18.0,286.5,290.1000061035156,5.099999904632568,67.0
34.07814,-118.54951,325.23,0.36,0.57,2025-01-08,902,N21,VIIRS,n,2.0NRT,304.73,33.7,N,2025-01-08 09:02:00,0.0020335457813705805,0.0016843334531081568,34.079824333453104,-118.55154354578137,34.079824333453104,-118.54747645421863,34.07645566654689,-118.54747645421863,34.07645566654689,-118.55154354578137,0.140625,459,0.2436,538.1364135742188,10,1.6399999856948853,0.0,0.004780000075697899,24.0,287.3999938964844,292.1000061035156,4.800000190734863,59.0
34.07821,-118.54865,346.33,0.36,0.57,2025-01-08,902,N21,VIIRS,n,2.0NRT,304.82,42.26,N,2025-01-08 09:02:00,0.002033547462087072,0.0016843334531081568,34.079894333453105,-118.55068354746209,34.079894333453105,-118.5466164525379,34.07652566654689,-118.5466164525379,34.07652566654689,-118.55068354746209,0.140625,459,0.2436,538.1364135742188,10,1.6399999856948853,0.0,0.004780000075697899,24.0,287.3999938964844,292.1000061035156,4.800000190734863,59.0
34.07835,-118.62405,319.32,0.36,0.57,2025-01-08,902,N21,VIIRS,n,2.0NRT,281.94,6.15,N,2025-01-08 09:02:00,0.0020335508235374954,0.0016843334531081568,34.080034333453106,-118.62608355082354,34.080034333453106,-118.62201644917646,34.076665666546894,-118.62201644917646,34.076665666546894,-118.62608355082354,0.140625,679,0.5508000000000001,48.35548782348633,10,1.7100000381469727,0.0,0.004540000110864639,18.0,286.5,290.1000061035156,5.099999904632568,67.0
34.07844,-118.55409,367.0,0.36,0.57,2025-01-08,902,N21,VIIRS,h,2.0NRT,297.74,33.7,N,2025-01-08 09:02:00,0.00203355298448219,0.0016843334531081568,34.08012433345311,-118.55612355298449,34.08012433345311,-118.55205644701552,34.076755666546894,-118.55205644701552,34.076755666546894,-118.55612355298449,0.140625,459,0.2436,538.1364135742188,10,1.6399999856948853,0.0,0.004780000075697899,24.0,287.3999938964844,292.1000061035156,4.800000190734863,59.0
34.07854,-118.63626,367.0,0.36,0.58,2025-01-08,902,N21,VIIRS,h,2.0NRT,286.11,87.83,N,2025-01-08 09:02:00,0.002033555385543122,0.0016843334531081568,34.0802243334531,-118.63829355538553,34.0802243334531,-118.63422644461446,34.07685566654689,-118.63422644461446,34.07685566654689,-118.63829355538553,0.140625,625,0.30760000000000004,30.51580047607422,10,1.7100000381469727,0.0,0.004540000110864639,18.0,286.5,290.1000061035156,5.099999904632568,67.0
34.07854,-118.55321,367.0,0.36,0.57,2025-01-08,902,N21,VIIRS,h,2.0NRT,304.07,42.26,N,2025-01-08 09:02:00,0.002033555385543122,0.0016843334531081568,34.0802243334531,-118.55524355538554,34.0802243334531,-118.55117644461447,34.07685566654689,-118.55117644461447,34.07685566654689,-118.55524355538554,0.140625,459,0.2436,538.1364135742188,10,1.6399999856948853,0.0,0.004780000075697899,24.0,287.3999938964844,292.1000061035156,4.800000190734863,59.0
34.07859,-118.62736,334.71,0.36,0.57,2025-01-08,902,N21,VIIRS,n,2.0NRT,281.99,6.15,N,2025-01-08 09:02:00,0.002033556586078038,0.0016843334531081568,34.080274333453104,-118.62939355658608,34.080274333453104,-118.62532644341391,34.07690566654689,-118.62532644341391,34.07690566654689,-118.62939355658608,0.140625,605,0.5508000000000001,45.48933792114258,10,1.7100000381469727,0.0,0.004540000110864639,18.0,286.5,290.1000061035156,5.099999904632568,67.0
34.07877,-118.55907,318.61,0.36,0.57,2025-01-08,902,N21,VIIRS,n,2.0NRT,283.84,3.88,N,2025-01-08 09:02:00,0.0020335609080282925,0.0016843334531081568,34.080454333453105,-118.56110356090804,34.080454333453105,-118.55703643909197,34.07708566654689,-118.55703643909197,34.07708566654689,-118.56110356090804,0.140625,335,0.25520000000000004,1176.1966552734375,10,1.6399999856948853,0.0,0.004780000075697899,24.0,287.3999938964844,292.1000061035156,4.800000190734863,59.0
34.07879,-118.63998,343.63,0.36,0.58,2025-01-08,902,N21,VIIRS,n,2.0NRT,281.91,4.53,N,2025-01-08 09:02:00,0.00203356138824736,0.0016843334531081568,34.080474333453104,-118.64201356138824,34.080474333453104,-118.63794643861175,34.07710566654689,-118.63794643861175,34.07710566654689,-118.64201356138824,0.140625,625,0.30760000000000004,30.51580047607422,10,1.7100000381469727,0.0,0.004540000110864639,18.0,286.5,290.1000061035156,5.099999904632568,67.0
34.0789,-118.55807,321.54,0.36,0.57,2025-01-08,902,N21,VIIRS,n,2.0NRT,283.86,5.27,N,2025-01-08 09:02:00,0.002033564029460717,0.0016843334531081568,34.0805843334531,-118.56010356402946,34.0805843334531,-118.55603643597054,34.07721566654689,-118.55603643597054,34.07721566654689,-118.56010356402946,0.140625,335,0.25520000000000004,1176.1966552734375,10,1.6399999856948853,0.0,0.004780000075697899,24.0,287.3999938964844,292.1000061035156,4.800000190734863,59.0
34.07904,-118.64391,325.97,0.36,0.58,2025-01-08,902,N21,VIIRS,n,2.0NRT,280.6,4.53,N,2025-01-08 09:02:00,0.002033567391025753,0.0016843334531081568,34.080724333453105,-118.64594356739103,34.080724333453105,-118.64187643260898,34.07735566654689,-118.64187643260898,34.07735566654689,-118.64594356739103,0.140625,625,0.30760000000000004,30.51580047607422,10,1.7100000381469727,0.0,0.004540000110864639,18.0,286.5,290.1000061035156,5.099999904632568,67.0
34.07908,-118.56368,308.54,0.36,0.57,2025-01-08,902,N21,VIIRS,n,2.0NRT,283.35,3.88,N,2025-01-08 09:02:00,0.002033568351477177,0.0016843334531081568,34.080764333453104,-118.56571356835148,34.080764333453104,-118.56164643164853,34.07739566654689,-118.56164643164853,34.07739566654689,-118.56571356835148,0.140625,335,0.25520000000000004,1176.1966552734375,10,1.6399999856948853,0.0,0.004780000075697899,24.0,287.3999938964844,292.1000061035156,4.800000190734863,59.0
34.07914,-118.63509,367.0,0.36,0.57,2025-01-08,902,N21,VIIRS,h,2.0NRT,284.27,29.94,N,2025-01-08 09:02:00,0.002033569792157873,0.0016843334531081568,34.08082433345311,-118.63712356979217,34.08082433345311,-118.63305643020784,34.077455666546896,-118.63305643020784,34.077455666546896,-118.63712356979217,0.140625,605,0.5508000000000001,45.48933792114258,10,1.7100000381469727,0.0,0.004540000110864639,18.0,286.5,290.1000061035156,5.099999904632568,67.0
34.07925,-118.56282,309.29,0.36,0.57,2025-01-08,902,N21,VIIRS,n,2.0NRT,283.27,5.27,N,2025-01-08 09:02:00,0.002033572433416909,0.0016843334531081568,34.08093433345311,-118.56485357243342,34.08093433345311,-118.56078642756658,34.077565666546896,-118.56078642756658,34.077565666546896,-118.56485357243342,0.140625,335,0.25520000000000004,1176.1966552734375,10,1.6399999856948853,0.0,0.004780000075697899,24.0,287.3999938964844,292.1000061035156,4.800000190734863,59.0
34.07928,-118.64761,313.81,0.36,0.58,2025-01-08,902,N21,VIIRS,n,2.0NRT,280.65,1.47,N,2025-01-08 09:02:00,0.0020335731537627745,0.0016843334531081568,34.0809643334531,-118.64964357315377,34.0809643334531,-118.64557642684623,34.07759566654689,-118.64557642684623,34.07759566654689,-118.64964357315377,0.140625,699,0.384,42.58370590209961,10,1.7100000381469727,0.0,0.004540000110864639,18.0,286.5,290.1000061035156,5.099999904632568,67.0
34.07935,-118.56773,300.97,0.36,0.57,2025-01-08,902,N21,VIIRS,n,2.0NRT,283.75,1.03,N,2025-01-08 09:02:00,0.002033574834573946,0.0016843334531081568,34.081034333453104,-118.56976357483457,34.081034333453104,-118.56569642516543,34.07766566654689,-118.56569642516543,34.07766566654689,-118.56976357483457,0.140625,222,0.29700000000000004,467.368896484375,10,1.6399999856948853,0.0,0.004780000075697899,24.0,287.3999938964844,292.1000061035156,4.800000190734863,59.0
34.07942,-118.63895,339.81,0.36,0.57,2025-01-08,902,N21,VIIRS,n,2.0NRT,281.59,4.48,N,2025-01-08 09:02:00,0.0020335765153909314,0.0016843334531081568,34.081104333453105,-118.64098357651538,34.081104333453105,-118.6369164234846,34.07773566654689,-118.6369164234846,34.07773566654689,-118.64098357651538,0.140625,625,0.30760000000000004,30.51580047607422,10,1.7100000381469727,0.0,0.004540000110864639,18.0,286.5,290.1000061035156,5.099999904632568,67.0
34.07952,-118.65123,304.29,0.36,0.58,2025-01-08,902,N21,VIIRS,n,2.0NRT,280.36,1.47,N,2025-01-08 09:02:00,0.002033578916568139,0.0016843334531081568,34.08120433345311,-118.65326357891657,34.08120433345311,-118.64919642108343,34.077835666546896,-118.64919642108343,34.077835666546896,-118.65326357891657,0.140625,699,0.384,42.58370590209961,10,1.7100000381469727,0.0,0.004540000110864639,18.0,286.5,290.1000061035156,5.099999904632568,67.0
34.07956,-118.56698,302.09,0.36,0.57,2025-01-08,902,N21,VIIRS,n,2.0NRT,284.15,2.08,N,2025-01-08 09:02:00,0.002033579877042344,0.0016843334531081568,34.08124433345311,-118.56901357987704,34.08124433345311,-118.56494642012296,34.077875666546895,-118.56494642012296,34.077875666546895,-118.56901357987704,0.140625,222,0.29700000000000004,467.368896484375,10,1.6399999856948853,0.0,0.004780000075697899,24.0,287.3999938964844,292.1000061035156,4.800000190734863,59.0
34.0797,-118.64291,323.87,0.36,0.58,2025-01-08,902,N21,VIIRS,n,2.0NRT,280.59,4.48,N,2025-01-08 09:02:00,0.0020335832387170117,0.0016843334531081568,34.08138433345311,-118.64494358323871,34.08138433345311,-118.64087641676129,34.0780156665469,-118.64087641676129,34.0780156665469,-118.64494358323871,0.140625,625,0.30760000000000004,30.51580047607422,10,1.7100000381469727,0.0,0.004540000110864639,18.0,286.5,290.1000061035156,5.099999904632568,67.0
34.07977,-118.65496,297.0,0.36,0.58,2025-01-08,902,N21,VIIRS,n,2.0NRT,280.36,1.36,N,2025-01-08 09:02:00,0.002033584919563067,0.0016843334531081568,34.08145433345311,-118.65699358491956,34.08145433345311,-118.65292641508044,34.0780856665469,-118.65292641508044,34.0780856665469,-118.65699358491956,0.140625,744,0.46830000000000005,42.12660217285156,10,1.7100000381469727,0.0,0.004540000110864639,18.0,286.5,290.1000061035156,5.099999904632568,67.0
34.07996,-118.49755,298.39,0.35,0.57,2025-01-08,902,N21,VIIRS,n,2.0NRT,282.52,0.99,N,2025-01-08 09:02:00,0.002033589481888809,0.0016843334531081568,34.081644333453106,-118.49958358948189,34.081644333453106,-118.49551641051812,34.078275666546894,-118.49551641051812,34.078275666546894,-118.49958358948189,0.140625,225,0.5033,282.3251647949219,10,1.850000023841858,0.0,0.004910000134259462,24.0,286.79998779296875,293.6000061035156,4.699999809265137,50.0
34.07998,-118.64668,313.12,0.36,0.58,2025-01-08,902,N21,VIIRS,n,2.0NRT,280.28,1.86,N,2025-01-08 09:02:00,0.0020335899621361157,0.0016843334531081568,34.081664333453105,-118.64871358996214,34.081664333453105,-118.64464641003786,34.07829566654689,-118.64464641003786,34.07829566654689,-118.64871358996214,0.140625,699,0.384,42.58370590209961,10,1.7100000381469727,0.0,0.004540000110864639,18.0,286.5,290.1000061035156,5.099999904632568,67.0
34.08003,-118.57806,296.64,0.36,0.57,2025-01-08,902,N21,VIIRS,n,2.0NRT,283.5,0.63,N,2025-01-08 09:02:00,0.002033591162756459,0.0016843334531081568,34.08171433345311,-118.58009359116275,34.08171433345311,-118.57602640883724,34.078345666546895,-118.57602640883724,34.078345666546895,-118.58009359116275,0.140625,308,0.2657,16.355701446533203,10,1.6399999856948853,0.0,0.004780000075697899,24.0,287.3999938964844,292.1000061035156,4.800000190734863,59.0
34.08022,-118.50147,301.08,0.35,0.57,2025-01-08,902,N21,VIIRS,n,2.0NRT,282.89,0.99,N,2025-01-08 09:02:00,0.002033595725140816,0.0016843334531081568,34.0819043334531,-118.50350359572514,34.0819043334531,-118.49943640427486,34.07853566654689,-118.49943640427486,34.07853566654689,-118.50350359572514,0.140625,225,0.5033,282.3251647949219,10,1.850000023841858,0.0,0.004910000134259462,24.0,286.79998779296875,293.6000061035156,4.699999809265137,50.0
34.08023,-118.65038,303.91,0.36,0.58,2025-01-08,902,N21,VIIRS,n,2.0NRT,280.44,1.86,N,2025-01-08 09:02:00,0.002033595965267495,0.0016843334531081568,34.081914333453106,-118.65241359596527,34.081914333453106,-118.64834640403473,34.078545666546894,-118.64834640403473,34.078545666546894,-118.65241359596527,0.140625,699,0.384,42.58370590209961,10,1.7100000381469727,0.0,0.004540000110864639,18.0,286.5,290.1000061035156,5.099999904632568,67.0
34.08048,-118.50536,305.03,0.36,0.57,2025-01-08,902,N21,VIIRS,n,2.0NRT,283.01,0.86,N,2025-01-08 09:02:00,0.0020336019684730334,0.0016843334531081568,34.08216433345311,-118.50739360196847,34.08216433345311,-118.50332639803152,34.078795666546895,-118.50332639803152,34.078795666546895,-118.50739360196847,0.140625,230,0.4827,686.5413208007812,10,1.850000023841858,0.0,0.004910000134259462,24.0,286.79998779296875,293.6000061035156,4.699999809265137,50.0
34.08073,-118.50909,313.13,0.36,0.57,2025-01-08,902,N21,VIIRS,n,2.0NRT,282.55,0.86,N,2025-01-08 09:02:00,0.0020336079717527327,0.0016843334531081568,34.08241433345311,-118.51112360797175,34.08241433345311,-118.50705639202825,34.0790456665469,-118.50705639202825,34.0790456665469,-118.51112360797175,0.140625,230,0.4827,686.5413208007812,10,1.850000023841858,0.0,0.004910000134259462,24.0,286.79998779296875,293.6000061035156,4.699999809265137,50.0
34.08099,-118.51288,314.49,0.36,0.57,2025-01-08,902,N21,VIIRS,n,2.0NRT,283.29,1.69,N,2025-01-08 09:02:00,0.0020336142152422897,0.0016843334531081568,34.082674333453106,-118.51491361421523,34.082674333453106,-118.51084638578476,34.079305666546894,-118.51084638578476,34.079305666546894,-118.51491361421523,0.140625,244,0.3044,55.50264358520508,10,1.850000023841858,0.0,0.004910000134259462,24.0,286.79998779296875,293.6000061035156,4.699999809265137,50.0
34.08124,-118.51668,321.0,0.36,0.57,2025-01-08,902,N21,VIIRS,n,2.0NRT,283.42,1.69,N,2025-01-08 09:02:00,0.002033620218673279,0.0016843334531081568,34.08292433345311,-118.51871362021866,34.08292433345311,-118.51464637978133,34.079555666546895,-118.51464637978133,34.079555666546895,-118.51871362021866,0.140625,244,0.3044,55.50264358520508,10,1.850000023841858,0.0,0.004910000134259462,24.0,286.79998779296875,293.6000061035156,4.699999809265137,50.0
34.08149,-118.52039,330.21,0.36,0.57,2025-01-08,902,N21,VIIRS,n,2.0NRT,284.11,3.42,N,2025-01-08 09:02:00,0.0020336262221784312,0.0016843334531081568,34.08317433345311,-118.52242362622218,34.08317433345311,-118.51835637377783,34.079805666546896,-118.51835637377783,34.079805666546896,-118.52242362622218,0.140625,274,0.2321,0.45553675293922424,10,1.850000023841858,0.0,0.004910000134259462,24.0,286.79998779296875,293.6000061035156,4.699999809265137,50.0
34.08171,-118.52374,340.07,0.36,0.57,2025-01-08,902,N21,VIIRS,n,2.0NRT,284.7,3.42,N,2025-01-08 09:02:00,0.002033631505324313,0.0016843334531081568,34.08339433345311,-118.52577363150533,34.08339433345311,-118.52170636849468,34.080025666546895,-118.52170636849468,34.080025666546895,-118.52577363150533,0.140625,274,0.2321,0.45553675293922424,10,1.850000023841858,0.0,0.004910000134259462,24.0,286.79998779296875,293.6000061035156,4.699999809265137,50.0
34.08193,-118.52701,367.0,0.36,0.57,2025-01-08,902,N21,VIIRS,h,2.0NRT,285.15,37.52,N,2025-01-08 09:02:00,0.0020336367885276283,0.0016843334531081568,34.083614333453106,-118.52904363678853,34.083614333453106,-118.52497636321148,34.080245666546894,-118.52497636321148,34.080245666546894,-118.52904363678853,0.140625,274,0.2321,0.45553675293922424,10,1.850000023841858,0.0,0.004910000134259462,24.0,286.79998779296875,293.6000061035156,4.699999809265137,50.0
34.08239,-118.53378,348.92,0.36,0.57,2025-01-08,902,N21,VIIRS,n,2.0NRT,297.48,47.07,N,2025-01-08 09:02:00,0.0020336478354110615,0.0016843334531081568,34.0840743334531,-118.53581364783541,34.0840743334531,-118.53174635216457,34.08070566654689,-118.53174635216457,34.08070566654689,-118.53581364783541,0.140625,441,0.2083,0.6009742021560669,10,1.850000023841858,0.0,0.004910000134259462,24.0,286.79998779296875,293.6000061035156,4.699999809265137,50.0
34.08261,-118.53725,344.64,0.36,0.57,2025-01-08,902,N21,VIIRS,n,2.0NRT,298.06,47.07,N,2025-01-08 09:02:00,0.0020336531187919015,0.0016843334531081568,34.08429433345311,-118.53928365311879,34.08429433345311,-118.53521634688121,34.0809256665469,-118.53521634688121,34.0809256665469,-118.53928365311879,0.140625,441,0.2083,0.6009742021560669,10,1.850000023841858,0.0,0.004910000134259462,24.0,286.79998779296875,293.6000061035156,4.699999809265137,50.0
34.08285,-118.5408,349.35,0.36,0.57,2025-01-08,902,N21,VIIRS,n,2.0NRT,300.22,37.71,N,2025-01-08 09:02:00,0.0020336588825455955,0.0016843334531081568,34.08453433345311,-118.54283365888254,34.08453433345311,-118.53876634111747,34.081165666546894,-118.53876634111747,34.081165666546894,-118.54283365888254,0.140625,425,0.2436,332.1730041503906,10,1.6399999856948853,0.0,0.004780000075697899,24.0,287.3999938964844,292.1000061035156,4.800000190734863,59.0
34.08291,-118.62181,296.24,0.36,0.57,2025-01-08,902,N21,VIIRS,n,2.0NRT,281.96,1.29,N,2025-01-08 09:02:00,0.002033660323494699,0.0016843334531081568,34.084594333453104,-118.62384366032349,34.084594333453104,-118.6197763396765,34.08122566654689,-118.6197763396765,34.08122566654689,-118.62384366032349,0.140625,679,0.5508000000000001,48.35548782348633,10,1.7100000381469727,0.0,0.004540000110864639,18.0,286.5,290.1000061035156,5.099999904632568,67.0
34.0831,-118.54441,346.22,0.36,0.57,2025-01-08,902,N21,VIIRS,n,2.0NRT,296.19,37.71,N,2025-01-08 09:02:00,0.0020336648865283786,0.0016843334531081568,34.08478433345311,-118.54644366488652,34.08478433345311,-118.54237633511347,34.081415666546896,-118.54237633511347,34.081415666546896,-118.54644366488652,0.140625,425,0.2436,332.1730041503906,10,1.6399999856948853,0.0,0.004780000075697899,24.0,287.3999938964844,292.1000061035156,4.800000190734863,59.0
34.08314,-118.62515,298.78,0.36,0.57,2025-01-08,902,N21,VIIRS,n,2.0NRT,281.46,11.71,N,2025-01-08 09:02:00,0.0020336658471725067,0.0016843334531081568,34.084824333453106,-118.62718366584718,34.084824333453106,-118.62311633415283,34.081455666546894,-118.62311633415283,34.081455666546894,-118.62718366584718,0.140625,679,0.5508000000000001,48.35548782348633,10,1.7100000381469727,0.0,0.004540000110864639,18.0,286.5,290.1000061035156,5.099999904632568,67.0
34.08335,-118.54836,346.98,0.36,0.57,2025-01-08,902,N21,VIIRS,n,2.0NRT,284.54,7.53,N,2025-01-08 09:02:00,0.0020336708905853316,0.0016843334531081568,34.08503433345311,-118.55039367089059,34.08503433345311,-118.54632632910942,34.0816656665469,-118.54632632910942,34.0816656665469,-118.55039367089059,0.140625,459,0.2436,538.1364135742188,10,1.6399999856948853,0.0,0.004780000075697899,24.0,287.3999938964844,292.1000061035156,4.800000190734863,59.0
34.08336,-118.62853,306.42,0.36,0.57,2025-01-08,902,N21,VIIRS,n,2.0NRT,281.19,11.71,N,2025-01-08 09:02:00,0.002033671130749152,0.0016843334531081568,34.085044333453105,-118.63056367113074,34.085044333453105,-118.62649632886925,34.08167566654689,-118.62649632886925,34.08167566654689,-118.63056367113074,0.140625,605,0.5508000000000001,45.48933792114258,10,1.7100000381469727,0.0,0.004540000110864639,18.0,286.5,290.1000061035156,5.099999904632568,67.0
34.08359,-118.63205,313.57,0.36,0.57,2025-01-08,902,N21,VIIRS,n,2.0NRT,281.21,87.83,N,2025-01-08 09:02:00,0.0020336766545497854,0.0016843334531081568,34.08527433345311,-118.63408367665456,34.08527433345311,-118.63001632334546,34.081905666546895,-118.63001632334546,34.081905666546895,-118.63408367665456,0.140625,605,0.5508000000000001,45.48933792114258,10,1.7100000381469727,0.0,0.004540000110864639,18.0,286.5,290.1000061035156,5.099999904632568,67.0
34.08364,-118.5526,319.53,0.36,0.57,2025-01-08,902,N21,VIIRS,n,2.0NRT,283.13,7.53,N,2025-01-08 09:02:00,0.0020336778553843174,0.0016843334531081568,34.08532433345311,-118.55463367785538,34.08532433345311,-118.55056632214462,34.0819556665469,-118.55056632214462,34.0819556665469,-118.55463367785538,0.140625,459,0.2436,538.1364135742188,10,1.6399999856948853,0.0,0.004780000075697899,24.0,287.3999938964844,292.1000061035156,4.800000190734863,59.0
34.08382,-118.63557,305.92,0.36,0.58,2025-01-08,902,N21,VIIRS,n,2.0NRT,280.51,87.83,N,2025-01-08 09:02:00,0.0020336821784131976,0.0016843334531081568,34.08550433345311,-118.63760368217841,34.08550433345311,-118.6335363178216,34.0821356665469,-118.6335363178216,34.0821356665469,-118.63760368217841,0.140625,693,0.6857000000000001,48.4984245300293,10,1.5800000429153442,0.0,0.003980000037699938,18.0,287.20001220703125,290.0,5.5,70.0
34.08395,-118.62793,301.92,0.36,0.57,2025-01-08,902,N21,VIIRS,n,2.0NRT,281.48,6.15,N,2025-01-08 09:02:00,0.0020336853006246353,0.0016843334531081568,34.08563433345311,-118.62996368530064,34.08563433345311,-118.62589631469938,34.082265666546895,-118.62589631469938,34.082265666546895,-118.62996368530064,0.140625,693,0.6857000000000001,48.4984245300293,10,1.5800000429153442,0.0,0.003980000037699938,18.0,287.20001220703125,290.0,5.5,70.0
34.08396,-118.55746,307.6,0.36,0.57,2025-01-08,902,N21,VIIRS,n,2.0NRT,282.96,1.06,N,2025-01-08 09:02:00,0.0020336855407955766,0.0016843334531081568,34.085644333453104,-118.5594936855408,34.085644333453104,-118.55542631445921,34.08227566654689,-118.55542631445921,34.08227566654689,-118.5594936855408,0.140625,434,0.233,10.674381256103516,10,0.8999999761581421,0.0,0.004209999926388264,24.0,286.3999938964844,290.5,5.300000190734863,67.0
34.08408,-118.63944,302.03,0.36,0.58,2025-01-08,902,N21,VIIRS,n,2.0NRT,279.95,4.53,N,2025-01-08 09:02:00,0.002033688422856129,0.0016843334531081568,34.085764333453106,-118.64147368842285,34.085764333453106,-118.63740631157714,34.082395666546894,-118.63740631157714,34.082395666546894,-118.64147368842285,0.140625,654,0.661,22.943681716918945,10,1.5800000429153442,0.0,0.003980000037699938,18.0,287.20001220703125,290.0,5.5,70.0
34.0842,-118.63136,308.42,0.36,0.57,2025-01-08,902,N21,VIIRS,n,2.0NRT,281.59,29.94,N,2025-01-08 09:02:00,0.0020336913049337716,0.0016843334531081568,34.08588433345311,-118.63339369130493,34.08588433345311,-118.62932630869507,34.0825156665469,-118.62932630869507,34.0825156665469,-118.63339369130493,0.140625,693,0.6857000000000001,48.4984245300293,10,1.5800000429153442,0.0,0.003980000037699938,18.0,287.20001220703125,290.0,5.5,70.0
34.08429,-118.56242,299.67,0.36,0.57,2025-01-08,902,N21,VIIRS,n,2.0NRT,283.42,1.06,N,2025-01-08 09:02:00,0.002033693466503218,0.0016843334531081568,34.08597433345311,-118.5644536934665,34.08597433345311,-118.5603863065335,34.0826056665469,-118.5603863065335,34.0826056665469,-118.5644536934665,0.140625,434,0.233,10.674381256103516,10,0.8999999761581421,0.0,0.004209999926388264,24.0,286.3999938964844,290.5,5.300000190734863,67.0
34.08436,-118.64384,298.72,0.36,0.58,2025-01-08,902,N21,VIIRS,n,2.0NRT,280.7,4.53,N,2025-01-08 09:02:00,0.002033695147730545,0.0016843334531081568,34.0860443334531,-118.64587369514773,34.0860443334531,-118.64180630485227,34.08267566654689,-118.64180630485227,34.08267566654689,-118.64587369514773,0.140625,654,0.661,22.943681716918945,10,1.5800000429153442,0.0,0.003980000037699938,18.0,287.20001220703125,290.0,5.5,70.0
34.08444,-118.63473,304.67,0.36,0.57,2025-01-08,902,N21,VIIRS,n,2.0NRT,280.78,29.94,N,2025-01-08 09:02:00,0.0020336970691403247,0.0016843334531081568,34.08612433345311,-118.63676369706914,34.08612433345311,-118.63269630293087,34.082755666546895,-118.63269630293087,34.082755666546895,-118.63676369706914,0.140625,693,0.6857000000000001,48.4984245300293,10,1.5800000429153442,0.0,0.003980000037699938,18.0,287.20001220703125,290.0,5.5,70.0
34.08464,-118.64803,295.68,0.36,0.58,2025-01-08,902,N21,VIIRS,n,2.0NRT,281.41,1.47,N,2025-01-08 09:02:00,0.0020337018726980043,0.0016843334531081568,34.086324333453106,-118.65006370187271,34.086324333453106,-118.6459962981273,34.082955666546894,-118.6459962981273,34.082955666546894,-118.65006370187271,0.140625,641,0.6099,1.3504303693771362,10,1.5800000429153442,0.0,0.003980000037699938,18.0,287.20001220703125,290.0,5.5,70.0
34.08471,-118.63851,299.97,0.36,0.57,2025-01-08,902,N21,VIIRS,n,2.0NRT,280.29,4.48,N,2025-01-08 09:02:00,0.0020337035539544075,0.0016843334531081568,34.08639433345311,-118.64054370355394,34.08639433345311,-118.63647629644605,34.083025666546895,-118.63647629644605,34.083025666546895,-118.64054370355394,0.140625,654,0.661,22.943681716918945,10,1.5800000429153442,0.0,0.003980000037699938,18.0,287.20001220703125,290.0,5.5,70.0
34.08569,-118.50425,298.11,0.36,0.57,2025-01-08,902,N21,VIIRS,n,2.0NRT,282.9,0.86,N,2025-01-08 09:02:00,0.0020337270921546714,0.0016843334531081568,34.087374333453106,-118.50628372709215,34.087374333453106,-118.50221627290784,34.084005666546894,-118.50221627290784,34.084005666546894,-118.50628372709215,0.140625,279,0.3695,192.579345703125,10,1.1799999475479126,0.0,0.00443999981507659,24.0,286.29998779296875,291.5,5.099999904632568,65.0
34.08594,-118.5079,301.7,0.36,0.57,2025-01-08,902,N21,VIIRS,n,2.0NRT,282.63,0.86,N,2025-01-08 09:02:00,0.0020337330969800735,0.0016843334531081568,34.08762433345311,-118.50993373309699,34.08762433345311,-118.50586626690303,34.084255666546895,-118.50586626690303,34.084255666546895,-118.50993373309699,0.140625,279,0.3695,192.579345703125,10,1.1799999475479126,0.0,0.00443999981507659,24.0,286.29998779296875,291.5,5.099999904632568,65.0
34.08618,-118.51153,306.1,0.36,0.57,2025-01-08,902,N21,VIIRS,n,2.0NRT,282.66,1.69,N,2025-01-08 09:02:00,0.0020337388616822483,0.0016843334531081568,34.087864333453105,-118.51356373886168,34.087864333453105,-118.50949626113831,34.08449566654689,-118.50949626113831,34.08449566654689,-118.51356373886168,0.140625,320,0.1986,109.09176635742188,10,1.1799999475479126,0.0,0.00443999981507659,24.0,286.29998779296875,291.5,5.099999904632568,65.0
34.08644,-118.5154,308.67,0.36,0.57,2025-01-08,902,N21,VIIRS,n,2.0NRT,282.87,1.69,N,2025-01-08 09:02:00,0.0020337451068534185,0.0016843334531081568,34.08812433345311,-118.51743374510686,34.08812433345311,-118.51336625489314,34.0847556665469,-118.51336625489314,34.0847556665469,-118.51743374510686,0.140625,320,0.1986,109.09176635742188,10,1.1799999475479126,0.0,0.00443999981507659,24.0,286.29998779296875,291.5,5.099999904632568,65.0
34.08671,-118.51946,310.54,0.36,0.57,2025-01-08,902,N21,VIIRS,n,2.0NRT,283.04,3.42,N,2025-01-08 09:02:00,0.0020337515923084023,0.0016843334531081568,34.0883943334531,-118.5214937515923,34.0883943334531,-118.51742624840769,34.08502566654689,-118.51742624840769,34.08502566654689,-118.5214937515923,0.140625,278,0.2156,0.4342634677886963,10,1.1799999475479126,0.0,0.00443999981507659,24.0,286.29998779296875,291.5,5.099999904632568,65.0
34.08697,-118.52332,312.09,0.36,0.57,2025-01-08,902,N21,VIIRS,n,2.0NRT,283.11,3.42,N,2025-01-08 09:02:00,0.002033757837643129,0.0016843334531081568,34.08865433345311,-118.52535375783764,34.08865433345311,-118.52128624216236,34.085285666546895,-118.52128624216236,34.085285666546895,-118.52535375783764,0.140625,278,0.2156,0.4342634677886963,10,1.1799999475479126,0.0,0.00443999981507659,24.0,286.29998779296875,291.5,5.099999904632568,65.0
34.08722,-118.52706,316.31,0.36,0.57,2025-01-08,902,N21,VIIRS,n,2.0NRT,283.52,37.52,N,2025-01-08 09:02:00,0.0020337638428483407,0.0016843334531081568,34.08890433345311,-118.52909376384285,34.08890433345311,-118.52502623615716,34.085535666546896,-118.52502623615716,34.085535666546896,-118.52909376384285,0.140625,278,0.2156,0.4342634677886963,10,1.1799999475479126,0.0,0.00443999981507659,24.0,286.29998779296875,291.5,5.099999904632568,65.0
34.08746,-118.53052,325.55,0.36,0.57,2025-01-08,902,N21,VIIRS,n,2.0NRT,283.87,37.52,N,2025-01-08 09:02:00,0.002033769607915136,0.0016843334531081568,34.089144333453106,-118.53255376960792,34.089144333453106,-118.52848623039208,34.085775666546894,-118.52848623039208,34.085775666546894,-118.53255376960792,0.140625,342,0.2156,0.6009741425514221,10,1.1799999475479126,0.0,0.00443999981507659,24.0,286.29998779296875,291.5,5.099999904632568,65.0
34.08767,-118.53377,323.5,0.36,0.57,2025-01-08,902,N21,VIIRS,n,2.0NRT,283.19,47.07,N,2025-01-08 09:02:00,0.0020337746524046662,0.0016843334531081568,34.08935433345311,-118.53580377465241,34.08935433345311,-118.5317362253476,34.0859856665469,-118.5317362253476,34.0859856665469,-118.53580377465241,0.140625,342,0.2156,0.6009741425514221,10,1.1799999475479126,0.0,0.00443999981507659,24.0,286.29998779296875,291.5,5.099999904632568,65.0
34.08789,-118.53695,319.16,0.36,0.57,2025-01-08,902,N21,VIIRS,n,2.0NRT,282.97,47.07,N,2025-01-08 09:02:00,0.0020337799371641274,0.0016843334531081568,34.08957433345311,-118.53898377993717,34.08957433345311,-118.53491622006284,34.086205666546896,-118.53491622006284,34.086205666546896,-118.53898377993717,0.140625,342,0.2156,0.6009741425514221,10,1.1799999475479126,0.0,0.00443999981507659,24.0,286.29998779296875,291.5,5.099999904632568,65.0
34.08811,-118.5403,318.41,0.36,0.57,2025-01-08,902,N21,VIIRS,n,2.0NRT,282.71,37.71,N,2025-01-08 09:02:00,0.0020337852219810383,0.0016843334531081568,34.089794333453106,-118.54233378522198,34.089794333453106,-118.53826621477802,34.086425666546894,-118.53826621477802,34.086425666546894,-118.54233378522198,0.140625,452,0.2129,0.9667723774909973,10,0.8999999761581421,0.0,0.004209999926388264,24.0,286.3999938964844,290.5,5.300000190734863,67.0
34.08834,-118.54374,314.57,0.36,0.57,2025-01-08,902,N21,VIIRS,n,2.0NRT,282.68,37.71,N,2025-01-08 09:02:00,0.0020337907470783273,0.0016843334531081568,34.09002433345311,-118.54577379074708,34.09002433345311,-118.54170620925292,34.086655666546896,-118.54170620925292,34.086655666546896,-118.54577379074708,0.140625,452,0.2129,0.9667723774909973,10,0.8999999761581421,0.0,0.004209999926388264,24.0,286.3999938964844,290.5,5.300000190734863,67.0
34.08859,-118.5474,307.22,0.36,0.57,2025-01-08,902,N21,VIIRS,n,2.0NRT,282.19,7.53,N,2025-01-08 09:02:00,0.002033796752690079,0.0016843334531081568,34.09027433345311,-118.54943379675268,34.09027433345311,-118.54536620324731,34.0869056665469,-118.54536620324731,34.0869056665469,-118.54943379675268,0.140625,507,0.2151,8.477612495422363,10,0.8999999761581421,0.0,0.004209999926388264,24.0,286.3999938964844,290.5,5.300000190734863,67.0
34.08872,-118.62924,325.88,0.36,0.57,2025-01-08,902,N21,VIIRS,n,2.0NRT,282.51,2.21,N,2025-01-08 09:02:00,0.0020337998756375097,0.0016843334531081568,34.09040433345311,-118.63127379987563,34.09040433345311,-118.62720620012436,34.087035666546896,-118.62720620012436,34.087035666546896,-118.63127379987563,0.140625,693,0.6857000000000001,48.4984245300293,10,1.5800000429153442,0.0,0.003980000037699938,18.0,287.20001220703125,290.0,5.5,70.0
34.08886,-118.55138,301.15,0.36,0.57,2025-01-08,902,N21,VIIRS,n,2.0NRT,281.91,7.53,N,2025-01-08 09:02:00,0.0020338032388341008,0.0016843334531081568,34.0905443334531,-118.55341380323883,34.0905443334531,-118.54934619676116,34.08717566654689,-118.54934619676116,34.08717566654689,-118.55341380323883,0.140625,507,0.2151,8.477612495422363,10,0.8999999761581421,0.0,0.004209999926388264,24.0,286.3999938964844,290.5,5.300000190734863,67.0
34.08894,-118.63244,332.04,0.36,0.57,2025-01-08,902,N21,VIIRS,n,2.0NRT,282.24,1.84,N,2025-01-08 09:02:00,0.00203380516067117,0.0016843334531081568,34.09062433345311,-118.63447380516067,34.09062433345311,-118.63040619483934,34.087255666546895,-118.63040619483934,34.087255666546895,-118.63447380516067,0.140625,693,0.6857000000000001,48.4984245300293,10,1.5800000429153442,0.0,0.003980000037699938,18.0,287.20001220703125,290.0,5.5,70.0
34.08915,-118.55582,295.99,0.36,0.57,2025-01-08,902,N21,VIIRS,n,2.0NRT,282.28,1.06,N,2025-01-08 09:02:00,0.002033810205529622,0.0016843334531081568,34.0908343334531,-118.55785381020553,34.0908343334531,-118.55378618979447,34.08746566654689,-118.55378618979447,34.08746566654689,-118.55785381020553,0.140625,434,0.233,10.674381256103516,10,0.8999999761581421,0.0,0.004209999926388264,24.0,286.3999938964844,290.5,5.300000190734863,67.0
34.09163,-118.51396,297.64,0.36,0.57,2025-01-08,902,N21,VIIRS,n,2.0NRT,281.92,1.37,N,2025-01-08 09:02:00,0.0020338697868653235,0.0016843334531081568,34.09331433345311,-118.51599386978687,34.09331433345311,-118.51192613021313,34.089945666546896,-118.51192613021313,34.089945666546896,-118.51599386978687,0.140625,320,0.1986,109.09176635742188,10,1.1799999475479126,0.0,0.00443999981507659,24.0,286.29998779296875,291.5,5.099999904632568,65.0
34.09191,-118.51811,298.63,0.36,0.57,2025-01-08,902,N21,VIIRS,n,2.0NRT,282.58,0.98,N,2025-01-08 09:02:00,0.002033876514249039,0.0016843334531081568,34.093594333453105,-118.52014387651424,34.093594333453105,-118.51607612348575,34.09022566654689,-118.51607612348575,34.09022566654689,-118.52014387651424,0.140625,320,0.1986,109.09176635742188,10,1.1799999475479126,0.0,0.00443999981507659,24.0,286.29998779296875,291.5,5.099999904632568,65.0
34.09219,-118.52228,299.7,0.36,0.57,2025-01-08,902,N21,VIIRS,n,2.0NRT,282.83,0.98,N,2025-01-08 09:02:00,0.0020338832417258323,0.0016843334531081568,34.09387433345311,-118.52431388324172,34.09387433345311,-118.52024611675827,34.090505666546896,-118.52024611675827,34.090505666546896,-118.52431388324172,0.140625,278,0.2156,0.4342634677886963,10,1.1799999475479126,0.0,0.00443999981507659,24.0,286.29998779296875,291.5,5.099999904632568,65.0
34.09246,-118.52627,324.71,0.36,0.57,2025-01-08,902,N21,VIIRS,n,2.0NRT,282.73,2.21,N,2025-01-08 09:02:00,0.0020338897290237486,0.0016843334531081568,34.09414433345311,-118.52830388972902,34.09414433345311,-118.52423611027098,34.0907756665469,-118.52423611027098,34.0907756665469,-118.52830388972902,0.140625,278,0.2156,0.4342634677886963,10,1.1799999475479126,0.0,0.00443999981507659,24.0,286.29998779296875,291.5,5.099999904632568,65.0
34.09271,-118.52998,339.68,0.36,0.57,2025-01-08,902,N21,VIIRS,n,2.0NRT,283.46,2.21,N,2025-01-08 09:02:00,0.0020338957358582497,0.0016843334531081568,34.0943943334531,-118.53201389573586,34.0943943334531,-118.52794610426413,34.09102566654689,-118.52794610426413,34.09102566654689,-118.53201389573586,0.140625,342,0.2156,0.6009741425514221,10,1.1799999475479126,0.0,0.00443999981507659,24.0,286.29998779296875,291.5,5.099999904632568,65.0
34.09294,-118.53334,312.86,0.36,0.57,2025-01-08,902,N21,VIIRS,n,2.0NRT,282.97,1.55,N,2025-01-08 09:02:00,0.0020339012622115275,0.0016843334531081568,34.094624333453105,-118.5353739012622,34.094624333453105,-118.53130609873779,34.09125566654689,-118.53130609873779,34.09125566654689,-118.5353739012622,0.140625,331,0.21830000000000002,0.6009743213653564,10,1.1799999475479126,0.0,0.00443999981507659,24.0,286.29998779296875,291.5,5.099999904632568,65.0
34.09316,-118.53665,307.76,0.36,0.57,2025-01-08,902,N21,VIIRS,n,2.0NRT,282.64,1.55,N,2025-01-08 09:02:00,0.0020339065483473457,0.0016843334531081568,34.0948443334531,-118.53868390654834,34.0948443334531,-118.53461609345165,34.09147566654689,-118.53461609345165,34.09147566654689,-118.53868390654834,0.140625,331,0.21830000000000002,0.6009743213653564,10,1.1799999475479126,0.0,0.00443999981507659,24.0,286.29998779296875,291.5,5.099999904632568,65.0
34.09338,-118.5399,310.06,0.36,0.57,2025-01-08,902,N21,VIIRS,n,2.0NRT,282.29,1.03,N,2025-01-08 09:02:00,0.0020339118345406287,0.0016843334531081568,34.09506433345311,-118.54193391183455,34.09506433345311,-118.53786608816546,34.0916956665469,-118.53786608816546,34.0916956665469,-118.54193391183455,0.140625,420,0.19390000000000002,0.9146744608879089,10,0.8999999761581421,0.0,0.004209999926388264,24.0,286.3999938964844,290.5,5.300000190734863,67.0
34.0936,-118.54315,300.93,0.36,0.57,2025-01-08,902,N21,VIIRS,n,2.0NRT,282.01,1.03,N,2025-01-08 09:02:00,0.0020339171207913766,0.0016843334531081568,34.09528433345311,-118.5451839171208,34.09528433345311,-118.5411160828792,34.091915666546896,-118.5411160828792,34.091915666546896,-118.5451839171208,0.140625,420,0.19390000000000002,0.9146744608879089,10,0.8999999761581421,0.0,0.004209999926388264,24.0,286.3999938964844,290.5,5.300000190734863,67.0
34.09383,-118.54655,297.87,0.36,0.57,2025-01-08,902,N21,VIIRS,n,2.0NRT,281.95,0.99,N,2025-01-08 09:02:00,0.002033922647387692,0.0016843334531081568,34.0955143334531,-118.54858392264738,34.0955143334531,-118.54451607735261,34.09214566654689,-118.54451607735261,34.09214566654689,-118.54858392264738,0.140625,542,0.21400000000000002,10.64715576171875,10,0.8999999761581421,0.0,0.004209999926388264,24.0,286.3999938964844,290.5,5.300000190734863,67.0
34.14832,-118.72215,295.13,0.37,0.58,2025-01-08,902,N21,VIIRS,n,2.0NRT,281.48,0.21,N,2025-01-08 09:02:00,0.0020352337417873663,0.0016843334531081568,34.150004333453104,-118.72418523374179,34.150004333453104,-118.7201147662582,34.14663566654689,-118.7201147662582,34.14663566654689,-118.72418523374179,0.140625,331,0.23570000000000002,0.0,30,2.690000057220459,0.0,0.003860000055283308,24.0,287.20001220703125,292.29998779296875,6.300000190734863,63.0
34.01585,-118.48813,295.32,0.59,0.7,2025-01-08,1042,N21,VIIRS,n,2.0NRT,262.0,0.83,N,2025-01-08 10:42:00,0.002032052485809008,0.0016843334531081568,34.017534333453106,-118.4901620524858,34.017534333453106,-118.4860979475142,34.014165666546894,-118.4860979475142,34.014165666546894,-118.4901620524858,0.140625,32,0.2202,3205.2822265625,50,3.0399999618530273,0.0,0.005319999996572733,31.0,284.0,294.29998779296875,4.300000190734863,47.0
34.01761,-118.49422,298.2,0.59,0.7,2025-01-08,1042,N21,VIIRS,n,2.0NRT,262.43,0.83,N,2025-01-08 10:42:00,0.0020320946157067186,0.0016843334531081568,34.019294333453104,-118.4962520946157,34.019294333453104,-118.4921879053843,34.01592566654689,-118.4921879053843,34.01592566654689,-118.4962520946157,0.140625,26,0.22920000000000001,2146.337890625,50,2.7200000286102295,0.0,0.005260000005364418,24.0,285.20001220703125,294.1000061035156,4.400000095367432,48.0
34.01937,-118.50035,301.67,0.59,0.7,2025-01-08,1042,N21,VIIRS,n,2.0NRT,263.13,2.56,N,2025-01-08 10:42:00,0.0020321367492689263,0.0016843334531081568,34.02105433345311,-118.50238213674926,34.02105433345311,-118.49831786325073,34.017685666546896,-118.49831786325073,34.017685666546896,-118.50238213674926,0.140625,26,0.22920000000000001,2146.337890625,50,2.7200000286102295,0.0,0.005260000005364418,24.0,285.20001220703125,294.1000061035156,4.400000095367432,48.0
34.02003,-118.52642,299.09,0.59,0.7,2025-01-08,1042,N21,VIIRS,n,2.0NRT,264.56,2.71,N,2025-01-08 10:42:00,0.0020321525502995704,0.0016843334531081568,34.021714333453104,-118.5284521525503,34.021714333453104,-118.5243878474497,34.01834566654689,-118.5243878474497,34.01834566654689,-118.5284521525503,0.140625,0,,,80,2.7200000286102295,0.0,0.005260000005364418,24.0,285.20001220703125,294.1000061035156,4.400000095367432,48.0
34.02027,-118.47964,296.92,0.6,0.7,2025-01-08,1042,N21,VIIRS,n,2.0NRT,263.64,1.16,N,2025-01-08 10:42:00,0.0020321582962566746,0.0016843334531081568,34.0219543334531,-118.48167215829626,34.0219543334531,-118.47760784170374,34.01858566654689,-118.47760784170374,34.01858566654689,-118.48167215829626,0.140625,43,0.2691,5932.37548828125,50,3.0399999618530273,0.0,0.005319999996572733,31.0,284.0,294.29998779296875,4.300000190734863,47.0
34.02106,-118.50623,305.14,0.59,0.7,2025-01-08,1042,N21,VIIRS,n,2.0NRT,263.0,2.56,N,2025-01-08 10:42:00,0.0020321772105135164,0.0016843334531081568,34.022744333453105,-118.50826217721051,34.022744333453105,-118.5041978227895,34.01937566654689,-118.5041978227895,34.01937566654689,-118.50826217721051,0.140625,44,0.4037,3668.635009765625,50,2.7200000286102295,0.0,0.005260000005364418,24.0,285.20001220703125,294.1000061035156,4.400000095367432,48.0
34.02177,-118.53247,299.77,0.59,0.7,2025-01-08,1042,N21,VIIRS,n,2.0NRT,265.09,2.71,N,2025-01-08 10:42:00,0.0020321942100326325,0.0016843334531081568,34.0234543334531,-118.53450219421003,34.0234543334531,-118.53043780578997,34.02008566654689,-118.53043780578997,34.02008566654689,-118.53450219421003,0.140625,0,,333.5873718261719,80,2.7200000286102295,0.0,0.005260000005364418,24.0,285.20001220703125,294.1000061035156,4.400000095367432,48.0
34.02203,-118.48573,301.43,0.59,0.7,2025-01-08,1042,N21,VIIRS,n,2.0NRT,262.56,2.46,N,2025-01-08 10:42:00,0.0020322004353578536,0.0016843334531081568,34.02371433345311,-118.48776220043536,34.02371433345311,-118.48369779956465,34.020345666546895,-118.48369779956465,34.020345666546895,-118.48776220043536,0.140625,42,0.2587,6495.8115234375,50,3.0399999618530273,0.0,0.005319999996572733,31.0,284.0,294.29998779296875,4.300000190734863,47.0
34.02264,-118.61803,295.58,0.58,0.7,2025-01-08,1042,N21,VIIRS,n,2.0NRT,265.44,2.48,N,2025-01-08 10:42:00,0.0020322150412425436,0.0016843334531081568,34.02432433345311,-118.62006221504124,34.02432433345311,-118.61599778495876,34.0209556665469,-118.61599778495876,34.0209556665469,-118.62006221504124,0.140625,0,,,80,,0.0,0.005179999861866236,24.0,286.20001220703125,295.0,4.599999904632568,49.0
34.02274,-118.51206,309.32,0.59,0.7,2025-01-08,1042,N21,VIIRS,n,2.0NRT,263.02,8.33,N,2025-01-08 10:42:00,0.002032217435691877,0.0016843334531081568,34.024424333453105,-118.5140922174357,34.024424333453105,-118.51002778256431,34.02105566654689,-118.51002778256431,34.02105566654689,-118.5140922174357,0.140625,19,0.404,3962.3056640625,50,2.7200000286102295,0.0,0.005260000005364418,24.0,285.20001220703125,294.1000061035156,4.400000095367432,48.0
34.02351,-118.53851,299.63,0.59,0.7,2025-01-08,1042,N21,VIIRS,n,2.0NRT,265.84,2.77,N,2025-01-08 10:42:00,0.0020322358733480916,0.0016843334531081568,34.02519433345311,-118.54054223587335,34.02519433345311,-118.53647776412666,34.021825666546896,-118.53647776412666,34.021825666546896,-118.54054223587335,0.140625,0,,,80,,0.0,0.005200000014156103,24.0,286.0,294.79998779296875,4.5,49.0
34.02379,-118.4919,307.06,0.59,0.7,2025-01-08,1042,N21,VIIRS,n,2.0NRT,262.62,2.46,N,2025-01-08 10:42:00,0.0020322425781243015,0.0016843334531081568,34.025474333453104,-118.49393224257813,34.025474333453104,-118.48986775742188,34.02210566654689,-118.48986775742188,34.02210566654689,-118.49393224257813,0.140625,42,0.2587,6495.8115234375,50,3.0399999618530273,0.0,0.005319999996572733,31.0,284.0,294.29998779296875,4.300000190734863,47.0
34.02433,-118.62403,298.83,0.58,0.7,2025-01-08,1042,N21,VIIRS,n,2.0NRT,266.27,2.12,N,2025-01-08 10:42:00,0.002032255509026132,0.0016843334531081568,34.026014333453105,-118.62606225550903,34.026014333453105,-118.62199774449098,34.02264566654689,-118.62199774449098,34.02264566654689,-118.62606225550903,0.140625,0,,,80,,0.0,0.005200000014156103,18.0,286.3999938964844,294.5,4.699999809265137,50.0
34.02468,-118.47112,296.1,0.6,0.7,2025-01-08,1042,N21,VIIRS,n,2.0NRT,264.04,1.16,N,2025-01-08 10:42:00,0.00203226389035052,0.0016843334531081568,34.0263643334531,-118.47315226389036,34.0263643334531,-118.46908773610964,34.02299566654689,-118.46908773610964,34.02299566654689,-118.47315226389036,0.140625,53,0.2028,2204.35009765625,50,3.0399999618530273,0.0,0.005319999996572733,31.0,284.0,294.29998779296875,4.300000190734863,47.0
34.02525,-118.54455,299.91,0.59,0.7,2025-01-08,1042,N21,VIIRS,n,2.0NRT,265.64,2.77,N,2025-01-08 10:42:00,0.0020322775402462443,0.0016843334531081568,34.026934333453106,-118.54658227754025,34.026934333453106,-118.54251772245975,34.023565666546894,-118.54251772245975,34.023565666546894,-118.54658227754025,0.140625,0,,,80,,0.0,0.005200000014156103,24.0,286.0,294.79998779296875,4.5,49.0
34.02555,-118.49802,313.74,0.59,0.7,2025-01-08,1042,N21,VIIRS,n,2.0NRT,263.13,5.88,N,2025-01-08 10:42:00,0.0020322847245563265,0.0016843334531081568,34.02723433345311,-118.50005228472455,34.02723433345311,-118.49598771527545,34.0238656665469,-118.49598771527545,34.0238656665469,-118.50005228472455,0.140625,45,0.4037,8120.47802734375,50,2.7200000286102295,0.0,0.005260000005364418,24.0,285.20001220703125,294.1000061035156,4.400000095367432,48.0
34.02602,-118.63002,302.23,0.58,0.7,2025-01-08,1042,N21,VIIRS,n,2.0NRT,266.41,2.12,N,2025-01-08 10:42:00,0.0020322959801896035,0.0016843334531081568,34.02770433345311,-118.63205229598019,34.02770433345311,-118.62798770401982,34.0243356665469,-118.62798770401982,34.0243356665469,-118.63205229598019,0.140625,0,,,80,,0.0,0.005200000014156103,18.0,286.3999938964844,294.5,4.699999809265137,50.0
34.02605,-118.61842,301.63,0.58,0.7,2025-01-08,1042,N21,VIIRS,n,2.0NRT,265.55,3.18,N,2025-01-08 10:42:00,0.0020322966986431566,0.0016843334531081568,34.027734333453104,-118.62045229669864,34.027734333453104,-118.61638770330136,34.02436566654689,-118.61638770330136,34.02436566654689,-118.62045229669864,0.140625,0,,,80,,0.0,0.005200000014156103,18.0,286.3999938964844,294.5,4.699999809265137,50.0
34.02617,-118.52397,314.69,0.59,0.7,2025-01-08,1042,N21,VIIRS,n,2.0NRT,265.79,2.71,N,2025-01-08 10:42:00,0.0020322995724680218,0.0016843334531081568,34.02785433345311,-118.52600229957247,34.02785433345311,-118.52193770042754,34.024485666546894,-118.52193770042754,34.024485666546894,-118.52600229957247,0.140625,1,0.2416,1082.1866455078125,80,2.7200000286102295,0.0,0.005260000005364418,24.0,285.20001220703125,294.1000061035156,4.400000095367432,48.0
34.02641,-118.47713,300.44,0.6,0.7,2025-01-08,1042,N21,VIIRS,n,2.0NRT,263.35,1.16,N,2025-01-08 10:42:00,0.0020323053201688783,0.0016843334531081568,34.028094333453105,-118.47916230532017,34.028094333453105,-118.47509769467983,34.02472566654689,-118.47509769467983,34.02472566654689,-118.47916230532017,0.140625,46,0.2849,4148.037109375,50,3.0399999618530273,0.0,0.005319999996572733,31.0,284.0,294.29998779296875,4.300000190734863,47.0
34.02699,-118.55058,300.34,0.59,0.7,2025-01-08,1042,N21,VIIRS,n,2.0NRT,264.0,3.0,N,2025-01-08 10:42:00,0.0020323192107273877,0.0016843334531081568,34.028674333453104,-118.55261231921072,34.028674333453104,-118.54854768078927,34.02530566654689,-118.54854768078927,34.02530566654689,-118.55261231921072,0.140625,0,,,80,,0.0,0.005200000014156103,24.0,286.0,294.79998779296875,4.5,49.0
34.02732,-118.50415,320.4,0.59,0.7,2025-01-08,1042,N21,VIIRS,n,2.0NRT,263.7,5.88,N,2025-01-08 10:42:00,0.002032327114153903,0.0016843334531081568,34.02900433345311,-118.50618232711415,34.02900433345311,-118.50211767288584,34.0256356665469,-118.50211767288584,34.0256356665469,-118.50618232711415,0.140625,44,0.4037,3668.635009765625,50,2.7200000286102295,0.0,0.005260000005364418,24.0,285.20001220703125,294.1000061035156,4.400000095367432,48.0
34.0277,-118.63602,306.23,0.58,0.7,2025-01-08,1042,N21,VIIRS,n,2.0NRT,266.83,3.2,N,2025-01-08 10:42:00,0.0020323362152289462,0.0016843334531081568,34.02938433345311,-118.63805233621522,34.02938433345311,-118.63398766378478,34.0260156665469,-118.63398766378478,34.0260156665469,-118.63805233621522,0.140625,0,,,80,,0.0,0.005200000014156103,18.0,286.3999938964844,294.5,4.699999809265137,50.0
34.02777,-118.6244,306.48,0.58,0.7,2025-01-08,1042,N21,VIIRS,n,2.0NRT,266.31,3.18,N,2025-01-08 10:42:00,0.002032337891761411,0.0016843334531081568,34.0294543334531,-118.62643233789176,34.0294543334531,-118.62236766210823,34.02608566654689,-118.62236766210823,34.02608566654689,-118.62643233789176,0.140625,0,,,80,,0.0,0.005200000014156103,18.0,286.3999938964844,294.5,4.699999809265137,50.0
34.02789,-118.52995,315.16,0.59,0.7,2025-01-08,1042,N21,VIIRS,n,2.0NRT,266.16,2.71,N,2025-01-08 10:42:00,0.002032340765830559,0.0016843334531081568,34.029574333453105,-118.53198234076584,34.029574333453105,-118.52791765923416,34.02620566654689,-118.52791765923416,34.02620566654689,-118.53198234076584,0.140625,0,,333.5873718261719,80,2.7200000286102295,0.0,0.005260000005364418,24.0,285.20001220703125,294.1000061035156,4.400000095367432,48.0
34.02818,-118.48333,306.73,0.59,0.7,2025-01-08,1042,N21,VIIRS,n,2.0NRT,262.86,2.46,N,2025-01-08 10:42:00,0.0020323477115680296,0.0016843334531081568,34.029864333453105,-118.48536234771156,34.029864333453105,-118.48129765228843,34.02649566654689,-118.48129765228843,34.02649566654689,-118.48536234771156,0.140625,46,0.2849,4148.037109375,50,3.0399999618530273,0.0,0.005319999996572733,31.0,284.0,294.29998779296875,4.300000190734863,47.0
34.02872,-118.55662,301.0,0.59,0.7,2025-01-08,1042,N21,VIIRS,n,2.0NRT,263.75,3.0,N,2025-01-08 10:42:00,0.0020323606452754637,0.0016843334531081568,34.030404333453106,-118.55865236064527,34.030404333453106,-118.55458763935472,34.027035666546894,-118.55458763935472,34.027035666546894,-118.55865236064527,0.140625,0,,,80,,0.0,0.005200000014156103,24.0,286.0,294.79998779296875,4.5,49.0
34.029,-118.50999,327.53,0.59,0.7,2025-01-08,1042,N21,VIIRS,n,2.0NRT,264.26,15.72,N,2025-01-08 10:42:00,0.0020323673517781632,0.0016843334531081568,34.03068433345311,-118.51202236735178,34.03068433345311,-118.50795763264823,34.0273156665469,-118.50795763264823,34.0273156665469,-118.51202236735178,0.140625,44,0.4037,3668.635009765625,50,2.7200000286102295,0.0,0.005260000005364418,24.0,285.20001220703125,294.1000061035156,4.400000095367432,48.0
34.02938,-118.64198,308.86,0.58,0.7,2025-01-08,1042,N21,VIIRS,n,2.0NRT,267.86,3.2,N,2025-01-08 10:42:00,0.0020323764536088283,0.0016843334531081568,34.03106433345311,-118.64401237645362,34.03106433345311,-118.63994762354639,34.0276956665469,-118.63994762354639,34.0276956665469,-118.64401237645362,0.140625,0,,,80,,0.0,0.005200000014156103,18.0,286.3999938964844,294.5,4.699999809265137,50.0
34.02949,-118.63036,312.28,0.58,0.7,2025-01-08,1042,N21,VIIRS,n,2.0NRT,265.93,5.86,N,2025-01-08 10:42:00,0.002032379088381184,0.0016843334531081568,34.03117433345311,-118.63239237908837,34.03117433345311,-118.62832762091162,34.0278056665469,-118.62832762091162,34.0278056665469,-118.63239237908837,0.140625,0,,,80,,0.0,0.005200000014156103,18.0,286.3999938964844,294.5,4.699999809265137,50.0
34.02957,-118.58328,295.49,0.59,0.7,2025-01-08,1042,N21,VIIRS,n,2.0NRT,264.51,3.46,N,2025-01-08 10:42:00,0.002032381004588256,0.0016843334531081568,34.031254333453106,-118.58531238100458,34.031254333453106,-118.58124761899542,34.027885666546894,-118.58124761899542,34.027885666546894,-118.58531238100458,0.140625,0,,,80,,0.0,0.005179999861866236,24.0,286.20001220703125,295.0,4.599999904632568,49.0
34.02961,-118.5359,314.74,0.59,0.7,2025-01-08,1042,N21,VIIRS,n,2.0NRT,266.28,2.77,N,2025-01-08 10:42:00,0.0020323819626946334,0.0016843334531081568,34.031294333453104,-118.53793238196269,34.031294333453104,-118.5338676180373,34.02792566654689,-118.5338676180373,34.02792566654689,-118.53793238196269,0.140625,0,,333.5873718261719,80,2.7200000286102295,0.0,0.005260000005364418,24.0,285.20001220703125,294.1000061035156,4.400000095367432,48.0
34.02999,-118.4896,314.69,0.59,0.7,2025-01-08,1042,N21,VIIRS,n,2.0NRT,262.61,2.46,N,2025-01-08 10:42:00,0.0020323910647996758,0.0016843334531081568,34.031674333453104,-118.4916323910648,34.031674333453104,-118.4875676089352,34.02830566654689,-118.4875676089352,34.02830566654689,-118.4916323910648,0.140625,61,0.3645,5044.6728515625,50,3.0399999618530273,0.0,0.005319999996572733,31.0,284.0,294.29998779296875,4.300000190734863,47.0
34.03076,-118.51614,334.52,0.59,0.7,2025-01-08,1042,N21,VIIRS,n,2.0NRT,265.21,15.72,N,2025-01-08 10:42:00,0.0020324095090629318,0.0016843334531081568,34.03244433345311,-118.51817240950906,34.03244433345311,-118.51410759049092,34.029075666546895,-118.51410759049092,34.029075666546895,-118.51817240950906,0.140625,54,0.3825,1528.7406005859375,10,2.7200000286102295,0.0,0.005260000005364418,24.0,285.20001220703125,294.1000061035156,4.400000095367432,48.0
34.03081,-118.46857,296.61,0.6,0.7,2025-01-08,1042,N21,VIIRS,n,2.0NRT,264.14,1.16,N,2025-01-08 10:42:00,0.0020324107067666306,0.0016843334531081568,34.03249433345311,-118.47060241070676,34.03249433345311,-118.46653758929324,34.029125666546896,-118.46653758929324,34.029125666546896,-118.47060241070676,0.140625,53,0.436,7745.138671875,50,3.0399999618530273,0.0,0.005319999996572733,31.0,284.0,294.29998779296875,4.300000190734863,47.0
34.03108,-118.64803,308.3,0.58,0.7,2025-01-08,1042,N21,VIIRS,n,2.0NRT,268.38,3.27,N,2025-01-08 10:42:00,0.0020324171744177427,0.0016843334531081568,34.03276433345311,-118.65006241717442,34.03276433345311,-118.64599758282559,34.0293956665469,-118.64599758282559,34.0293956665469,-118.65006241717442,0.140625,0,,785.7019653320312,80,,0.0,0.005200000014156103,18.0,286.3999938964844,294.5,4.699999809265137,50.0
34.03121,-118.63633,322.1,0.58,0.7,2025-01-08,1042,N21,VIIRS,n,2.0NRT,267.28,5.86,N,2025-01-08 10:42:00,0.0020324202885027604,0.0016843334531081568,34.03289433345311,-118.6383624202885,34.03289433345311,-118.6342975797115,34.029525666546895,-118.6342975797115,34.029525666546895,-118.6383624202885,0.140625,0,0.2684,737.0198974609375,80,,0.0,0.005200000014156103,18.0,286.3999938964844,294.5,4.699999809265137,50.0
34.03135,-118.54201,314.44,0.59,0.7,2025-01-08,1042,N21,VIIRS,n,2.0NRT,265.83,2.77,N,2025-01-08 10:42:00,0.002032423642155152,0.0016843334531081568,34.03303433345311,-118.54404242364215,34.03303433345311,-118.53997757635786,34.0296656665469,-118.53997757635786,34.0296656665469,-118.54404242364215,0.140625,1,0.1704,1294.5556640625,80,,0.0,0.005200000014156103,24.0,286.0,294.79998779296875,4.5,49.0
34.03176,-118.49577,323.21,0.59,0.7,2025-01-08,1042,N21,VIIRS,n,2.0NRT,263.31,5.88,N,2025-01-08 10:42:00,0.0020324334636992016,0.0016843334531081568,34.033444333453104,-118.49780243346369,34.033444333453104,-118.4937375665363,34.03007566654689,-118.4937375665363,34.03007566654689,-118.49780243346369,0.140625,67,0.5067,2725.923095703125,50,2.7200000286102295,0.0,0.005260000005364418,24.0,285.20001220703125,294.1000061035156,4.400000095367432,48.0
34.03254,-118.52233,354.31,0.59,0.7,2025-01-08,1042,N21,VIIRS,n,2.0NRT,268.76,48.12,N,2025-01-08 10:42:00,0.00203245214913729,0.0016843334531081568,34.0342243334531,-118.52436245214913,34.0342243334531,-118.52029754785086,34.03085566654689,-118.52029754785086,34.03085566654689,-118.52436245214913,0.140625,39,0.23470000000000002,1522.534912109375,50,2.7200000286102295,0.0,0.005260000005364418,24.0,285.20001220703125,294.1000061035156,4.400000095367432,48.0
34.03257,-118.4747,300.75,0.6,0.7,2025-01-08,1042,N21,VIIRS,n,2.0NRT,262.91,1.16,N,2025-01-08 10:42:00,0.0020324528678223692,0.0016843334531081568,34.034254333453106,-118.47673245286782,34.034254333453106,-118.47266754713218,34.030885666546894,-118.47266754713218,34.030885666546894,-118.47673245286782,0.140625,55,0.3645,4158.0576171875,50,3.0399999618530273,0.0,0.005319999996572733,31.0,284.0,294.29998779296875,4.300000190734863,47.0
34.03278,-118.65405,306.97,0.58,0.7,2025-01-08,1042,N21,VIIRS,n,2.0NRT,269.08,3.27,N,2025-01-08 10:42:00,0.002032457898647758,0.0016843334531081568,34.03446433345311,-118.65608245789865,34.03446433345311,-118.65201754210135,34.031095666546896,-118.65201754210135,34.031095666546896,-118.65608245789865,0.140625,0,,785.7019653320312,80,,0.0,0.005200000014156103,18.0,286.3999938964844,294.5,4.699999809265137,50.0
34.03294,-118.64234,330.25,0.58,0.7,2025-01-08,1042,N21,VIIRS,n,2.0NRT,269.63,15.83,N,2025-01-08 10:42:00,0.0020324617316926207,0.0016843334531081568,34.03462433345311,-118.64437246173169,34.03462433345311,-118.64030753826832,34.0312556665469,-118.64030753826832,34.0312556665469,-118.64437246173169,0.140625,0,0.2684,737.0198974609375,80,,0.0,0.005200000014156103,18.0,286.3999938964844,294.5,4.699999809265137,50.0
34.0331,-118.5481,315.56,0.59,0.7,2025-01-08,1042,N21,VIIRS,n,2.0NRT,265.02,3.0,N,2025-01-08 10:42:00,0.0020324655647677905,0.0016843334531081568,34.0347843334531,-118.55013246556477,34.0347843334531,-118.54606753443524,34.03141566654689,-118.54606753443524,34.03141566654689,-118.55013246556477,0.140625,0,,1259.8011474609375,80,,0.0,0.005200000014156103,24.0,286.0,294.79998779296875,4.5,49.0
34.03355,-118.50202,332.15,0.59,0.7,2025-01-08,1042,N21,VIIRS,n,2.0NRT,263.35,5.88,N,2025-01-08 10:42:00,0.0020324763454541944,0.0016843334531081568,34.035234333453104,-118.50405247634545,34.035234333453104,-118.49998752365455,34.03186566654689,-118.49998752365455,34.03186566654689,-118.50405247634545,0.140625,67,0.5810000000000001,1887.7425537109375,50,2.7200000286102295,0.0,0.005260000005364418,24.0,285.20001220703125,294.1000061035156,4.400000095367432,48.0
34.03426,-118.52833,367.0,0.59,0.7,2025-01-08,1042,N21,VIIRS,h,2.0NRT,275.82,48.12,N,2025-01-08 10:42:00,0.0020324933554691682,0.0016843334531081568,34.03594433345311,-118.53036249335547,34.03594433345311,-118.52629750664453,34.0325756665469,-118.52629750664453,34.0325756665469,-118.53036249335547,0.140625,39,0.23470000000000002,1522.534912109375,50,2.7200000286102295,0.0,0.005260000005364418,24.0,285.20001220703125,294.1000061035156,4.400000095367432,48.0
34.03438,-118.48104,307.65,0.59,0.7,2025-01-08,1042,N21,VIIRS,n,2.0NRT,262.77,2.69,N,2025-01-08 10:42:00,0.0020324962304602364,0.0016843334531081568,34.036064333453105,-118.48307249623045,34.036064333453105,-118.47900750376954,34.03269566654689,-118.47900750376954,34.03269566654689,-118.48307249623045,0.140625,55,0.3645,4158.0576171875,50,3.0399999618530273,0.0,0.005319999996572733,31.0,284.0,294.29998779296875,4.300000190734863,47.0
34.03447,-118.66006,302.57,0.58,0.7,2025-01-08,1042,N21,VIIRS,n,2.0NRT,268.55,2.35,N,2025-01-08 10:42:00,0.0020324983867147264,0.0016843334531081568,34.036154333453105,-118.66209249838671,34.036154333453105,-118.65802750161329,34.03278566654689,-118.65802750161329,34.03278566654689,-118.66209249838671,0.140625,0,,460.6295471191406,80,,0.0,0.005200000014156103,18.0,286.3999938964844,294.5,4.699999809265137,50.0
34.03473,-118.64855,367.0,0.58,0.7,2025-01-08,1042,N21,VIIRS,h,2.0NRT,272.27,15.83,N,2025-01-08 10:42:00,0.002032504615948234,0.0016843334531081568,34.03641433345311,-118.65058250461595,34.03641433345311,-118.64651749538405,34.0330456665469,-118.64651749538405,34.0330456665469,-118.65058250461595,0.140625,0,,785.7019653320312,80,,0.0,0.005200000014156103,18.0,286.3999938964844,294.5,4.699999809265137,50.0
34.03486,-118.55421,317.6,0.59,0.7,2025-01-08,1042,N21,VIIRS,n,2.0NRT,263.84,3.0,N,2025-01-08 10:42:00,0.002032507730595002,0.0016843334531081568,34.03654433345311,-118.55624250773059,34.03654433345311,-118.55217749226941,34.033175666546896,-118.55217749226941,34.033175666546896,-118.55624250773059,0.140625,0,,1259.8011474609375,80,,0.0,0.005200000014156103,24.0,286.0,294.79998779296875,4.5,49.0
34.03524,-118.50792,341.17,0.59,0.7,2025-01-08,1042,N21,VIIRS,n,2.0NRT,264.16,15.72,N,2025-01-08 10:42:00,0.0020325168350618203,0.0016843334531081568,34.03692433345311,-118.50995251683506,34.03692433345311,-118.50588748316494,34.033555666546896,-118.50588748316494,34.033555666546896,-118.50995251683506,0.140625,67,0.5810000000000001,1887.7425537109375,50,2.7200000286102295,0.0,0.005260000005364418,24.0,285.20001220703125,294.1000061035156,4.400000095367432,48.0
34.03618,-118.4873,315.88,0.59,0.7,2025-01-08,1042,N21,VIIRS,n,2.0NRT,262.0,2.69,N,2025-01-08 10:42:00,0.0020325393573721985,0.0016843334531081568,34.03786433345311,-118.48933253935738,34.03786433345311,-118.48526746064263,34.034495666546896,-118.48526746064263,34.034495666546896,-118.48933253935738,0.140625,61,0.3645,5044.6728515625,50,3.0399999618530273,0.0,0.005319999996572733,31.0,284.0,294.29998779296875,4.300000190734863,47.0
34.03619,-118.66615,303.48,0.58,0.7,2025-01-08,1042,N21,VIIRS,n,2.0NRT,269.41,2.35,N,2025-01-08 10:42:00,0.0020325395969768693,0.0016843334531081568,34.037874333453104,-118.66818253959698,34.037874333453104,-118.66411746040302,34.03450566654689,-118.66411746040302,34.03450566654689,-118.66818253959698,0.140625,0,,386.8919677734375,80,1.9900000095367432,0.0,0.005059999879449606,18.0,286.6000061035156,294.6000061035156,4.800000190734863,50.0
34.03645,-118.65454,367.0,0.58,0.7,2025-01-08,1042,N21,VIIRS,h,2.0NRT,274.75,17.35,N,2025-01-08 10:42:00,0.0020325458267398703,0.0016843334531081568,34.03813433345311,-118.65657254582673,34.03813433345311,-118.65250745417326,34.034765666546896,-118.65250745417326,34.034765666546896,-118.65657254582673,0.140625,0,,460.6295471191406,80,,0.0,0.005200000014156103,18.0,286.3999938964844,294.5,4.699999809265137,50.0
34.03694,-118.51385,353.91,0.59,0.7,2025-01-08,1042,N21,VIIRS,n,2.0NRT,266.2,15.72,N,2025-01-08 10:42:00,0.0020325575676646383,0.0016843334531081568,34.03862433345311,-118.51588255756766,34.03862433345311,-118.51181744243235,34.035255666546895,-118.51181744243235,34.035255666546895,-118.51588255756766,0.140625,54,0.3825,1528.7406005859375,10,2.7200000286102295,0.0,0.005260000005364418,24.0,285.20001220703125,294.1000061035156,4.400000095367432,48.0
34.03751,-118.5872,349.85,0.59,0.7,2025-01-08,1042,N21,VIIRS,n,2.0NRT,268.13,6.79,N,2025-01-08 10:42:00,0.002032571225832801,0.0016843334531081568,34.0391943334531,-118.58923257122584,34.0391943334531,-118.58516742877416,34.03582566654689,-118.58516742877416,34.03582566654689,-118.58923257122584,0.140625,0,,372.7947692871094,80,,0.0,0.005179999861866236,24.0,286.20001220703125,295.0,4.599999904632568,49.0
34.03762,-118.54001,346.43,0.59,0.7,2025-01-08,1042,N21,VIIRS,n,2.0NRT,268.43,42.0,N,2025-01-08 10:42:00,0.002032573861663926,0.0016843334531081568,34.0393043334531,-118.54204257386166,34.0393043334531,-118.53797742613833,34.03593566654689,-118.53797742613833,34.03593566654689,-118.54204257386166,0.140625,1,0.1704,1294.5556640625,80,,0.0,0.005200000014156103,24.0,286.0,294.79998779296875,4.5,49.0
34.03767,-118.63517,354.54,0.58,0.7,2025-01-08,1042,N21,VIIRS,n,2.0NRT,272.62,23.52,N,2025-01-08 10:42:00,0.0020325750597737194,0.0016843334531081568,34.039354333453105,-118.63720257505977,34.039354333453105,-118.63313742494023,34.03598566654689,-118.63313742494023,34.03598566654689,-118.63720257505977,0.140625,0,0.28090000000000004,487.4566345214844,80,,0.0,0.005200000014156103,18.0,286.3999938964844,294.5,4.699999809265137,50.0
34.03795,-118.49349,325.41,0.59,0.7,2025-01-08,1042,N21,VIIRS,n,2.0NRT,261.96,6.69,N,2025-01-08 10:42:00,0.0020325817692432697,0.0016843334531081568,34.03963433345311,-118.49552258176924,34.03963433345311,-118.49145741823075,34.036265666546896,-118.49145741823075,34.036265666546896,-118.49552258176924,0.140625,67,0.5067,2725.923095703125,50,2.7200000286102295,0.0,0.005260000005364418,24.0,285.20001220703125,294.1000061035156,4.400000095367432,48.0
34.03833,-118.66106,324.58,0.58,0.7,2025-01-08,1042,N21,VIIRS,n,2.0NRT,270.98,17.35,N,2025-01-08 10:42:00,0.002032590875100438,0.0016843334531081568,34.04001433345311,-118.66309259087511,34.04001433345311,-118.6590274091249,34.036645666546896,-118.6590274091249,34.036645666546896,-118.66309259087511,0.140625,0,,460.6295471191406,80,,0.0,0.005200000014156103,18.0,286.3999938964844,294.5,4.699999809265137,50.0
34.03837,-118.62566,351.66,0.58,0.7,2025-01-08,1042,N21,VIIRS,n,2.0NRT,269.68,38.24,N,2025-01-08 10:42:00,0.0020325918336216663,0.0016843334531081568,34.04005433345311,-118.62769259183362,34.04005433345311,-118.62362740816637,34.036685666546894,-118.62362740816637,34.036685666546894,-118.62769259183362,0.140625,0,,458.6105651855469,80,,0.0,0.005200000014156103,18.0,286.3999938964844,294.5,4.699999809265137,50.0
34.03872,-118.47228,299.13,0.6,0.7,2025-01-08,1042,N21,VIIRS,n,2.0NRT,262.24,1.16,N,2025-01-08 10:42:00,0.0020326002207632318,0.0016843334531081568,34.040404333453104,-118.47431260022076,34.040404333453104,-118.47024739977924,34.03703566654689,-118.47024739977924,34.03703566654689,-118.47431260022076,0.140625,53,0.436,7745.138671875,50,3.0399999618530273,0.0,0.005319999996572733,31.0,284.0,294.29998779296875,4.300000190734863,47.0
34.03881,-118.61547,349.91,0.58,0.7,2025-01-08,1042,N21,VIIRS,n,2.0NRT,271.79,19.39,N,2025-01-08 10:42:00,0.0020326023774802247,0.0016843334531081568,34.040494333453104,-118.61750260237748,34.040494333453104,-118.61343739762252,34.03712566654689,-118.61343739762252,34.03712566654689,-118.61750260237748,0.140625,0,,352.4764099121094,80,,0.0,0.005179999861866236,24.0,286.20001220703125,295.0,4.599999904632568,49.0
34.03882,-118.52039,345.03,0.59,0.7,2025-01-08,1042,N21,VIIRS,n,2.0NRT,285.02,48.12,N,2025-01-08 10:42:00,0.0020326026171160385,0.0016843334531081568,34.04050433345311,-118.52242260261713,34.04050433345311,-118.51835739738289,34.037135666546895,-118.51835739738289,34.037135666546895,-118.52242260261713,0.140625,39,0.23470000000000002,1522.534912109375,50,2.7200000286102295,0.0,0.005260000005364418,24.0,285.20001220703125,294.1000061035156,4.400000095367432,48.0
34.03904,-118.65218,367.0,0.58,0.7,2025-01-08,1042,N21,VIIRS,h,2.0NRT,280.91,45.27,N,2025-01-08 10:42:00,0.002032607889133896,0.0016843334531081568,34.040724333453106,-118.65421260788914,34.040724333453106,-118.65014739211087,34.037355666546894,-118.65014739211087,34.037355666546894,-118.65421260788914,0.140625,45,0.2969,205.73236083984375,10,,0.0,0.005200000014156103,18.0,286.3999938964844,294.5,4.699999809265137,50.0
34.03938,-118.6411,350.69,0.58,0.7,2025-01-08,1042,N21,VIIRS,n,2.0NRT,285.31,33.82,N,2025-01-08 10:42:00,0.0020326160369105962,0.0016843334531081568,34.04106433345311,-118.64313261603691,34.04106433345311,-118.63906738396308,34.037695666546895,-118.63906738396308,34.037695666546895,-118.64313261603691,0.140625,72,0.2661,165.6573944091797,10,,0.0,0.005200000014156103,18.0,286.3999938964844,294.5,4.699999809265137,50.0
34.03973,-118.49969,334.1,0.59,0.7,2025-01-08,1042,N21,VIIRS,n,2.0NRT,262.8,6.69,N,2025-01-08 10:42:00,0.0020326244244707843,0.0016843334531081568,34.041414333453105,-118.50172262442447,34.041414333453105,-118.49765737557553,34.03804566654689,-118.49765737557553,34.03804566654689,-118.50172262442447,0.140625,94,0.5327000000000001,1558.58837890625,10,2.7200000286102295,0.0,0.005260000005364418,24.0,285.20001220703125,294.1000061035156,4.400000095367432,48.0
34.04015,-118.66739,335.74,0.58,0.7,2025-01-08,1042,N21,VIIRS,n,2.0NRT,271.86,10.86,N,2025-01-08 10:42:00,0.002032634489734505,0.0016843334531081568,34.0418343334531,-118.66942263448973,34.0418343334531,-118.66535736551026,34.03846566654689,-118.66535736551026,34.03846566654689,-118.66942263448973,0.140625,54,0.2712,98.15911102294922,30,1.9900000095367432,0.0,0.005059999879449606,18.0,286.6000061035156,294.6000061035156,4.800000190734863,50.0
34.04048,-118.63322,350.74,0.58,0.7,2025-01-08,1042,N21,VIIRS,n,2.0NRT,271.08,53.02,N,2025-01-08 10:42:00,0.002032642398302555,0.0016843334531081568,34.04216433345311,-118.6352526423983,34.04216433345311,-118.63118735760169,34.038795666546896,-118.63118735760169,34.038795666546896,-118.6352526423983,0.140625,63,0.23870000000000002,166.0709686279297,10,,0.0,0.005200000014156103,18.0,286.3999938964844,294.5,4.699999809265137,50.0
34.04057,-118.52653,349.68,0.59,0.7,2025-01-08,1042,N21,VIIRS,n,2.0NRT,283.72,48.12,N,2025-01-08 10:42:00,0.002032644555207134,0.0016843334531081568,34.04225433345311,-118.5285626445552,34.04225433345311,-118.5244973554448,34.038885666546896,-118.5244973554448,34.038885666546896,-118.5285626445552,0.140625,86,0.2409,2909.494873046875,50,2.7200000286102295,0.0,0.005260000005364418,24.0,285.20001220703125,294.1000061035156,4.400000095367432,48.0
34.04058,-118.47874,304.38,0.59,0.7,2025-01-08,1042,N21,VIIRS,n,2.0NRT,261.98,2.69,N,2025-01-08 10:42:00,0.0020326447948637904,0.0016843334531081568,34.042264333453105,-118.48077264479487,34.042264333453105,-118.47670735520514,34.03889566654689,-118.47670735520514,34.03889566654689,-118.48077264479487,0.140625,78,0.5423,1480.943359375,50,3.0399999618530273,0.0,0.005319999996572733,31.0,284.0,294.29998779296875,4.300000190734863,47.0
34.04072,-118.62209,343.66,0.58,0.7,2025-01-08,1042,N21,VIIRS,n,2.0NRT,270.17,19.39,N,2025-01-08 10:42:00,0.0020326481500694154,0.0016843334531081568,34.042404333453106,-118.62412264815006,34.042404333453106,-118.62005735184994,34.039035666546894,-118.62005735184994,34.039035666546894,-118.62412264815006,0.140625,105,0.23870000000000002,144.630859375,10,,0.0,0.005200000014156103,18.0,286.3999938964844,294.5,4.699999809265137,50.0
34.04091,-118.65887,350.44,0.58,0.7,2025-01-08,1042,N21,VIIRS,n,2.0NRT,275.25,17.04,N,2025-01-08 10:42:00,0.0020326527035998934,0.0016843334531081568,34.0425943334531,-118.6609026527036,34.0425943334531,-118.65683734729639,34.03922566654689,-118.65683734729639,34.03922566654689,-118.6609026527036,0.140625,46,0.2817,121.53881072998047,10,,0.0,0.005200000014156103,18.0,286.3999938964844,294.5,4.699999809265137,50.0
34.04119,-118.64741,367.0,0.58,0.7,2025-01-08,1042,N21,VIIRS,h,2.0NRT,278.19,33.82,N,2025-01-08 10:42:00,0.0020326594141437883,0.0016843334531081568,34.042874333453106,-118.64944265941413,34.042874333453106,-118.64537734058585,34.039505666546894,-118.64537734058585,34.039505666546894,-118.64944265941413,0.140625,45,0.2969,205.73236083984375,10,,0.0,0.005200000014156103,18.0,286.3999938964844,294.5,4.699999809265137,50.0
34.0412,-118.55251,342.8,0.59,0.7,2025-01-08,1042,N21,VIIRS,n,2.0NRT,265.93,34.26,N,2025-01-08 10:42:00,0.002032659653807788,0.0016843334531081568,34.04288433345311,-118.5545426596538,34.04288433345311,-118.55047734034619,34.0395156665469,-118.55047734034619,34.0395156665469,-118.5545426596538,0.140625,39,0.3049,851.7344360351562,10,,0.0,0.005200000014156103,24.0,286.0,294.79998779296875,4.5,49.0
34.04147,-118.50579,343.41,0.59,0.7,2025-01-08,1042,N21,VIIRS,n,2.0NRT,262.25,21.61,N,2025-01-08 10:42:00,0.002032666124780536,0.0016843334531081568,34.0431543334531,-118.50782266612478,34.0431543334531,-118.50375733387523,34.03978566654689,-118.50375733387523,34.03978566654689,-118.50782266612478,0.140625,89,0.4058,543.2918701171875,30,2.7200000286102295,0.0,0.005260000005364418,24.0,285.20001220703125,294.1000061035156,4.400000095367432,48.0
34.04197,-118.57899,324.35,0.59,0.7,2025-01-08,1042,N21,VIIRS,n,2.0NRT,266.54,29.65,N,2025-01-08 10:42:00,0.002032678108291394,0.0016843334531081568,34.043654333453105,-118.5810226781083,34.043654333453105,-118.57695732189171,34.04028566654689,-118.57695732189171,34.04028566654689,-118.5810226781083,0.140625,25,0.1952,387.8359069824219,10,,0.0,0.005200000014156103,24.0,286.0,294.79998779296875,4.5,49.0
34.0421,-118.63894,367.0,0.58,0.7,2025-01-08,1042,N21,VIIRS,h,2.0NRT,275.19,53.02,N,2025-01-08 10:42:00,0.002032681224052717,0.0016843334531081568,34.043784333453104,-118.64097268122406,34.043784333453104,-118.63690731877595,34.04041566654689,-118.63690731877595,34.04041566654689,-118.64097268122406,0.140625,72,0.2661,165.6573944091797,10,,0.0,0.005200000014156103,18.0,286.3999938964844,294.5,4.699999809265137,50.0
34.04227,-118.53242,367.0,0.59,0.7,2025-01-08,1042,N21,VIIRS,h,2.0NRT,275.02,42.0,N,2025-01-08 10:42:00,0.0020326852985400345,0.0016843334531081568,34.04395433345311,-118.53445268529855,34.04395433345311,-118.53038731470146,34.040585666546896,-118.53038731470146,34.040585666546896,-118.53445268529855,0.140625,86,0.2341,1907.6650390625,50,2.7200000286102295,0.0,0.005260000005364418,24.0,285.20001220703125,294.1000061035156,4.400000095367432,48.0
34.04237,-118.48502,311.33,0.59,0.7,2025-01-08,1042,N21,VIIRS,n,2.0NRT,261.61,2.69,N,2025-01-08 10:42:00,0.0020326876953132692,0.0016843334531081568,34.044054333453104,-118.48705268769532,34.044054333453104,-118.48298731230469,34.04068566654689,-118.48298731230469,34.04068566654689,-118.48705268769532,0.140625,86,0.4586,1697.6038818359375,50,3.0399999618530273,0.0,0.005319999996572733,31.0,284.0,294.29998779296875,4.300000190734863,47.0
34.04258,-118.62859,327.15,0.58,0.7,2025-01-08,1042,N21,VIIRS,n,2.0NRT,267.7,23.52,N,2025-01-08 10:42:00,0.002032692728575615,0.0016843334531081568,34.04426433345311,-118.63062269272858,34.04426433345311,-118.62655730727143,34.040895666546895,-118.62655730727143,34.040895666546895,-118.63062269272858,0.140625,63,0.23870000000000002,166.0709686279297,10,,0.0,0.005200000014156103,18.0,286.3999938964844,294.5,4.699999809265137,50.0
34.04278,-118.66553,340.91,0.58,0.7,2025-01-08,1042,N21,VIIRS,n,2.0NRT,272.31,17.04,N,2025-01-08 10:42:00,0.002032697522207363,0.0016843334531081568,34.04446433345311,-118.66756269752221,34.04446433345311,-118.6634973024778,34.041095666546894,-118.6634973024778,34.041095666546894,-118.66756269752221,0.140625,54,0.2712,98.15911102294922,30,1.9900000095367432,0.0,0.005059999879449606,18.0,286.6000061035156,294.6000061035156,4.800000190734863,50.0
34.04284,-118.65316,367.0,0.58,0.7,2025-01-08,1042,N21,VIIRS,h,2.0NRT,279.24,25.28,N,2025-01-08 10:42:00,0.0020326989603061253,0.0016843334531081568,34.044524333453104,-118.6551926989603,34.044524333453104,-118.6511273010397,34.04115566654689,-118.6511273010397,34.04115566654689,-118.6551926989603,0.140625,45,0.2969,205.73236083984375,10,,0.0,0.005200000014156103,18.0,286.3999938964844,294.5,4.699999809265137,50.0
34.04296,-118.55869,344.65,0.59,0.7,2025-01-08,1042,N21,VIIRS,n,2.0NRT,265.65,10.04,N,2025-01-08 10:42:00,0.002032701836516443,0.0016843334531081568,34.04464433345311,-118.56072270183651,34.04464433345311,-118.55665729816349,34.041275666546895,-118.55665729816349,34.041275666546895,-118.56072270183651,0.140625,35,0.2908,790.8216552734375,10,,0.0,0.005200000014156103,24.0,286.0,294.79998779296875,4.5,49.0
34.04317,-118.51172,367.0,0.59,0.7,2025-01-08,1042,N21,VIIRS,h,2.0NRT,265.9,21.61,N,2025-01-08 10:42:00,0.00203270686992554,0.0016843334531081568,34.04485433345311,-118.51375270686992,34.04485433345311,-118.50968729313007,34.0414856665469,-118.50968729313007,34.0414856665469,-118.51375270686992,0.140625,73,0.17600000000000002,1036.3741455078125,10,2.7200000286102295,0.0,0.005260000005364418,24.0,285.20001220703125,294.1000061035156,4.400000095367432,48.0
34.04369,-118.60873,303.97,0.58,0.7,2025-01-08,1042,N21,VIIRS,n,2.0NRT,265.31,3.25,N,2025-01-08 10:42:00,0.002032719333830019,0.0016843334531081568,34.045374333453104,-118.61076271933382,34.045374333453104,-118.60669728066617,34.04200566654689,-118.60669728066617,34.04200566654689,-118.61076271933382,0.140625,103,0.23320000000000002,1.2309558391571045,10,,0.0,0.005179999861866236,24.0,286.20001220703125,295.0,4.599999904632568,49.0
34.04392,-118.64542,367.0,0.58,0.7,2025-01-08,1042,N21,VIIRS,h,2.0NRT,276.1,45.27,N,2025-01-08 10:42:00,0.002032724846813008,0.0016843334531081568,34.045604333453106,-118.64745272484681,34.045604333453106,-118.64338727515319,34.042235666546894,-118.64338727515319,34.042235666546894,-118.64745272484681,0.140625,45,0.2969,205.73236083984375,10,,0.0,0.005200000014156103,18.0,286.3999938964844,294.5,4.699999809265137,50.0
34.04396,-118.53835,354.39,0.59,0.7,2025-01-08,1042,N21,VIIRS,n,2.0NRT,269.55,42.0,N,2025-01-08 10:42:00,0.002032725805599054,0.0016843334531081568,34.045644333453104,-118.5403827258056,34.045644333453104,-118.53631727419439,34.04227566654689,-118.53631727419439,34.04227566654689,-118.5403827258056,0.140625,56,0.3049,2464.794921875,10,,0.0,0.005200000014156103,24.0,286.0,294.79998779296875,4.5,49.0
34.04415,-118.58659,305.08,0.59,0.7,2025-01-08,1042,N21,VIIRS,n,2.0NRT,265.79,6.79,N,2025-01-08 10:42:00,0.002032730359858656,0.0016843334531081568,34.04583433345311,-118.58862273035986,34.04583433345311,-118.58455726964014,34.042465666546896,-118.58455726964014,34.042465666546896,-118.58862273035986,0.140625,54,0.2416,13.041393280029297,10,,0.0,0.005179999861866236,24.0,286.20001220703125,295.0,4.599999904632568,49.0
34.04415,-118.49124,318.37,0.59,0.7,2025-01-08,1042,N21,VIIRS,n,2.0NRT,261.92,6.69,N,2025-01-08 10:42:00,0.002032730359858656,0.0016843334531081568,34.04583433345311,-118.49327273035986,34.04583433345311,-118.48920726964015,34.042465666546896,-118.48920726964015,34.042465666546896,-118.49327273035986,0.140625,86,0.4586,1697.6038818359375,50,3.0399999618530273,0.0,0.005319999996572733,31.0,284.0,294.29998779296875,4.300000190734863,47.0
34.04424,-118.63438,328.05,0.58,0.7,2025-01-08,1042,N21,VIIRS,n,2.0NRT,270.12,23.52,N,2025-01-08 10:42:00,0.0020327325171544445,0.0016843334531081568,34.04592433345311,-118.63641273251714,34.04592433345311,-118.63234726748284,34.042555666546896,-118.63234726748284,34.042555666546896,-118.63641273251714,0.140625,63,0.23870000000000002,166.0709686279297,10,,0.0,0.005200000014156103,18.0,286.3999938964844,294.5,4.699999809265137,50.0
34.04456,-118.67184,300.49,0.58,0.7,2025-01-08,1042,N21,VIIRS,n,2.0NRT,270.06,3.16,N,2025-01-08 10:42:00,0.002032740187617176,0.0016843334531081568,34.0462443334531,-118.67387274018762,34.0462443334531,-118.66980725981239,34.04287566654689,-118.66980725981239,34.04287566654689,-118.67387274018762,0.140625,54,0.2712,98.15911102294922,30,1.9900000095367432,0.0,0.005059999879449606,18.0,286.6000061035156,294.6000061035156,4.800000190734863,50.0
34.04488,-118.56536,336.67,0.59,0.7,2025-01-08,1042,N21,VIIRS,n,2.0NRT,266.15,10.04,N,2025-01-08 10:42:00,0.002032747858201204,0.0016843334531081568,34.046564333453105,-118.5673927478582,34.046564333453105,-118.5633272521418,34.04319566654689,-118.5633272521418,34.04319566654689,-118.5673927478582,0.140625,23,0.2461,1566.06884765625,50,,0.0,0.005200000014156103,24.0,286.0,294.79998779296875,4.5,49.0
34.04493,-118.66042,354.36,0.58,0.7,2025-01-08,1042,N21,VIIRS,n,2.0NRT,277.06,25.28,N,2025-01-08 10:42:00,0.0020327490567409157,0.0016843334531081568,34.04661433345311,-118.66245274905674,34.04661433345311,-118.65838725094326,34.043245666546895,-118.65838725094326,34.043245666546895,-118.66245274905674,0.140625,46,0.2817,121.53881072998047,10,,0.0,0.005200000014156103,18.0,286.3999938964844,294.5,4.699999809265137,50.0
34.04493,-118.47,296.5,0.6,0.7,2025-01-08,1042,N21,VIIRS,n,2.0NRT,261.54,2.2,N,2025-01-08 10:42:00,0.0020327490567409157,0.0016843334531081568,34.04661433345311,-118.47203274905674,34.04661433345311,-118.46796725094326,34.043245666546895,-118.46796725094326,34.043245666546895,-118.47203274905674,0.140625,72,0.3302,5880.24267578125,50,3.0399999618530273,0.0,0.005319999996572733,31.0,284.0,294.29998779296875,4.300000190734863,47.0
34.04502,-118.51817,342.87,0.59,0.7,2025-01-08,1042,N21,VIIRS,n,2.0NRT,287.16,60.3,N,2025-01-08 10:42:00,0.0020327512141198587,0.0016843334531081568,34.04670433345311,-118.52020275121411,34.04670433345311,-118.51613724878588,34.043335666546895,-118.51613724878588,34.043335666546895,-118.52020275121411,0.140625,73,0.17600000000000002,1036.3741455078125,10,2.7200000286102295,0.0,0.005260000005364418,24.0,285.20001220703125,294.1000061035156,4.400000095367432,48.0
34.04565,-118.6516,346.24,0.58,0.7,2025-01-08,1042,N21,VIIRS,n,2.0NRT,276.12,45.27,N,2025-01-08 10:42:00,0.0020327663160411213,0.0016843334531081568,34.04733433345311,-118.65363276631604,34.04733433345311,-118.64956723368397,34.043965666546896,-118.64956723368397,34.043965666546896,-118.65363276631604,0.140625,45,0.2969,205.73236083984375,10,,0.0,0.005200000014156103,18.0,286.3999938964844,294.5,4.699999809265137,50.0
34.04583,-118.61622,312.47,0.58,0.7,2025-01-08,1042,N21,VIIRS,n,2.0NRT,266.17,3.67,N,2025-01-08 10:42:00,0.002032770630962124,0.0016843334531081568,34.04751433345311,-118.61825277063096,34.04751433345311,-118.61418722936904,34.044145666546896,-118.61418722936904,34.044145666546896,-118.61825277063096,0.140625,112,0.2469,19.25127601623535,10,,0.0,0.005179999861866236,24.0,286.20001220703125,295.0,4.599999904632568,49.0
34.04583,-118.54485,367.0,0.59,0.7,2025-01-08,1042,N21,VIIRS,h,2.0NRT,275.47,34.26,N,2025-01-08 10:42:00,0.002032770630962124,0.0016843334531081568,34.04751433345311,-118.54688277063096,34.04751433345311,-118.54281722936904,34.044145666546896,-118.54281722936904,34.044145666546896,-118.54688277063096,0.140625,56,0.3049,2464.794921875,10,,0.0,0.005200000014156103,24.0,286.0,294.79998779296875,4.5,49.0
34.04592,-118.49741,326.3,0.59,0.7,2025-01-08,1042,N21,VIIRS,n,2.0NRT,262.3,6.69,N,2025-01-08 10:42:00,0.0020327727884370183,0.0016843334531081568,34.04760433345311,-118.49944277278844,34.04760433345311,-118.49537722721156,34.044235666546896,-118.49537722721156,34.044235666546896,-118.49944277278844,0.140625,94,0.5327000000000001,1558.58837890625,10,2.7200000286102295,0.0,0.005260000005364418,24.0,285.20001220703125,294.1000061035156,4.400000095367432,48.0
34.04594,-118.64029,346.44,0.58,0.7,2025-01-08,1042,N21,VIIRS,n,2.0NRT,273.69,33.82,N,2025-01-08 10:42:00,0.002032773267877187,0.0016843334531081568,34.04762433345311,-118.64232277326786,34.04762433345311,-118.63825722673212,34.044255666546896,-118.63825722673212,34.044255666546896,-118.64232277326786,0.140625,72,0.2661,165.6573944091797,10,,0.0,0.005200000014156103,18.0,286.3999938964844,294.5,4.699999809265137,50.0
34.0463,-118.5941,302.92,0.59,0.7,2025-01-08,1042,N21,VIIRS,n,2.0NRT,264.73,6.79,N,2025-01-08 10:42:00,0.002032781897881247,0.0016843334531081568,34.04798433345311,-118.59613278189788,34.04798433345311,-118.59206721810212,34.044615666546896,-118.59206721810212,34.044615666546896,-118.59613278189788,0.140625,67,0.24810000000000001,3.834994316101074,10,,0.0,0.005179999861866236,24.0,286.20001220703125,295.0,4.599999904632568,49.0
34.04662,-118.5714,348.19,0.59,0.7,2025-01-08,1042,N21,VIIRS,n,2.0NRT,267.03,6.05,N,2025-01-08 10:42:00,0.0020327895691248554,0.0016843334531081568,34.0483043334531,-118.57343278956913,34.0483043334531,-118.56936721043087,34.04493566654689,-118.56936721043087,34.04493566654689,-118.57343278956913,0.140625,23,0.2461,1566.06884765625,50,,0.0,0.005200000014156103,24.0,286.0,294.79998779296875,4.5,49.0
34.04676,-118.47642,300.22,0.59,0.7,2025-01-08,1042,N21,VIIRS,n,2.0NRT,260.23,1.64,N,2025-01-08 10:42:00,0.00203279292533208,0.0016843334531081568,34.048444333453105,-118.47845279292534,34.048444333453105,-118.47438720707467,34.04507566654689,-118.47438720707467,34.04507566654689,-118.47845279292534,0.140625,78,0.5423,1480.943359375,50,3.0399999618530273,0.0,0.005319999996572733,31.0,284.0,294.29998779296875,4.300000190734863,47.0
34.04678,-118.52433,352.07,0.59,0.7,2025-01-08,1042,N21,VIIRS,n,2.0NRT,287.93,60.3,N,2025-01-08 10:42:00,0.00203279340479215,0.0016843334531081568,34.048464333453104,-118.5263627934048,34.048464333453104,-118.52229720659521,34.04509566654689,-118.52229720659521,34.04509566654689,-118.5263627934048,0.140625,86,0.2409,2909.494873046875,50,2.7200000286102295,0.0,0.005260000005364418,24.0,285.20001220703125,294.1000061035156,4.400000095367432,48.0
34.04698,-118.66759,308.91,0.58,0.7,2025-01-08,1042,N21,VIIRS,n,2.0NRT,269.18,9.63,N,2025-01-08 10:42:00,0.0020327981994189156,0.0016843334531081568,34.048664333453104,-118.66962279819943,34.048664333453104,-118.66555720180058,34.04529566654689,-118.66555720180058,34.04529566654689,-118.66962279819943,0.140625,54,0.2712,98.15911102294922,30,1.9900000095367432,0.0,0.005059999879449606,18.0,286.6000061035156,294.6000061035156,4.800000190734863,50.0
34.04749,-118.65819,367.0,0.58,0.7,2025-01-08,1042,N21,VIIRS,h,2.0NRT,280.65,17.04,N,2025-01-08 10:42:00,0.0020328104259316544,0.0016843334531081568,34.04917433345311,-118.66022281042594,34.04917433345311,-118.65615718957407,34.0458056665469,-118.65615718957407,34.0458056665469,-118.66022281042594,0.140625,46,0.2817,121.53881072998047,10,,0.0,0.005200000014156103,18.0,286.3999938964844,294.5,4.699999809265137,50.0
34.04758,-118.55099,348.1,0.59,0.7,2025-01-08,1042,N21,VIIRS,n,2.0NRT,264.81,34.26,N,2025-01-08 10:42:00,0.0020328125835835363,0.0016843334531081568,34.04926433345311,-118.55302281258358,34.04926433345311,-118.54895718741642,34.0458956665469,-118.54895718741642,34.0458956665469,-118.55302281258358,0.140625,39,0.3049,851.7344360351562,10,,0.0,0.005200000014156103,24.0,286.0,294.79998779296875,4.5,49.0
34.04766,-118.50349,335.44,0.59,0.7,2025-01-08,1042,N21,VIIRS,n,2.0NRT,261.98,21.61,N,2025-01-08 10:42:00,0.0020328145015043758,0.0016843334531081568,34.04934433345311,-118.5055228145015,34.04934433345311,-118.5014571854985,34.045975666546894,-118.5014571854985,34.045975666546894,-118.5055228145015,0.140625,89,0.4058,543.2918701171875,30,2.7200000286102295,0.0,0.005260000005364418,24.0,285.20001220703125,294.1000061035156,4.400000095367432,48.0
34.04774,-118.62287,312.78,0.58,0.7,2025-01-08,1042,N21,VIIRS,n,2.0NRT,266.3,3.67,N,2025-01-08 10:42:00,0.0020328164194327973,0.0016843334531081568,34.0494243334531,-118.62490281641944,34.0494243334531,-118.62083718358058,34.04605566654689,-118.62083718358058,34.04605566654689,-118.62490281641944,0.140625,105,0.23870000000000002,144.630859375,10,,0.0,0.005200000014156103,18.0,286.3999938964844,294.5,4.699999809265137,50.0
34.04795,-118.64729,367.0,0.58,0.7,2025-01-08,1042,N21,VIIRS,h,2.0NRT,276.97,33.82,N,2025-01-08 10:42:00,0.0020328214540309792,0.0016843334531081568,34.049634333453106,-118.64932282145404,34.049634333453106,-118.64525717854596,34.046265666546894,-118.64525717854596,34.046265666546894,-118.64932282145404,0.140625,157,0.2659,96.7332992553711,30,1.7100000381469727,0.0,0.004540000110864639,18.0,286.5,290.1000061035156,5.099999904632568,67.0
34.04833,-118.57741,311.91,0.59,0.7,2025-01-08,1042,N21,VIIRS,n,2.0NRT,264.15,6.05,N,2025-01-08 10:42:00,0.0020328305643890687,0.0016843334531081568,34.050014333453106,-118.57944283056439,34.050014333453106,-118.57537716943561,34.046645666546894,-118.57537716943561,34.046645666546894,-118.57944283056439,0.140625,126,0.2424,2.8627238273620605,10,1.6399999856948853,0.0,0.004780000075697899,24.0,287.3999938964844,292.1000061035156,4.800000190734863,59.0
34.04852,-118.60186,303.25,0.59,0.7,2025-01-08,1042,N21,VIIRS,n,2.0NRT,263.69,3.25,N,2025-01-08 10:42:00,0.002032835119632268,0.0016843334531081568,34.05020433345311,-118.60389283511964,34.05020433345311,-118.59982716488037,34.0468356665469,-118.59982716488037,34.0468356665469,-118.60389283511964,0.140625,308,0.2477,2.925200939178467,10,1.5299999713897705,0.0,0.004559999797493219,24.0,287.8999938964844,292.79998779296875,5.0,55.0
34.04852,-118.53038,367.0,0.59,0.7,2025-01-08,1042,N21,VIIRS,h,2.0NRT,267.85,28.02,N,2025-01-08 10:42:00,0.002032835119632268,0.0016843334531081568,34.05020433345311,-118.53241283511963,34.05020433345311,-118.52834716488036,34.0468356665469,-118.52834716488036,34.0468356665469,-118.53241283511963,0.140625,108,0.26480000000000004,917.6705322265625,50,1.850000023841858,0.0,0.004910000134259462,24.0,286.79998779296875,293.6000061035156,4.699999809265137,50.0
34.04856,-118.4827,305.39,0.59,0.7,2025-01-08,1042,N21,VIIRS,n,2.0NRT,260.72,1.64,N,2025-01-08 10:42:00,0.0020328360786362855,0.0016843334531081568,34.05024433345311,-118.48473283607863,34.05024433345311,-118.48066716392135,34.046875666546896,-118.48066716392135,34.046875666546896,-118.48473283607863,0.140625,99,0.4544,2455.75927734375,50,1.7999999523162842,0.0,0.005040000192821026,31.0,285.20001220703125,293.8999938964844,4.699999809265137,49.0
34.04939,-118.62862,313.5,0.58,0.7,2025-01-08,1042,N21,VIIRS,n,2.0NRT,266.56,7.81,N,2025-01-08 10:42:00,0.0020328559783974213,0.0016843334531081568,34.05107433345311,-118.6306528559784,34.05107433345311,-118.6265871440216,34.0477056665469,-118.6265871440216,34.0477056665469,-118.6306528559784,0.140625,192,0.24860000000000002,42.64755630493164,10,1.7100000381469727,0.0,0.004540000110864639,18.0,286.5,290.1000061035156,5.099999904632568,67.0
34.0494,-118.50959,367.0,0.59,0.7,2025-01-08,1042,N21,VIIRS,h,2.0NRT,265.68,21.61,N,2025-01-08 10:42:00,0.002032856218158556,0.0016843334531081568,34.051084333453105,-118.51162285621817,34.051084333453105,-118.50755714378184,34.04771566654689,-118.50755714378184,34.04771566654689,-118.51162285621817,0.140625,112,0.36860000000000004,840.2179565429688,10,1.850000023841858,0.0,0.004910000134259462,24.0,286.79998779296875,293.6000061035156,4.699999809265137,50.0
34.04947,-118.55758,329.17,0.59,0.7,2025-01-08,1042,N21,VIIRS,n,2.0NRT,263.6,10.04,N,2025-01-08 10:42:00,0.0020328578964898137,0.0016843334531081568,34.051154333453105,-118.5596128578965,34.051154333453105,-118.5555471421035,34.04778566654689,-118.5555471421035,34.04778566654689,-118.5596128578965,0.140625,118,0.2419,42.91071319580078,10,1.6399999856948853,0.0,0.004780000075697899,24.0,287.3999938964844,292.1000061035156,4.800000190734863,59.0
34.0496,-118.66571,344.18,0.58,0.7,2025-01-08,1042,N21,VIIRS,n,2.0NRT,273.05,17.04,N,2025-01-08 10:42:00,0.0020328610134061243,0.0016843334531081568,34.051284333453104,-118.66774286101341,34.051284333453104,-118.6636771389866,34.04791566654689,-118.6636771389866,34.04791566654689,-118.66774286101341,0.140625,237,0.25270000000000004,19.5773868560791,10,2.0399999618530273,0.0,0.004619999788701534,18.0,286.3999938964844,290.79998779296875,5.199999809265137,65.0
34.04964,-118.65318,367.0,0.58,0.7,2025-01-08,1042,N21,VIIRS,h,2.0NRT,278.56,25.28,N,2025-01-08 10:42:00,0.002032861972461325,0.0016843334531081568,34.0513243334531,-118.65521286197247,34.0513243334531,-118.65114713802754,34.04795566654689,-118.65114713802754,34.04795566654689,-118.65521286197247,0.140625,157,0.2659,96.7332992553711,30,1.7100000381469727,0.0,0.004540000110864639,18.0,286.5,290.1000061035156,5.099999904632568,67.0
34.05034,-118.53679,367.0,0.59,0.7,2025-01-08,1042,N21,VIIRS,h,2.0NRT,268.84,28.02,N,2025-01-08 10:42:00,0.0020328787562342117,0.0016843334531081568,34.052024333453105,-118.53882287875624,34.052024333453105,-118.53475712124376,34.04865566654689,-118.53475712124376,34.04865566654689,-118.53882287875624,0.140625,108,0.26480000000000004,917.6705322265625,50,1.850000023841858,0.0,0.004910000134259462,24.0,286.79998779296875,293.6000061035156,4.699999809265137,50.0
34.05035,-118.48895,310.3,0.59,0.7,2025-01-08,1042,N21,VIIRS,n,2.0NRT,261.76,3.62,N,2025-01-08 10:42:00,0.002032878996006602,0.0016843334531081568,34.05203433345311,-118.49098287899601,34.05203433345311,-118.486917121004,34.048665666546896,-118.486917121004,34.048665666546896,-118.49098287899601,0.140625,110,0.4597,1037.0811767578125,10,1.7999999523162842,0.0,0.005040000192821026,31.0,285.20001220703125,293.8999938964844,4.699999809265137,49.0
34.05067,-118.58556,307.61,0.59,0.7,2025-01-08,1042,N21,VIIRS,n,2.0NRT,264.65,3.41,N,2025-01-08 10:42:00,0.002032886668785652,0.0016843334531081568,34.0523543334531,-118.58759288666879,34.0523543334531,-118.58352711333121,34.04898566654689,-118.58352711333121,34.04898566654689,-118.58759288666879,0.140625,212,0.2411,17.584009170532227,10,1.5299999713897705,0.0,0.004559999797493219,24.0,287.8999938964844,292.79998779296875,5.0,55.0
34.05074,-118.60963,304.28,0.58,0.7,2025-01-08,1042,N21,VIIRS,n,2.0NRT,263.95,3.25,N,2025-01-08 10:42:00,0.002032888347222243,0.0016843334531081568,34.052424333453104,-118.61166288834721,34.052424333453104,-118.60759711165278,34.04905566654689,-118.60759711165278,34.04905566654689,-118.61166288834721,0.140625,331,0.2477,0.15320353209972382,10,1.5299999713897705,0.0,0.004559999797493219,24.0,287.8999938964844,292.79998779296875,5.0,55.0
34.05081,-118.63358,323.25,0.58,0.7,2025-01-08,1042,N21,VIIRS,n,2.0NRT,269.85,7.81,N,2025-01-08 10:42:00,0.00203289002566464,0.0016843334531081568,34.052494333453105,-118.63561289002566,34.052494333453105,-118.63154710997433,34.04912566654689,-118.63154710997433,34.04912566654689,-118.63561289002566,0.140625,192,0.24860000000000002,42.64755630493164,10,1.7100000381469727,0.0,0.004540000110864639,18.0,286.5,290.1000061035156,5.099999904632568,67.0
34.05132,-118.5163,367.0,0.59,0.7,2025-01-08,1042,N21,VIIRS,h,2.0NRT,272.36,60.3,N,2025-01-08 10:42:00,0.0020329022544916336,0.0016843334531081568,34.0530043334531,-118.5183329022545,34.0530043334531,-118.5142670977455,34.04963566654689,-118.5142670977455,34.04963566654689,-118.5183329022545,0.140625,101,0.2454,211.2073211669922,10,1.850000023841858,0.0,0.004910000134259462,24.0,286.79998779296875,293.6000061035156,4.699999809265137,50.0
34.05155,-118.67269,301.43,0.58,0.7,2025-01-08,1042,N21,VIIRS,n,2.0NRT,268.42,3.16,N,2025-01-08 10:42:00,0.0020329077695536626,0.0016843334531081568,34.053234333453105,-118.67472290776956,34.053234333453105,-118.67065709223044,34.04986566654689,-118.67065709223044,34.04986566654689,-118.67472290776956,0.140625,110,0.2495,19.57738494873047,20,2.0399999618530273,0.0,0.004619999788701534,18.0,286.3999938964844,290.79998779296875,5.199999809265137,65.0
34.05157,-118.56493,318.84,0.59,0.7,2025-01-08,1042,N21,VIIRS,n,2.0NRT,263.8,10.04,N,2025-01-08 10:42:00,0.002032908249127236,0.0016843334531081568,34.053254333453104,-118.56696290824912,34.053254333453104,-118.56289709175088,34.04988566654689,-118.56289709175088,34.04988566654689,-118.56696290824912,0.140625,133,0.2393,45.85663986206055,10,1.6399999856948853,0.0,0.004780000075697899,24.0,287.3999938964844,292.1000061035156,4.800000190734863,59.0
34.05166,-118.66023,367.0,0.58,0.7,2025-01-08,1042,N21,VIIRS,h,2.0NRT,281.33,25.28,N,2025-01-08 10:42:00,0.0020329104072141823,0.0016843334531081568,34.053344333453104,-118.66226291040721,34.053344333453104,-118.65819708959279,34.04997566654689,-118.65819708959279,34.04997566654689,-118.66226291040721,0.140625,206,0.25780000000000003,19.5773868560791,10,1.7100000381469727,0.0,0.004540000110864639,18.0,286.5,290.1000061035156,5.099999904632568,67.0
34.05212,-118.49516,315.52,0.59,0.7,2025-01-08,1042,N21,VIIRS,n,2.0NRT,261.84,3.62,N,2025-01-08 10:42:00,0.0020329214375862477,0.0016843334531081568,34.05380433345311,-118.49719292143759,34.05380433345311,-118.49312707856241,34.050435666546896,-118.49312707856241,34.050435666546896,-118.49719292143759,0.140625,112,0.4571,1095.5670166015625,50,1.850000023841858,0.0,0.004910000134259462,24.0,286.79998779296875,293.6000061035156,4.699999809265137,50.0
34.05227,-118.5435,367.0,0.59,0.7,2025-01-08,1042,N21,VIIRS,h,2.0NRT,269.68,19.78,N,2025-01-08 10:42:00,0.002032925034500915,0.0016843334531081568,34.053954333453106,-118.5455329250345,34.053954333453106,-118.5414670749655,34.050585666546894,-118.5414670749655,34.050585666546894,-118.5455329250345,0.140625,105,0.2659,1420.3568115234375,10,1.6399999856948853,0.0,0.004780000075697899,24.0,287.3999938964844,292.1000061035156,4.800000190734863,59.0
34.05236,-118.63898,328.84,0.58,0.7,2025-01-08,1042,N21,VIIRS,n,2.0NRT,272.29,15.67,N,2025-01-08 10:42:00,0.0020329271926625135,0.0016843334531081568,34.054044333453106,-118.64101292719266,34.054044333453106,-118.63694707280735,34.050675666546894,-118.63694707280735,34.050675666546894,-118.64101292719266,0.140625,210,0.24750000000000003,49.676761627197266,10,1.7100000381469727,0.0,0.004540000110864639,18.0,286.5,290.1000061035156,5.099999904632568,67.0
34.05272,-118.61656,307.64,0.58,0.7,2025-01-08,1042,N21,VIIRS,n,2.0NRT,264.3,3.67,N,2025-01-08 10:42:00,0.0020329358254048894,0.0016843334531081568,34.05440433345311,-118.61859293582542,34.05440433345311,-118.6145270641746,34.051035666546895,-118.6145270641746,34.051035666546895,-118.61859293582542,0.140625,331,0.2477,0.15320353209972382,10,1.5299999713897705,0.0,0.004559999797493219,24.0,287.8999938964844,292.79998779296875,5.0,55.0
34.05293,-118.47404,299.22,0.59,0.7,2025-01-08,1042,N21,VIIRS,n,2.0NRT,260.99,1.64,N,2025-01-08 10:42:00,0.002032940861242198,0.0016843334531081568,34.05461433345311,-118.47607294086124,34.05461433345311,-118.47200705913876,34.0512456665469,-118.47200705913876,34.0512456665469,-118.47607294086124,0.140625,93,0.3256,5643.91015625,50,1.7999999523162842,0.0,0.005040000192821026,31.0,285.20001220703125,293.8999938964844,4.699999809265137,49.0
34.0531,-118.67822,295.66,0.58,0.7,2025-01-08,1042,N21,VIIRS,n,2.0NRT,268.69,3.16,N,2025-01-08 10:42:00,0.002032944937910675,0.0016843334531081568,34.05478433345311,-118.6802529449379,34.05478433345311,-118.67618705506209,34.051415666546895,-118.67618705506209,34.051415666546895,-118.6802529449379,0.140625,110,0.2495,19.57738494873047,20,2.0399999618530273,0.0,0.004619999788701534,18.0,286.3999938964844,290.79998779296875,5.199999809265137,65.0
34.05313,-118.5942,305.45,0.59,0.7,2025-01-08,1042,N21,VIIRS,n,2.0NRT,263.81,3.41,N,2025-01-08 10:42:00,0.002032945657326314,0.0016843334531081568,34.05481433345311,-118.59623294565732,34.05481433345311,-118.59216705434268,34.0514456665469,-118.59216705434268,34.0514456665469,-118.59623294565732,0.140625,260,0.24200000000000002,15.540823936462402,10,1.5299999713897705,0.0,0.004559999797493219,24.0,287.8999938964844,292.79998779296875,5.0,55.0
34.05314,-118.52264,367.0,0.59,0.7,2025-01-08,1042,N21,VIIRS,h,2.0NRT,273.23,60.3,N,2025-01-08 10:42:00,0.0020329458971317643,0.0016843334531081568,34.054824333453105,-118.52467294589712,34.054824333453105,-118.52060705410287,34.05145566654689,-118.52060705410287,34.05145566654689,-118.52467294589712,0.140625,120,0.26480000000000004,1493.949951171875,50,1.850000023841858,0.0,0.004910000134259462,24.0,286.79998779296875,293.6000061035156,4.699999809265137,50.0
34.05349,-118.57165,314.97,0.59,0.7,2025-01-08,1042,N21,VIIRS,n,2.0NRT,263.82,6.05,N,2025-01-08 10:42:00,0.0020329542903971738,0.0016843334531081568,34.0551743334531,-118.5736829542904,34.0551743334531,-118.5696170457096,34.05180566654689,-118.5696170457096,34.05180566654689,-118.5736829542904,0.140625,133,0.2393,45.85663986206055,10,1.6399999856948853,0.0,0.004780000075697899,24.0,287.3999938964844,292.1000061035156,4.800000190734863,59.0
34.05392,-118.50146,321.61,0.59,0.7,2025-01-08,1042,N21,VIIRS,n,2.0NRT,262.4,7.86,N,2025-01-08 10:42:00,0.00203296460232198,0.0016843334531081568,34.055604333453104,-118.50349296460232,34.055604333453104,-118.49942703539767,34.05223566654689,-118.49942703539767,34.05223566654689,-118.50349296460232,0.140625,112,0.4571,1095.5670166015625,50,1.850000023841858,0.0,0.004910000134259462,24.0,286.79998779296875,293.6000061035156,4.699999809265137,50.0
34.05393,-118.66817,314.97,0.58,0.7,2025-01-08,1042,N21,VIIRS,n,2.0NRT,268.94,9.63,N,2025-01-08 10:42:00,0.0020329648421367917,0.0016843334531081568,34.05561433345311,-118.67020296484215,34.05561433345311,-118.66613703515786,34.052245666546895,-118.66613703515786,34.052245666546895,-118.67020296484215,0.140625,237,0.25270000000000004,19.5773868560791,10,2.0399999618530273,0.0,0.004619999788701534,18.0,286.3999938964844,290.79998779296875,5.199999809265137,65.0
34.05409,-118.54986,344.1,0.59,0.7,2025-01-08,1042,N21,VIIRS,n,2.0NRT,263.88,19.78,N,2025-01-08 10:42:00,0.002032968679189899,0.0016843334531081568,34.05577433345311,-118.55189296867918,34.05577433345311,-118.54782703132081,34.052405666546896,-118.54782703132081,34.052405666546896,-118.55189296867918,0.140625,120,0.2564,341.0213317871094,10,1.6399999856948853,0.0,0.004780000075697899,24.0,287.3999938964844,292.1000061035156,4.800000190734863,59.0
34.05442,-118.62247,315.68,0.58,0.7,2025-01-08,1042,N21,VIIRS,n,2.0NRT,266.05,3.67,N,2025-01-08 10:42:00,0.0020329765932077465,0.0016843334531081568,34.056104333453106,-118.62450297659322,34.056104333453106,-118.6204370234068,34.052735666546894,-118.6204370234068,34.052735666546894,-118.62450297659322,0.140625,326,0.24400000000000002,4.9116740226745605,10,1.7100000381469727,0.0,0.004540000110864639,18.0,286.5,290.1000061035156,5.099999904632568,67.0
34.05462,-118.64687,342.31,0.58,0.7,2025-01-08,1042,N21,VIIRS,n,2.0NRT,273.89,15.67,N,2025-01-08 10:42:00,0.002032981389645009,0.0016843334531081568,34.056304333453106,-118.64890298138965,34.056304333453106,-118.64483701861036,34.052935666546894,-118.64483701861036,34.052935666546894,-118.64890298138965,0.140625,157,0.2659,96.7332992553711,30,1.7100000381469727,0.0,0.004540000110864639,18.0,286.5,290.1000061035156,5.099999904632568,67.0
34.05473,-118.48034,304.12,0.59,0.7,2025-01-08,1042,N21,VIIRS,n,2.0NRT,260.83,1.64,N,2025-01-08 10:42:00,0.0020329840277057095,0.0016843334531081568,34.056414333453105,-118.4823729840277,34.056414333453105,-118.47830701597229,34.05304566654689,-118.47830701597229,34.05304566654689,-118.4823729840277,0.140625,99,0.4544,2455.75927734375,50,1.7999999523162842,0.0,0.005040000192821026,31.0,285.20001220703125,293.8999938964844,4.699999809265137,49.0
34.0549,-118.52882,340.2,0.59,0.7,2025-01-08,1042,N21,VIIRS,n,2.0NRT,265.14,28.02,N,2025-01-08 10:42:00,0.002032988104736816,0.0016843334531081568,34.05658433345311,-118.53085298810473,34.05658433345311,-118.52678701189527,34.0532156665469,-118.52678701189527,34.0532156665469,-118.53085298810473,0.140625,108,0.26480000000000004,917.6705322265625,50,1.850000023841858,0.0,0.004910000134259462,24.0,286.79998779296875,293.6000061035156,4.699999809265137,50.0
34.0552,-118.57759,312.16,0.59,0.7,2025-01-08,1042,N21,VIIRS,n,2.0NRT,264.14,6.05,N,2025-01-08 10:42:00,0.0020329952995811426,0.0016843334531081568,34.056884333453105,-118.57962299529959,34.056884333453105,-118.57555700470041,34.05351566654689,-118.57555700470041,34.05351566654689,-118.57962299529959,0.140625,126,0.2424,2.8627238273620605,10,1.6399999856948853,0.0,0.004780000075697899,24.0,287.3999938964844,292.1000061035156,4.800000190734863,59.0
34.05537,-118.60203,306.1,0.59,0.7,2025-01-08,1042,N21,VIIRS,n,2.0NRT,261.98,4.42,N,2025-01-08 10:42:00,0.0020329993767069406,0.0016843334531081568,34.05705433345311,-118.60406299937671,34.05705433345311,-118.59999700062329,34.0536856665469,-118.59999700062329,34.0536856665469,-118.60406299937671,0.140625,308,0.2477,2.925200939178467,10,1.5299999713897705,0.0,0.004559999797493219,24.0,287.8999938964844,292.79998779296875,5.0,55.0
34.05575,-118.50787,329.67,0.59,0.7,2025-01-08,1042,N21,VIIRS,n,2.0NRT,264.08,7.86,N,2025-01-08 10:42:00,0.002033008490406101,0.0016843334531081568,34.05743433345311,-118.5099030084904,34.05743433345311,-118.5058369915096,34.0540656665469,-118.5058369915096,34.0540656665469,-118.5099030084904,0.140625,112,0.36860000000000004,840.2179565429688,10,1.850000023841858,0.0,0.004910000134259462,24.0,286.79998779296875,293.6000061035156,4.699999809265137,50.0
34.05593,-118.62774,324.47,0.58,0.7,2025-01-08,1042,N21,VIIRS,n,2.0NRT,268.43,7.81,N,2025-01-08 10:42:00,0.002033012807481225,0.0016843334531081568,34.0576143334531,-118.62977301280749,34.0576143334531,-118.62570698719252,34.05424566654689,-118.62570698719252,34.05424566654689,-118.62977301280749,0.140625,192,0.24860000000000002,42.64755630493164,10,1.7100000381469727,0.0,0.004540000110864639,18.0,286.5,290.1000061035156,5.099999904632568,67.0
34.056,-118.55658,325.67,0.59,0.7,2025-01-08,1042,N21,VIIRS,n,2.0NRT,262.89,11.01,N,2025-01-08 10:42:00,0.0020330144863541432,0.0016843334531081568,34.0576843334531,-118.55861301448635,34.0576843334531,-118.55454698551364,34.05431566654689,-118.55454698551364,34.05431566654689,-118.55861301448635,0.140625,118,0.2419,42.91071319580078,10,1.6399999856948853,0.0,0.004780000075697899,24.0,287.3999938964844,292.1000061035156,4.800000190734863,59.0
34.05645,-118.65324,333.64,0.58,0.7,2025-01-08,1042,N21,VIIRS,n,2.0NRT,273.12,9.1,N,2025-01-08 10:42:00,0.0020330252792472863,0.0016843334531081568,34.058134333453104,-118.65527302527924,34.058134333453104,-118.65120697472075,34.05476566654689,-118.65120697472075,34.05476566654689,-118.65527302527924,0.140625,157,0.2659,96.7332992553711,30,1.7100000381469727,0.0,0.004540000110864639,18.0,286.5,290.1000061035156,5.099999904632568,67.0
34.05653,-118.48666,309.13,0.59,0.7,2025-01-08,1042,N21,VIIRS,n,2.0NRT,261.51,3.62,N,2025-01-08 10:42:00,0.0020330271980089714,0.0016843334531081568,34.05821433345311,-118.48869302719801,34.05821433345311,-118.48462697280199,34.054845666546896,-118.48462697280199,34.054845666546896,-118.48869302719801,0.140625,110,0.4597,1037.0811767578125,10,1.7999999523162842,0.0,0.005040000192821026,31.0,285.20001220703125,293.8999938964844,4.699999809265137,49.0
34.0568,-118.53548,343.55,0.59,0.7,2025-01-08,1042,N21,VIIRS,n,2.0NRT,264.4,28.02,N,2025-01-08 10:42:00,0.00203303367388566,0.0016843334531081568,34.05848433345311,-118.53751303367389,34.05848433345311,-118.53344696632612,34.0551156665469,-118.53344696632612,34.0551156665469,-118.53751303367389,0.140625,181,0.19590000000000002,28.542539596557617,10,1.850000023841858,0.0,0.004910000134259462,24.0,286.79998779296875,293.6000061035156,4.699999809265137,50.0
34.05702,-118.58398,312.19,0.59,0.7,2025-01-08,1042,N21,VIIRS,n,2.0NRT,264.77,3.41,N,2025-01-08 10:42:00,0.002033038950589808,0.0016843334531081568,34.05870433345311,-118.58601303895058,34.05870433345311,-118.58194696104941,34.055335666546895,-118.58194696104941,34.055335666546895,-118.58601303895058,0.140625,357,0.24050000000000002,12.934670448303223,10,1.5299999713897705,0.0,0.004559999797493219,24.0,287.8999938964844,292.79998779296875,5.0,55.0
34.05731,-118.63253,330.48,0.58,0.7,2025-01-08,1042,N21,VIIRS,n,2.0NRT,270.11,7.81,N,2025-01-08 10:42:00,0.002033045906332924,0.0016843334531081568,34.05899433345311,-118.63456304590633,34.05899433345311,-118.63049695409367,34.055625666546895,-118.63049695409367,34.055625666546895,-118.63456304590633,0.140625,234,0.2489,44.875553131103516,10,1.7100000381469727,0.0,0.004540000110864639,18.0,286.5,290.1000061035156,5.099999904632568,67.0
34.05736,-118.60901,316.61,0.58,0.7,2025-01-08,1042,N21,VIIRS,n,2.0NRT,263.36,4.42,N,2025-01-08 10:42:00,0.002033047105609053,0.0016843334531081568,34.05904433345311,-118.61104304710561,34.05904433345311,-118.60697695289439,34.0556756665469,-118.60697695289439,34.0556756665469,-118.61104304710561,0.140625,463,0.28090000000000004,15.551650047302246,10,1.5299999713897705,0.0,0.004559999797493219,24.0,287.8999938964844,292.79998779296875,5.0,55.0
34.05767,-118.51464,326.76,0.59,0.7,2025-01-08,1042,N21,VIIRS,n,2.0NRT,264.57,7.7,N,2025-01-08 10:42:00,0.002033054541187191,0.0016843334531081568,34.05935433345311,-118.51667305454119,34.05935433345311,-118.51260694545881,34.055985666546896,-118.51260694545881,34.055985666546896,-118.51667305454119,0.140625,170,0.24710000000000001,0.5873138904571533,10,1.850000023841858,0.0,0.004910000134259462,24.0,286.79998779296875,293.6000061035156,4.699999809265137,50.0
34.05824,-118.56442,321.98,0.59,0.7,2025-01-08,1042,N21,VIIRS,n,2.0NRT,263.71,11.01,N,2025-01-08 10:42:00,0.002033068213353939,0.0016843334531081568,34.059924333453104,-118.56645306821335,34.059924333453104,-118.56238693178665,34.05655566654689,-118.56238693178665,34.05655566654689,-118.56645306821335,0.140625,305,0.17880000000000001,9.602179527282715,10,1.6399999856948853,0.0,0.004780000075697899,24.0,287.3999938964844,292.1000061035156,4.800000190734863,59.0
34.05833,-118.49294,314.7,0.59,0.7,2025-01-08,1042,N21,VIIRS,n,2.0NRT,261.94,3.62,N,2025-01-08 10:42:00,0.002033070372152313,0.0016843334531081568,34.060014333453104,-118.49497307037215,34.060014333453104,-118.49090692962785,34.05664566654689,-118.49090692962785,34.05664566654689,-118.49497307037215,0.140625,134,0.3778,627.947998046875,10,1.850000023841858,0.0,0.004910000134259462,24.0,286.79998779296875,293.6000061035156,4.699999809265137,50.0
34.05842,-118.66014,311.9,0.58,0.7,2025-01-08,1042,N21,VIIRS,n,2.0NRT,269.48,9.1,N,2025-01-08 10:42:00,0.002033072530960288,0.0016843334531081568,34.060104333453104,-118.66217307253096,34.060104333453104,-118.65810692746903,34.05673566654689,-118.65810692746903,34.05673566654689,-118.66217307253096,0.140625,367,0.2525,19.577390670776367,10,1.7100000381469727,0.0,0.004540000110864639,18.0,286.5,290.1000061035156,5.099999904632568,67.0
34.05876,-118.54234,349.95,0.59,0.7,2025-01-08,1042,N21,VIIRS,n,2.0NRT,264.64,19.78,N,2025-01-08 10:42:00,0.00203308068654373,0.0016843334531081568,34.060444333453106,-118.54437308068654,34.060444333453106,-118.54030691931345,34.05707566654689,-118.54030691931345,34.05707566654689,-118.54437308068654,0.140625,202,0.25720000000000004,682.1331787109375,10,1.6399999856948853,0.0,0.004780000075697899,24.0,287.3999938964844,292.1000061035156,4.800000190734863,59.0
34.05883,-118.63785,367.0,0.58,0.7,2025-01-08,1042,N21,VIIRS,h,2.0NRT,283.88,15.67,N,2025-01-08 10:42:00,0.0020330823656514478,0.0016843334531081568,34.060514333453106,-118.63988308236566,34.060514333453106,-118.63581691763434,34.057145666546894,-118.63581691763434,34.057145666546894,-118.63988308236566,0.140625,355,0.2233,49.535037994384766,10,1.7100000381469727,0.0,0.004540000110864639,18.0,286.5,290.1000061035156,5.099999904632568,67.0
34.05913,-118.61518,323.44,0.58,0.7,2025-01-08,1042,N21,VIIRS,n,2.0NRT,264.15,6.9,N,2025-01-08 10:42:00,0.0020330895618931692,0.0016843334531081568,34.06081433345311,-118.61721308956189,34.06081433345311,-118.6131469104381,34.0574456665469,-118.6131469104381,34.0574456665469,-118.61721308956189,0.140625,452,0.318,22.094072341918945,10,1.5299999713897705,0.0,0.004559999797493219,24.0,287.8999938964844,292.79998779296875,5.0,55.0
34.05914,-118.47182,298.81,0.59,0.7,2025-01-08,1042,N21,VIIRS,n,2.0NRT,259.7,1.46,N,2025-01-08 10:42:00,0.0020330898017697305,0.0016843334531081568,34.060824333453105,-118.47385308980176,34.060824333453105,-118.46978691019822,34.05745566654689,-118.46978691019822,34.05745566654689,-118.47385308980176,0.140625,121,0.3864,3678.232177734375,50,1.7999999523162842,0.0,0.005040000192821026,31.0,285.20001220703125,293.8999938964844,4.699999809265137,49.0
34.05933,-118.59208,318.22,0.59,0.7,2025-01-08,1042,N21,VIIRS,n,2.0NRT,263.52,3.41,N,2025-01-08 10:42:00,0.002033094359446918,0.0016843334531081568,34.06101433345311,-118.59411309435944,34.06101433345311,-118.59004690564055,34.0576456665469,-118.59004690564055,34.0576456665469,-118.59411309435944,0.140625,420,0.24050000000000002,17.302928924560547,10,1.5299999713897705,0.0,0.004559999797493219,24.0,287.8999938964844,292.79998779296875,5.0,55.0
34.05959,-118.52132,326.18,0.59,0.7,2025-01-08,1042,N21,VIIRS,n,2.0NRT,264.76,7.7,N,2025-01-08 10:42:00,0.002033100596337676,0.0016843334531081568,34.061274333453106,-118.52335310059634,34.061274333453106,-118.51928689940367,34.057905666546894,-118.51928689940367,34.057905666546894,-118.52335310059634,0.140625,188,0.1774,0.6009742021560669,10,1.850000023841858,0.0,0.004910000134259462,24.0,286.79998779296875,293.6000061035156,4.699999809265137,50.0
34.06017,-118.49943,332.97,0.59,0.7,2025-01-08,1042,N21,VIIRS,n,2.0NRT,262.55,7.86,N,2025-01-08 10:42:00,0.002033114509690436,0.0016843334531081568,34.061854333453105,-118.50146311450969,34.061854333453105,-118.49739688549032,34.05848566654689,-118.49739688549032,34.05848566654689,-118.50146311450969,0.140625,134,0.3778,627.947998046875,10,1.850000023841858,0.0,0.004910000134259462,24.0,286.79998779296875,293.6000061035156,4.699999809265137,50.0
34.06035,-118.5718,318.84,0.59,0.7,2025-01-08,1042,N21,VIIRS,n,2.0NRT,263.46,11.57,N,2025-01-08 10:42:00,0.0020331188277085814,0.0016843334531081568,34.062034333453106,-118.57383311882771,34.062034333453106,-118.56976688117228,34.058665666546894,-118.56976688117228,34.058665666546894,-118.57383311882771,0.140625,305,0.17880000000000001,9.602179527282715,10,1.6399999856948853,0.0,0.004780000075697899,24.0,287.3999938964844,292.1000061035156,4.800000190734863,59.0
34.0606,-118.54879,339.26,0.59,0.7,2025-01-08,1042,N21,VIIRS,n,2.0NRT,263.5,19.78,N,2025-01-08 10:42:00,0.002033124825019722,0.0016843334531081568,34.06228433345311,-118.55082312482502,34.06228433345311,-118.54675687517498,34.058915666546895,-118.54675687517498,34.058915666546895,-118.55082312482502,0.140625,225,0.2838,445.96746826171875,10,1.6399999856948853,0.0,0.004780000075697899,24.0,287.3999938964844,292.1000061035156,4.800000190734863,59.0
34.06072,-118.62074,324.28,0.58,0.7,2025-01-08,1042,N21,VIIRS,n,2.0NRT,267.78,6.9,N,2025-01-08 10:42:00,0.0020331277037553865,0.0016843334531081568,34.06240433345311,-118.62277312770375,34.06240433345311,-118.61870687229624,34.0590356665469,-118.61870687229624,34.0590356665469,-118.62277312770375,0.140625,342,0.2404,13.87864875793457,10,1.7100000381469727,0.0,0.004540000110864639,18.0,286.5,290.1000061035156,5.099999904632568,67.0
34.06093,-118.47809,303.96,0.59,0.7,2025-01-08,1042,N21,VIIRS,n,2.0NRT,259.79,1.46,N,2025-01-08 10:42:00,0.0020331327415838746,0.0016843334531081568,34.062614333453105,-118.48012313274158,34.062614333453105,-118.47605686725841,34.05924566654689,-118.47605686725841,34.05924566654689,-118.48012313274158,0.140625,121,0.4611,1736.2586669921875,10,1.7999999523162842,0.0,0.005040000192821026,31.0,285.20001220703125,293.8999938964844,4.699999809265137,49.0
34.06134,-118.64664,330.61,0.58,0.7,2025-01-08,1042,N21,VIIRS,n,2.0NRT,270.47,15.67,N,2025-01-08 10:42:00,0.002033142577494929,0.0016843334531081568,34.06302433345311,-118.6486731425775,34.06302433345311,-118.64460685742252,34.059655666546895,-118.64460685742252,34.059655666546895,-118.6486731425775,0.140625,349,0.2144,70.69699096679688,50,1.7100000381469727,0.0,0.004540000110864639,18.0,286.5,290.1000061035156,5.099999904632568,67.0
34.06141,-118.5277,325.21,0.59,0.7,2025-01-08,1042,N21,VIIRS,n,2.0NRT,263.83,7.63,N,2025-01-08 10:42:00,0.0020331442568167326,0.0016843334531081568,34.06309433345311,-118.52973314425681,34.06309433345311,-118.52566685574318,34.059725666546896,-118.52566685574318,34.059725666546896,-118.52973314425681,0.140625,188,0.1774,0.6009742021560669,10,1.850000023841858,0.0,0.004910000134259462,24.0,286.79998779296875,293.6000061035156,4.699999809265137,50.0
34.06142,-118.47166,297.63,0.59,0.7,2025-01-08,1042,N21,VIIRS,n,2.0NRT,258.31,2.86,N,2025-01-08 10:42:00,0.0020331444967203213,0.0016843334531081568,34.063104333453104,-118.47369314449672,34.063104333453104,-118.46962685550328,34.05973566654689,-118.46962685550328,34.05973566654689,-118.47369314449672,0.140625,121,0.3864,3678.232177734375,50,1.7999999523162842,0.0,0.005040000192821026,31.0,285.20001220703125,293.8999938964844,4.699999809265137,49.0
34.06177,-118.60063,319.21,0.59,0.7,2025-01-08,1042,N21,VIIRS,n,2.0NRT,262.69,4.42,N,2025-01-08 10:42:00,0.0020331528934206203,0.0016843334531081568,34.06345433345311,-118.60266315289341,34.06345433345311,-118.59859684710658,34.0600856665469,-118.59859684710658,34.0600856665469,-118.60266315289341,0.140625,463,0.28090000000000004,15.551650047302246,10,1.5299999713897705,0.0,0.004559999797493219,24.0,287.8999938964844,292.79998779296875,5.0,55.0
34.06193,-118.57733,316.57,0.59,0.7,2025-01-08,1042,N21,VIIRS,n,2.0NRT,263.6,11.57,N,2025-01-08 10:42:00,0.002033156731960554,0.0016843334531081568,34.0636143334531,-118.57936315673196,34.0636143334531,-118.57529684326805,34.06024566654689,-118.57529684326805,34.06024566654689,-118.57936315673196,0.140625,358,0.202,0.0,10,1.6399999856948853,0.0,0.004780000075697899,24.0,287.3999938964844,292.1000061035156,4.800000190734863,59.0
34.0621,-118.50619,338.62,0.59,0.7,2025-01-08,1042,N21,VIIRS,n,2.0NRT,265.0,7.86,N,2025-01-08 10:42:00,0.002033160810442488,0.0016843334531081568,34.06378433345311,-118.50822316081045,34.06378433345311,-118.50415683918956,34.060415666546895,-118.50415683918956,34.060415666546895,-118.50822316081045,0.140625,157,0.3778,503.0071716308594,10,1.850000023841858,0.0,0.004910000134259462,24.0,286.79998779296875,293.6000061035156,4.699999809265137,50.0
34.06234,-118.62637,327.4,0.58,0.7,2025-01-08,1042,N21,VIIRS,n,2.0NRT,268.76,16.18,N,2025-01-08 10:42:00,0.002033166568357663,0.0016843334531081568,34.064024333453105,-118.62840316656835,34.064024333453105,-118.62433683343164,34.06065566654689,-118.62433683343164,34.06065566654689,-118.62840316656835,0.140625,342,0.2404,13.87864875793457,10,1.7100000381469727,0.0,0.004540000110864639,18.0,286.5,290.1000061035156,5.099999904632568,67.0
34.06243,-118.55518,326.44,0.59,0.7,2025-01-08,1042,N21,VIIRS,n,2.0NRT,264.3,11.01,N,2025-01-08 10:42:00,0.0020331687275934587,0.0016843334531081568,34.064114333453105,-118.55721316872759,34.064114333453105,-118.5531468312724,34.06074566654689,-118.5531468312724,34.06074566654689,-118.55721316872759,0.140625,225,0.2838,445.96746826171875,10,1.6399999856948853,0.0,0.004780000075697899,24.0,287.3999938964844,292.1000061035156,4.800000190734863,59.0
34.06274,-118.48444,309.63,0.59,0.7,2025-01-08,1042,N21,VIIRS,n,2.0NRT,261.02,3.11,N,2025-01-08 10:42:00,0.002033176165034704,0.0016843334531081568,34.064424333453104,-118.48647317616503,34.064424333453104,-118.48240682383498,34.06105566654689,-118.48240682383498,34.06105566654689,-118.48647317616503,0.140625,133,0.5032,1140.577392578125,10,1.7999999523162842,0.0,0.005040000192821026,31.0,285.20001220703125,293.8999938964844,4.699999809265137,49.0
34.06324,-118.47791,302.99,0.59,0.7,2025-01-08,1042,N21,VIIRS,n,2.0NRT,258.94,1.77,N,2025-01-08 10:42:00,0.0020331881611477575,0.0016843334531081568,34.064924333453106,-118.47994318816114,34.064924333453106,-118.47587681183884,34.061555666546894,-118.47587681183884,34.061555666546894,-118.47994318816114,0.140625,121,0.4611,1736.2586669921875,10,1.7999999523162842,0.0,0.005040000192821026,31.0,285.20001220703125,293.8999938964844,4.699999809265137,49.0
34.06337,-118.58236,317.68,0.59,0.7,2025-01-08,1042,N21,VIIRS,n,2.0NRT,264.42,13.57,N,2025-01-08 10:42:00,0.0020331912801857003,0.0016843334531081568,34.065054333453105,-118.58439319128018,34.065054333453105,-118.5803268087198,34.06168566654689,-118.5803268087198,34.06168566654689,-118.58439319128018,0.140625,357,0.24050000000000002,12.934670448303223,10,1.5299999713897705,0.0,0.004559999797493219,24.0,287.8999938964844,292.79998779296875,5.0,55.0
34.06342,-118.53477,325.55,0.59,0.7,2025-01-08,1042,N21,VIIRS,n,2.0NRT,263.79,7.63,N,2025-01-08 10:42:00,0.002033192479821014,0.0016843334531081568,34.06510433345311,-118.53680319247981,34.06510433345311,-118.53273680752018,34.061735666546895,-118.53273680752018,34.061735666546895,-118.53680319247981,0.140625,181,0.19590000000000002,28.542539596557617,10,1.850000023841858,0.0,0.004910000134259462,24.0,286.79998779296875,293.6000061035156,4.699999809265137,50.0
34.06365,-118.60722,318.63,0.58,0.7,2025-01-08,1042,N21,VIIRS,n,2.0NRT,262.72,4.42,N,2025-01-08 10:42:00,0.0020331979981816324,0.0016843334531081568,34.06533433345311,-118.60925319799819,34.06533433345311,-118.60518680200181,34.0619656665469,-118.60518680200181,34.0619656665469,-118.60925319799819,0.140625,463,0.28090000000000004,15.551650047302246,10,1.5299999713897705,0.0,0.004559999797493219,24.0,287.8999938964844,292.79998779296875,5.0,55.0
34.0639,-118.63182,335.58,0.58,0.7,2025-01-08,1042,N21,VIIRS,n,2.0NRT,269.65,16.18,N,2025-01-08 10:42:00,0.0020332039964708324,0.0016843334531081568,34.0655843334531,-118.63385320399648,34.0655843334531,-118.62978679600353,34.06221566654689,-118.62978679600353,34.06221566654689,-118.63385320399648,0.140625,234,0.2489,44.875553131103516,10,1.7100000381469727,0.0,0.004540000110864639,18.0,286.5,290.1000061035156,5.099999904632568,67.0
34.06402,-118.51292,332.88,0.59,0.7,2025-01-08,1042,N21,VIIRS,n,2.0NRT,264.53,7.7,N,2025-01-08 10:42:00,0.002033206875675969,0.0016843334531081568,34.065704333453105,-118.51495320687567,34.065704333453105,-118.51088679312431,34.06233566654689,-118.51088679312431,34.06233566654689,-118.51495320687567,0.140625,170,0.24710000000000001,0.5873138904571533,10,1.850000023841858,0.0,0.004910000134259462,24.0,286.79998779296875,293.6000061035156,4.699999809265137,50.0
34.06437,-118.56202,367.0,0.59,0.7,2025-01-08,1042,N21,VIIRS,h,2.0NRT,270.59,11.01,N,2025-01-08 10:42:00,0.0020332152734551367,0.0016843334531081568,34.0660543334531,-118.56405321527346,34.0660543334531,-118.55998678472655,34.06268566654689,-118.55998678472655,34.06268566654689,-118.56405321527346,0.140625,212,0.22640000000000002,25.29782485961914,10,1.6399999856948853,0.0,0.004780000075697899,24.0,287.3999938964844,292.1000061035156,4.800000190734863,59.0
34.06456,-118.49082,316.72,0.59,0.7,2025-01-08,1042,N21,VIIRS,n,2.0NRT,261.11,3.11,N,2025-01-08 10:42:00,0.002033219832310366,0.0016843334531081568,34.066244333453106,-118.49285321983231,34.066244333453106,-118.48878678016769,34.062875666546894,-118.48878678016769,34.062875666546894,-118.49285321983231,0.140625,133,0.5032,1140.577392578125,10,1.7999999523162842,0.0,0.005040000192821026,31.0,285.20001220703125,293.8999938964844,4.699999809265137,49.0
34.06496,-118.58793,347.34,0.59,0.7,2025-01-08,1042,N21,VIIRS,n,2.0NRT,266.83,13.57,N,2025-01-08 10:42:00,0.0020332294300402314,0.0016843334531081568,34.066644333453105,-118.58996322943004,34.066644333453105,-118.58589677056996,34.06327566654689,-118.58589677056996,34.06327566654689,-118.58996322943004,0.140625,357,0.24050000000000002,12.934670448303223,10,1.5299999713897705,0.0,0.004559999797493219,24.0,287.8999938964844,292.79998779296875,5.0,55.0
34.06511,-118.48431,308.43,0.59,0.7,2025-01-08,1042,N21,VIIRS,n,2.0NRT,260.01,1.77,N,2025-01-08 10:42:00,0.0020332330292378398,0.0016843334531081568,34.0667943334531,-118.48634323302923,34.0667943334531,-118.48227676697076,34.06342566654689,-118.48227676697076,34.06342566654689,-118.48634323302923,0.140625,133,0.5032,1140.577392578125,10,1.7999999523162842,0.0,0.005040000192821026,31.0,285.20001220703125,293.8999938964844,4.699999809265137,49.0
34.06538,-118.54165,324.82,0.59,0.7,2025-01-08,1042,N21,VIIRS,n,2.0NRT,263.6,12.73,N,2025-01-08 10:42:00,0.0020332395078607648,0.0016843334531081568,34.067064333453104,-118.54368323950787,34.067064333453104,-118.53961676049214,34.06369566654689,-118.53961676049214,34.06369566654689,-118.54368323950787,0.140625,202,0.25720000000000004,682.1331787109375,10,1.6399999856948853,0.0,0.004780000075697899,24.0,287.3999938964844,292.1000061035156,4.800000190734863,59.0
34.06539,-118.63704,367.0,0.58,0.7,2025-01-08,1042,N21,VIIRS,h,2.0NRT,287.13,21.26,N,2025-01-08 10:42:00,0.002033239747811422,0.0016843334531081568,34.06707433345311,-118.63907323974782,34.06707433345311,-118.63500676025218,34.063705666546895,-118.63500676025218,34.063705666546895,-118.63907323974782,0.140625,355,0.2233,49.535037994384766,10,1.7100000381469727,0.0,0.004540000110864639,18.0,286.5,290.1000061035156,5.099999904632568,67.0
34.06556,-118.6139,332.5,0.58,0.7,2025-01-08,1042,N21,VIIRS,n,2.0NRT,264.49,6.9,N,2025-01-08 10:42:00,0.0020332438269907364,0.0016843334531081568,34.067244333453104,-118.61593324382699,34.067244333453104,-118.61186675617301,34.06387566654689,-118.61186675617301,34.06387566654689,-118.61593324382699,0.140625,452,0.318,22.094072341918945,10,1.5299999713897705,0.0,0.004559999797493219,24.0,287.8999938964844,292.79998779296875,5.0,55.0
34.066,-118.51986,332.4,0.59,0.7,2025-01-08,1042,N21,VIIRS,n,2.0NRT,263.48,7.7,N,2025-01-08 10:42:00,0.0020332543850257317,0.0016843334531081568,34.06768433345311,-118.52189325438502,34.06768433345311,-118.51782674561497,34.0643156665469,-118.51782674561497,34.0643156665469,-118.52189325438502,0.140625,282,0.1904,0.6000213027000427,10,1.850000023841858,0.0,0.004910000134259462,24.0,286.79998779296875,293.6000061035156,4.699999809265137,50.0
34.06639,-118.56909,367.0,0.59,0.7,2025-01-08,1042,N21,VIIRS,h,2.0NRT,267.22,11.57,N,2025-01-08 10:42:00,0.002033263743475936,0.0016843334531081568,34.068074333453104,-118.57112326374347,34.068074333453104,-118.56705673625653,34.06470566654689,-118.56705673625653,34.06470566654689,-118.57112326374347,0.140625,284,0.2856,7.91660213470459,10,1.6399999856948853,0.0,0.004780000075697899,24.0,287.3999938964844,292.1000061035156,4.800000190734863,59.0
34.06639,-118.49725,325.32,0.59,0.7,2025-01-08,1042,N21,VIIRS,n,2.0NRT,261.08,11.89,N,2025-01-08 10:42:00,0.002033263743475936,0.0016843334531081568,34.068074333453104,-118.49928326374346,34.068074333453104,-118.49521673625652,34.06470566654689,-118.49521673625652,34.06470566654689,-118.49928326374346,0.140625,174,0.5123,711.595458984375,10,1.850000023841858,0.0,0.004910000134259462,24.0,286.79998779296875,293.6000061035156,4.699999809265137,50.0
34.06696,-118.49065,315.7,0.59,0.7,2025-01-08,1042,N21,VIIRS,n,2.0NRT,260.76,4.57,N,2025-01-08 10:42:00,0.0020332774215352776,0.0016843334531081568,34.06864433345311,-118.49268327742153,34.06864433345311,-118.48861672257847,34.065275666546896,-118.48861672257847,34.065275666546896,-118.49268327742153,0.140625,162,0.4758,1338.918212890625,10,1.7999999523162842,0.0,0.005040000192821026,31.0,285.20001220703125,293.8999938964844,4.699999809265137,49.0
34.06718,-118.476,299.51,0.59,0.7,2025-01-08,1042,N21,VIIRS,n,2.0NRT,258.79,1.46,N,2025-01-08 10:42:00,0.0020332827008892967,0.0016843334531081568,34.06886433345311,-118.47803328270089,34.06886433345311,-118.4739667172991,34.065495666546894,-118.4739667172991,34.065495666546894,-118.47803328270089,0.140625,160,0.4758,1377.8416748046875,10,1.7999999523162842,0.0,0.005040000192821026,31.0,285.20001220703125,293.8999938964844,4.699999809265137,49.0
34.06721,-118.54808,324.1,0.59,0.7,2025-01-08,1042,N21,VIIRS,n,2.0NRT,263.45,12.73,N,2025-01-08 10:42:00,0.0020332834208056554,0.0016843334531081568,34.06889433345311,-118.5501132834208,34.06889433345311,-118.5460467165792,34.0655256665469,-118.5460467165792,34.0655256665469,-118.5501132834208,0.140625,335,0.278,1099.7293701171875,50,1.6399999856948853,0.0,0.004780000075697899,24.0,287.3999938964844,292.1000061035156,4.800000190734863,59.0
34.06743,-118.62047,328.02,0.58,0.7,2025-01-08,1042,N21,VIIRS,n,2.0NRT,267.02,6.9,N,2025-01-08 10:42:00,0.0020332887002248944,0.0016843334531081568,34.06911433345311,-118.62250328870022,34.06911433345311,-118.61843671129978,34.065745666546896,-118.61843671129978,34.065745666546896,-118.62250328870022,0.140625,519,0.2692,100.45793151855469,10,1.7100000381469727,0.0,0.004540000110864639,18.0,286.5,290.1000061035156,5.099999904632568,67.0
34.06764,-118.59734,335.44,0.59,0.7,2025-01-08,1042,N21,VIIRS,n,2.0NRT,262.83,6.42,N,2025-01-08 10:42:00,0.0020332937397240713,0.0016843334531081568,34.0693243334531,-118.59937329373973,34.0693243334531,-118.59530670626027,34.06595566654689,-118.59530670626027,34.06595566654689,-118.59937329373973,0.140625,482,0.4087,23.05508041381836,10,1.5299999713897705,0.0,0.004559999797493219,24.0,287.8999938964844,292.79998779296875,5.0,55.0
34.06777,-118.64539,330.59,0.58,0.7,2025-01-08,1042,N21,VIIRS,n,2.0NRT,269.65,21.26,N,2025-01-08 10:42:00,0.002033296859440245,0.0016843334531081568,34.06945433345311,-118.64742329685944,34.06945433345311,-118.64335670314057,34.0660856665469,-118.64335670314057,34.0660856665469,-118.64742329685944,0.140625,481,0.2391,47.78097915649414,10,1.7100000381469727,0.0,0.004540000110864639,18.0,286.5,290.1000061035156,5.099999904632568,67.0
34.06815,-118.52743,332.6,0.59,0.7,2025-01-08,1042,N21,VIIRS,n,2.0NRT,263.57,7.63,N,2025-01-08 10:42:00,0.0020333059787255086,0.0016843334531081568,34.06983433345311,-118.52946330597872,34.06983433345311,-118.52539669402127,34.0664656665469,-118.52539669402127,34.0664656665469,-118.52946330597872,0.140625,282,0.1904,0.6000213027000427,10,1.850000023841858,0.0,0.004910000134259462,24.0,286.79998779296875,293.6000061035156,4.699999809265137,50.0
34.06817,-118.57533,326.8,0.59,0.7,2025-01-08,1042,N21,VIIRS,n,2.0NRT,264.57,11.57,N,2025-01-08 10:42:00,0.002033306458692634,0.0016843334531081568,34.06985433345311,-118.5773633064587,34.06985433345311,-118.5732966935413,34.066485666546896,-118.5732966935413,34.066485666546896,-118.5773633064587,0.140625,401,0.19460000000000002,2.482085704803467,10,1.6399999856948853,0.0,0.004780000075697899,24.0,287.3999938964844,292.1000061035156,4.800000190734863,59.0
34.06827,-118.50384,342.86,0.59,0.7,2025-01-08,1042,N21,VIIRS,n,2.0NRT,263.97,11.89,N,2025-01-08 10:42:00,0.002033308858535378,0.0016843334531081568,34.069954333453104,-118.50587330885853,34.069954333453104,-118.50180669114147,34.06658566654689,-118.50180669114147,34.06658566654689,-118.50587330885853,0.140625,203,0.49870000000000003,474.3589782714844,10,1.850000023841858,0.0,0.004910000134259462,24.0,286.79998779296875,293.6000061035156,4.699999809265137,50.0
34.06881,-118.55368,321.8,0.59,0.7,2025-01-08,1042,N21,VIIRS,n,2.0NRT,262.97,12.96,N,2025-01-08 10:42:00,0.0020333218178911153,0.0016843334531081568,34.070494333453105,-118.55571332181789,34.070494333453105,-118.55164667818211,34.06712566654689,-118.55164667818211,34.06712566654689,-118.55571332181789,0.140625,335,0.278,1099.7293701171875,50,1.6399999856948853,0.0,0.004780000075697899,24.0,287.3999938964844,292.1000061035156,4.800000190734863,59.0
34.06882,-118.49708,324.26,0.59,0.7,2025-01-08,1042,N21,VIIRS,n,2.0NRT,260.37,4.57,N,2025-01-08 10:42:00,0.0020333220578824455,0.0016843334531081568,34.07050433345311,-118.49911332205788,34.07050433345311,-118.49504667794211,34.067135666546896,-118.49504667794211,34.067135666546896,-118.49911332205788,0.140625,174,0.5123,711.595458984375,10,1.850000023841858,0.0,0.004910000134259462,24.0,286.79998779296875,293.6000061035156,4.699999809265137,50.0
34.069,-118.48238,304.13,0.59,0.7,2025-01-08,1042,N21,VIIRS,n,2.0NRT,259.55,3.11,N,2025-01-08 10:42:00,0.0020333263777466723,0.0016843334531081568,34.07068433345311,-118.48441332637775,34.07068433345311,-118.48034667362226,34.0673156665469,-118.48034667362226,34.0673156665469,-118.48441332637775,0.140625,160,0.4758,1377.8416748046875,10,1.7999999523162842,0.0,0.005040000192821026,31.0,285.20001220703125,293.8999938964844,4.699999809265137,49.0
34.06931,-118.62703,334.25,0.58,0.7,2025-01-08,1042,N21,VIIRS,n,2.0NRT,268.76,16.18,N,2025-01-08 10:42:00,0.0020333338176029103,0.0016843334531081568,34.07099433345311,-118.62906333381761,34.07099433345311,-118.6249966661824,34.067625666546896,-118.6249966661824,34.067625666546896,-118.62906333381761,0.140625,519,0.2692,100.45793151855469,10,1.7100000381469727,0.0,0.004540000110864639,18.0,286.5,290.1000061035156,5.099999904632568,67.0
34.06952,-118.47593,296.81,0.59,0.7,2025-01-08,1042,N21,VIIRS,n,2.0NRT,259.47,1.77,N,2025-01-08 10:42:00,0.002033338857570275,0.0016843334531081568,34.0712043334531,-118.47796333885758,34.0712043334531,-118.47389666114243,34.06783566654689,-118.47389666114243,34.06783566654689,-118.47796333885758,0.140625,160,0.4758,1377.8416748046875,10,1.7999999523162842,0.0,0.005040000192821026,31.0,285.20001220703125,293.8999938964844,4.699999809265137,49.0
34.06977,-118.6048,309.86,0.58,0.7,2025-01-08,1042,N21,VIIRS,n,2.0NRT,261.53,6.42,N,2025-01-08 10:42:00,0.0020333448575996158,0.0016843334531081568,34.071454333453104,-118.60683334485759,34.071454333453104,-118.6027666551424,34.06808566654689,-118.6027666551424,34.06808566654689,-118.60683334485759,0.140625,516,0.4539,298.1758117675781,10,1.5299999713897705,0.0,0.004559999797493219,24.0,287.8999938964844,292.79998779296875,5.0,55.0
34.06978,-118.58099,367.0,0.59,0.7,2025-01-08,1042,N21,VIIRS,h,2.0NRT,271.68,13.57,N,2025-01-08 10:42:00,0.002033345097602331,0.0016843334531081568,34.07146433345311,-118.5830233450976,34.07146433345311,-118.5789566549024,34.068095666546895,-118.5789566549024,34.068095666546895,-118.5830233450976,0.140625,401,0.19460000000000002,2.482085704803467,10,1.6399999856948853,0.0,0.004780000075697899,24.0,287.3999938964844,292.1000061035156,4.800000190734863,59.0
34.07009,-118.53423,334.47,0.59,0.7,2025-01-08,1042,N21,VIIRS,n,2.0NRT,263.26,7.63,N,2025-01-08 10:42:00,0.002033352537745331,0.0016843334531081568,34.07177433345311,-118.53626335253774,34.07177433345311,-118.53219664746224,34.068405666546894,-118.53219664746224,34.068405666546894,-118.53626335253774,0.140625,315,0.2025,0.6009741425514221,10,1.850000023841858,0.0,0.004910000134259462,24.0,286.79998779296875,293.6000061035156,4.699999809265137,50.0
34.0701,-118.51025,350.01,0.59,0.7,2025-01-08,1042,N21,VIIRS,n,2.0NRT,280.69,29.76,N,2025-01-08 10:42:00,0.0020333527777518417,0.0016843334531081568,34.0717843334531,-118.51228335277776,34.0717843334531,-118.50821664722224,34.06841566654689,-118.50821664722224,34.06841566654689,-118.51228335277776,0.140625,203,0.49870000000000003,474.3589782714844,10,1.850000023841858,0.0,0.004910000134259462,24.0,286.79998779296875,293.6000061035156,4.699999809265137,50.0
34.07028,-118.55881,342.77,0.59,0.7,2025-01-08,1042,N21,VIIRS,n,2.0NRT,265.04,12.96,N,2025-01-08 10:42:00,0.0020333570978893103,0.0016843334531081568,34.0719643334531,-118.56084335709788,34.0719643334531,-118.55677664290211,34.06859566654689,-118.55677664290211,34.06859566654689,-118.56084335709788,0.140625,258,0.2856,989.7855224609375,10,1.6399999856948853,0.0,0.004780000075697899,24.0,287.3999938964844,292.1000061035156,4.800000190734863,59.0
34.07072,-118.5036,338.83,0.59,0.7,2025-01-08,1042,N21,VIIRS,n,2.0NRT,262.3,23.97,N,2025-01-08 10:42:00,0.002033367658387114,0.0016843334531081568,34.07240433345311,-118.50563336765839,34.07240433345311,-118.50156663234162,34.069035666546895,-118.50156663234162,34.069035666546895,-118.50563336765839,0.140625,203,0.49870000000000003,474.3589782714844,10,1.850000023841858,0.0,0.004910000134259462,24.0,286.79998779296875,293.6000061035156,4.699999809265137,50.0
34.07081,-118.48877,310.21,0.59,0.7,2025-01-08,1042,N21,VIIRS,n,2.0NRT,260.12,3.11,N,2025-01-08 10:42:00,0.0020333698185172238,0.0016843334531081568,34.07249433345311,-118.49080336981852,34.07249433345311,-118.48673663018148,34.069125666546896,-118.48673663018148,34.069125666546896,-118.49080336981852,0.140625,162,0.4758,1338.918212890625,10,1.7999999523162842,0.0,0.005040000192821026,31.0,285.20001220703125,293.8999938964844,4.699999809265137,49.0
34.07084,-118.63237,367.0,0.58,0.7,2025-01-08,1042,N21,VIIRS,h,2.0NRT,281.19,16.18,N,2025-01-08 10:42:00,0.0020333705385627288,0.0016843334531081568,34.0725243334531,-118.63440337053856,34.0725243334531,-118.63033662946142,34.06915566654689,-118.63033662946142,34.06915566654689,-118.63440337053856,0.140625,369,0.2273,44.1246223449707,10,1.7100000381469727,0.0,0.004540000110864639,18.0,286.5,290.1000061035156,5.099999904632568,67.0
34.07114,-118.58572,367.0,0.59,0.7,2025-01-08,1042,N21,VIIRS,h,2.0NRT,268.78,13.57,N,2025-01-08 10:42:00,0.002033377739076484,0.0016843334531081568,34.072824333453106,-118.58775337773908,34.072824333453106,-118.58368662226091,34.069455666546894,-118.58368662226091,34.069455666546894,-118.58775337773908,0.140625,307,0.19840000000000002,6.94420051574707,10,1.5299999713897705,0.0,0.004559999797493219,24.0,287.8999938964844,292.79998779296875,5.0,55.0
34.07139,-118.48236,300.26,0.59,0.7,2025-01-08,1042,N21,VIIRS,n,2.0NRT,259.59,1.77,N,2025-01-08 10:42:00,0.0020333837395861538,0.0016843334531081568,34.07307433345311,-118.48439338373959,34.07307433345311,-118.48032661626041,34.069705666546895,-118.48032661626041,34.069705666546895,-118.48439338373959,0.140625,160,0.4758,1377.8416748046875,10,1.7999999523162842,0.0,0.005040000192821026,31.0,285.20001220703125,293.8999938964844,4.699999809265137,49.0
34.07186,-118.61216,308.8,0.58,0.7,2025-01-08,1042,N21,VIIRS,n,2.0NRT,262.37,3.09,N,2025-01-08 10:42:00,0.0020333950207450133,0.0016843334531081568,34.07354433345311,-118.61419339502075,34.07354433345311,-118.61012660497926,34.070175666546895,-118.61012660497926,34.070175666546895,-118.61419339502075,0.140625,524,0.3655,127.57647705078125,10,1.5299999713897705,0.0,0.004559999797493219,24.0,287.8999938964844,292.79998779296875,5.0,55.0
34.07189,-118.56446,313.9,0.59,0.7,2025-01-08,1042,N21,VIIRS,n,2.0NRT,263.38,3.95,N,2025-01-08 10:42:00,0.0020333957408278786,0.0016843334531081568,34.07357433345311,-118.56649339574082,34.07357433345311,-118.56242660425917,34.0702056665469,-118.56242660425917,34.0702056665469,-118.56649339574082,0.140625,284,0.2856,7.91660213470459,10,1.6399999856948853,0.0,0.004780000075697899,24.0,287.3999938964844,292.1000061035156,4.800000190734863,59.0
34.07197,-118.54086,337.94,0.59,0.7,2025-01-08,1042,N21,VIIRS,n,2.0NRT,263.68,12.73,N,2025-01-08 10:42:00,0.0020333976610540714,0.0016843334531081568,34.073654333453106,-118.54289339766105,34.073654333453106,-118.53882660233894,34.070285666546894,-118.53882660233894,34.070285666546894,-118.54289339766105,0.140625,315,0.2311,484.39794921875,10,1.6399999856948853,0.0,0.004780000075697899,24.0,287.3999938964844,292.1000061035156,4.800000190734863,59.0
34.07212,-118.51736,367.0,0.59,0.7,2025-01-08,1042,N21,VIIRS,h,2.0NRT,268.26,29.76,N,2025-01-08 10:42:00,0.0020334012614986424,0.0016843334531081568,34.073804333453104,-118.5193934012615,34.073804333453104,-118.5153265987385,34.07043566654689,-118.5153265987385,34.07043566654689,-118.5193934012615,0.140625,215,0.2877,8.694796562194824,10,1.850000023841858,0.0,0.004910000134259462,24.0,286.79998779296875,293.6000061035156,4.699999809265137,50.0
34.0723,-118.63749,367.0,0.58,0.7,2025-01-08,1042,N21,VIIRS,h,2.0NRT,274.31,21.26,N,2025-01-08 10:42:00,0.002033405582067355,0.0016843334531081568,34.073984333453105,-118.63952340558207,34.073984333453105,-118.63545659441793,34.07061566654689,-118.63545659441793,34.07061566654689,-118.63952340558207,0.140625,420,0.2543,45.71382522583008,10,1.7100000381469727,0.0,0.004540000110864639,18.0,286.5,290.1000061035156,5.099999904632568,67.0
34.07257,-118.50994,353.12,0.59,0.7,2025-01-08,1042,N21,VIIRS,n,2.0NRT,276.36,23.97,N,2025-01-08 10:42:00,0.0020334120629924802,0.0016843334531081568,34.074254333453105,-118.51197341206299,34.074254333453105,-118.50790658793701,34.07088566654689,-118.50790658793701,34.07088566654689,-118.51197341206299,0.140625,203,0.49870000000000003,474.3589782714844,10,1.850000023841858,0.0,0.004910000134259462,24.0,286.79998779296875,293.6000061035156,4.699999809265137,50.0
34.07267,-118.49532,317.66,0.59,0.7,2025-01-08,1042,N21,VIIRS,n,2.0NRT,260.16,11.89,N,2025-01-08 10:42:00,0.0020334144633570622,0.0016843334531081568,34.07435433345311,-118.49735341446336,34.07435433345311,-118.49328658553665,34.070985666546896,-118.49328658553665,34.070985666546896,-118.49735341446336,0.140625,174,0.5123,711.595458984375,10,1.850000023841858,0.0,0.004910000134259462,24.0,286.79998779296875,293.6000061035156,4.699999809265137,50.0
34.07303,-118.59237,309.57,0.59,0.7,2025-01-08,1042,N21,VIIRS,n,2.0NRT,263.06,6.42,N,2025-01-08 10:42:00,0.0020334231047677686,0.0016843334531081568,34.07471433345311,-118.59440342310477,34.07471433345311,-118.59033657689524,34.0713456665469,-118.59033657689524,34.0713456665469,-118.59440342310477,0.140625,482,0.4087,23.05508041381836,10,1.5299999713897705,0.0,0.004559999797493219,24.0,287.8999938964844,292.79998779296875,5.0,55.0
34.07327,-118.48882,306.04,0.59,0.7,2025-01-08,1042,N21,VIIRS,n,2.0NRT,260.06,4.57,N,2025-01-08 10:42:00,0.0020334288657936415,0.0016843334531081568,34.07495433345311,-118.4908534288658,34.07495433345311,-118.4867865711342,34.071585666546895,-118.4867865711342,34.071585666546895,-118.4908534288658,0.140625,162,0.4758,1338.918212890625,10,1.7999999523162842,0.0,0.005040000192821026,31.0,285.20001220703125,293.8999938964844,4.699999809265137,49.0
34.07381,-118.5473,367.0,0.59,0.7,2025-01-08,1042,N21,VIIRS,h,2.0NRT,267.81,12.73,N,2025-01-08 10:42:00,0.0020334418283516624,0.0016843334531081568,34.07549433345311,-118.54933344182835,34.07549433345311,-118.54526655817166,34.072125666546896,-118.54526655817166,34.072125666546896,-118.54933344182835,0.140625,335,0.278,1099.7293701171875,50,1.6399999856948853,0.0,0.004780000075697899,24.0,287.3999938964844,292.1000061035156,4.800000190734863,59.0
34.07385,-118.61914,312.74,0.58,0.7,2025-01-08,1042,N21,VIIRS,n,2.0NRT,263.37,3.09,N,2025-01-08 10:42:00,0.002033442788554905,0.0016843334531081568,34.075534333453106,-118.62117344278856,34.075534333453106,-118.61710655721144,34.072165666546894,-118.61710655721144,34.072165666546894,-118.62117344278856,0.140625,519,0.2692,100.45793151855469,10,1.7100000381469727,0.0,0.004540000110864639,18.0,286.5,290.1000061035156,5.099999904632568,67.0
34.0739,-118.57153,310.12,0.59,0.7,2025-01-08,1042,N21,VIIRS,n,2.0NRT,263.11,3.95,N,2025-01-08 10:42:00,0.002033443988811627,0.0016843334531081568,34.07558433345311,-118.5735634439888,34.07558433345311,-118.56949655601119,34.072215666546896,-118.56949655601119,34.072215666546896,-118.5735634439888,0.140625,284,0.2856,7.91660213470459,10,1.6399999856948853,0.0,0.004780000075697899,24.0,287.3999938964844,292.1000061035156,4.800000190734863,59.0
34.07439,-118.52537,367.0,0.59,0.7,2025-01-08,1042,N21,VIIRS,h,2.0NRT,266.8,52.41,N,2025-01-08 10:42:00,0.0020334557514844393,0.0016843334531081568,34.07607433345311,-118.52740345575148,34.07607433345311,-118.52333654424851,34.072705666546895,-118.52333654424851,34.072705666546895,-118.52740345575148,0.140625,282,0.1904,0.6000213027000427,10,1.850000023841858,0.0,0.004910000134259462,24.0,286.79998779296875,293.6000061035156,4.699999809265137,50.0
34.07452,-118.50179,324.9,0.59,0.7,2025-01-08,1042,N21,VIIRS,n,2.0NRT,260.54,11.89,N,2025-01-08 10:42:00,0.0020334588722413574,0.0016843334531081568,34.076204333453106,-118.50382345887225,34.076204333453106,-118.49975654112775,34.072835666546894,-118.49975654112775,34.072835666546894,-118.50382345887225,0.140625,203,0.49870000000000003,474.3589782714844,10,1.850000023841858,0.0,0.004910000134259462,24.0,286.79998779296875,293.6000061035156,4.699999809265137,50.0
34.07455,-118.64539,308.17,0.58,0.7,2025-01-08,1042,N21,VIIRS,n,2.0NRT,266.2,21.26,N,2025-01-08 10:42:00,0.0020334595924188775,0.0016843334531081568,34.07623433345311,-118.64742345959243,34.07623433345311,-118.64335654040758,34.072865666546896,-118.64335654040758,34.072865666546896,-118.64742345959243,0.140625,481,0.2391,47.78097915649414,10,1.7100000381469727,0.0,0.004540000110864639,18.0,286.5,290.1000061035156,5.099999904632568,67.0
34.07456,-118.51677,367.0,0.59,0.7,2025-01-08,1042,N21,VIIRS,h,2.0NRT,264.91,23.18,N,2025-01-08 10:42:00,0.0020334598324782886,0.0016843334531081568,34.076244333453104,-118.51880345983247,34.076244333453104,-118.51473654016752,34.07287566654689,-118.51473654016752,34.07287566654689,-118.51880345983247,0.140625,215,0.2877,8.694796562194824,10,1.850000023841858,0.0,0.004910000134259462,24.0,286.79998779296875,293.6000061035156,4.699999809265137,50.0
34.07512,-118.59972,303.34,0.58,0.7,2025-01-08,1042,N21,VIIRS,n,2.0NRT,262.36,6.42,N,2025-01-08 10:42:00,0.002033473275994611,0.0016843334531081568,34.076804333453104,-118.601753473276,34.076804333453104,-118.597686526724,34.07343566654689,-118.597686526724,34.07343566654689,-118.601753473276,0.140625,363,0.5322,349.26922607421875,10,1.5299999713897705,0.0,0.004559999797493219,24.0,287.8999938964844,292.79998779296875,5.0,55.0
34.07518,-118.49537,312.43,0.59,0.7,2025-01-08,1042,N21,VIIRS,n,2.0NRT,260.12,4.57,N,2025-01-08 10:42:00,0.002033474716393424,0.0016843334531081568,34.07686433345311,-118.49740347471639,34.07686433345311,-118.4933365252836,34.0734956665469,-118.4933365252836,34.0734956665469,-118.49740347471639,0.140625,225,0.5033,282.3251647949219,10,1.850000023841858,0.0,0.004910000134259462,24.0,286.79998779296875,293.6000061035156,4.699999809265137,50.0
34.07532,-118.55262,367.0,0.59,0.7,2025-01-08,1042,N21,VIIRS,h,2.0NRT,267.72,12.96,N,2025-01-08 10:42:00,0.0020334780773405958,0.0016843334531081568,34.077004333453104,-118.55465347807734,34.077004333453104,-118.55058652192267,34.07363566654689,-118.55058652192267,34.07363566654689,-118.55465347807734,0.140625,459,0.2436,538.1364135742188,10,1.6399999856948853,0.0,0.004780000075697899,24.0,287.3999938964844,292.1000061035156,4.800000190734863,59.0
34.07581,-118.62605,367.0,0.58,0.7,2025-01-08,1042,N21,VIIRS,h,2.0NRT,269.2,11.98,N,2025-01-08 10:42:00,0.0020334898408387986,0.0016843334531081568,34.0774943334531,-118.62808348984085,34.0774943334531,-118.62401651015917,34.07412566654689,-118.62401651015917,34.07412566654689,-118.62808348984085,0.140625,679,0.5508000000000001,48.35548782348633,10,1.7100000381469727,0.0,0.004540000110864639,18.0,286.5,290.1000061035156,5.099999904632568,67.0
34.07605,-118.57908,306.25,0.59,0.7,2025-01-08,1042,N21,VIIRS,n,2.0NRT,262.57,2.12,N,2025-01-08 10:42:00,0.002033495602656124,0.0016843334531081568,34.07773433345311,-118.58111349560266,34.07773433345311,-118.57704650439734,34.074365666546896,-118.57704650439734,34.074365666546896,-118.58111349560266,0.140625,308,0.2657,16.355701446533203,10,1.6399999856948853,0.0,0.004780000075697899,24.0,287.3999938964844,292.1000061035156,4.800000190734863,59.0
34.07631,-118.50811,332.46,0.59,0.7,2025-01-08,1042,N21,VIIRS,n,2.0NRT,260.21,29.76,N,2025-01-08 10:42:00,0.0020335018447020033,0.0016843334531081568,34.077994333453105,-118.51014350184471,34.077994333453105,-118.5060764981553,34.07462566654689,-118.5060764981553,34.07462566654689,-118.51014350184471,0.140625,230,0.4827,686.5413208007812,10,1.850000023841858,0.0,0.004910000134259462,24.0,286.79998779296875,293.6000061035156,4.699999809265137,50.0
34.07652,-118.53285,355.28,0.59,0.7,2025-01-08,1042,N21,VIIRS,n,2.0NRT,267.37,52.41,N,2025-01-08 10:42:00,0.00203350688641299,0.0016843334531081568,34.07820433345311,-118.53488350688642,34.07820433345311,-118.53081649311358,34.074835666546896,-118.53081649311358,34.074835666546896,-118.53488350688642,0.140625,441,0.2083,0.6009742021560669,10,1.850000023841858,0.0,0.004910000134259462,24.0,286.79998779296875,293.6000061035156,4.699999809265137,50.0
34.07673,-118.55756,322.43,0.59,0.7,2025-01-08,1042,N21,VIIRS,n,2.0NRT,261.0,12.96,N,2025-01-08 10:42:00,0.0020335119281762936,0.0016843334531081568,34.078414333453104,-118.55959351192817,34.078414333453104,-118.55552648807182,34.07504566654689,-118.55552648807182,34.07504566654689,-118.55959351192817,0.140625,335,0.25520000000000004,1176.1966552734375,10,1.6399999856948853,0.0,0.004780000075697899,24.0,287.3999938964844,292.1000061035156,4.800000190734863,59.0
34.07679,-118.52447,367.0,0.59,0.7,2025-01-08,1042,N21,VIIRS,h,2.0NRT,267.87,23.18,N,2025-01-08 10:42:00,0.002033513368689704,0.0016843334531081568,34.07847433345311,-118.52650351336868,34.07847433345311,-118.5224364866313,34.0751056665469,-118.5224364866313,34.0751056665469,-118.52650351336868,0.140625,274,0.2321,0.45553675293922424,10,1.850000023841858,0.0,0.004910000134259462,24.0,286.79998779296875,293.6000061035156,4.699999809265137,50.0
34.07702,-118.50169,319.14,0.59,0.7,2025-01-08,1042,N21,VIIRS,n,2.0NRT,260.59,23.97,N,2025-01-08 10:42:00,0.0020335188906973434,0.0016843334531081568,34.0787043334531,-118.5037235188907,34.0787043334531,-118.4996564811093,34.07533566654689,-118.4996564811093,34.07533566654689,-118.5037235188907,0.140625,230,0.4827,686.5413208007812,10,1.850000023841858,0.0,0.004910000134259462,24.0,286.79998779296875,293.6000061035156,4.699999809265137,50.0
34.0772,-118.48718,298.65,0.59,0.7,2025-01-08,1042,N21,VIIRS,n,2.0NRT,259.91,2.23,N,2025-01-08 10:42:00,0.002033523212312316,0.0016843334531081568,34.078884333453104,-118.48921352321231,34.078884333453104,-118.48514647678768,34.07551566654689,-118.48514647678768,34.07551566654689,-118.48921352321231,0.140625,218,0.4743,914.0493774414062,10,1.7999999523162842,0.0,0.005040000192821026,31.0,285.20001220703125,293.8999938964844,4.699999809265137,49.0
34.0773,-118.60738,300.61,0.58,0.7,2025-01-08,1042,N21,VIIRS,n,2.0NRT,262.95,3.09,N,2025-01-08 10:42:00,0.002033525613226132,0.0016843334531081568,34.07898433345311,-118.60941352561323,34.07898433345311,-118.60534647438678,34.075615666546895,-118.60534647438678,34.075615666546895,-118.60941352561323,0.140625,489,0.6412,697.09130859375,10,1.5299999713897705,0.0,0.004559999797493219,24.0,287.8999938964844,292.79998779296875,5.0,55.0
34.07755,-118.58431,303.21,0.59,0.7,2025-01-08,1042,N21,VIIRS,n,2.0NRT,262.65,2.12,N,2025-01-08 10:42:00,0.002033531615562578,0.0016843334531081568,34.07923433345311,-118.58634353161557,34.07923433345311,-118.58227646838444,34.075865666546896,-118.58227646838444,34.075865666546896,-118.58634353161557,0.140625,251,0.2619,1.8366374969482422,10,1.5299999713897705,0.0,0.004559999797493219,24.0,287.8999938964844,292.79998779296875,5.0,55.0
34.07766,-118.63249,367.0,0.58,0.7,2025-01-08,1042,N21,VIIRS,h,2.0NRT,273.76,11.98,N,2025-01-08 10:42:00,0.0020335342566141046,0.0016843334531081568,34.07934433345311,-118.63452353425662,34.07934433345311,-118.63045646574339,34.075975666546896,-118.63045646574339,34.075975666546896,-118.63452353425662,0.140625,605,0.5508000000000001,45.48933792114258,10,1.7100000381469727,0.0,0.004540000110864639,18.0,286.5,290.1000061035156,5.099999904632568,67.0
34.07814,-118.56248,315.39,0.59,0.7,2025-01-08,1042,N21,VIIRS,n,2.0NRT,261.97,3.95,N,2025-01-08 10:42:00,0.0020335457813705805,0.0016843334531081568,34.079824333453104,-118.56451354578137,34.079824333453104,-118.56044645421862,34.07645566654689,-118.56044645421862,34.07645566654689,-118.56451354578137,0.140625,335,0.25520000000000004,1176.1966552734375,10,1.6399999856948853,0.0,0.004780000075697899,24.0,287.3999938964844,292.1000061035156,4.800000190734863,59.0
34.07814,-118.51452,338.55,0.59,0.7,2025-01-08,1042,N21,VIIRS,n,2.0NRT,261.31,29.76,N,2025-01-08 10:42:00,0.0020335457813705805,0.0016843334531081568,34.079824333453104,-118.51655354578138,34.079824333453104,-118.51248645421863,34.07645566654689,-118.51248645421863,34.07645566654689,-118.51655354578138,0.140625,244,0.3044,55.50264358520508,10,1.850000023841858,0.0,0.004910000134259462,24.0,286.79998779296875,293.6000061035156,4.699999809265137,50.0
34.07838,-118.53944,351.29,0.59,0.7,2025-01-08,1042,N21,VIIRS,n,2.0NRT,282.15,98.77,N,2025-01-08 10:42:00,0.002033551543851326,0.0016843334531081568,34.08006433345311,-118.54147355154385,34.08006433345311,-118.53740644845615,34.0766956665469,-118.53740644845615,34.0766956665469,-118.54147355154385,0.140625,425,0.2436,332.1730041503906,10,1.6399999856948853,0.0,0.004780000075697899,24.0,287.3999938964844,292.1000061035156,4.800000190734863,59.0
34.07884,-118.50797,325.72,0.59,0.7,2025-01-08,1042,N21,VIIRS,n,2.0NRT,260.36,23.97,N,2025-01-08 10:42:00,0.0020335625887971066,0.0016843334531081568,34.080524333453106,-118.51000356258879,34.080524333453106,-118.50593643741121,34.07715566654689,-118.50593643741121,34.07715566654689,-118.51000356258879,0.140625,230,0.4827,686.5413208007812,10,1.850000023841858,0.0,0.004910000134259462,24.0,286.79998779296875,293.6000061035156,4.699999809265137,50.0
34.07907,-118.4938,303.44,0.59,0.7,2025-01-08,1042,N21,VIIRS,n,2.0NRT,259.88,2.17,N,2025-01-08 10:42:00,0.002033568111364143,0.0016843334531081568,34.08075433345311,-118.49583356811135,34.08075433345311,-118.49176643188864,34.077385666546895,-118.49176643188864,34.077385666546895,-118.49583356811135,0.140625,225,0.5033,282.3251647949219,10,1.850000023841858,0.0,0.004910000134259462,24.0,286.79998779296875,293.6000061035156,4.699999809265137,50.0
34.07909,-118.58976,299.6,0.59,0.7,2025-01-08,1042,N21,VIIRS,n,2.0NRT,261.41,1.59,N,2025-01-08 10:42:00,0.0020335685915903296,0.0016843334531081568,34.08077433345311,-118.59179356859158,34.08077433345311,-118.58772643140841,34.077405666546895,-118.58772643140841,34.077405666546895,-118.59179356859158,0.140625,251,0.2619,1.8366374969482422,10,1.5299999713897705,0.0,0.004559999797493219,24.0,287.8999938964844,292.79998779296875,5.0,55.0
34.07913,-118.53249,311.64,0.59,0.7,2025-01-08,1042,N21,VIIRS,n,2.0NRT,271.28,104.92,N,2025-01-08 10:42:00,0.0020335695520441273,0.0016843334531081568,34.080814333453105,-118.53452356955204,34.080814333453105,-118.53045643044796,34.07744566654689,-118.53045643044796,34.07744566654689,-118.53452356955204,0.140625,441,0.2083,0.6009742021560669,10,1.850000023841858,0.0,0.004910000134259462,24.0,286.79998779296875,293.6000061035156,4.699999809265137,50.0
34.0794,-118.63863,310.53,0.58,0.7,2025-01-08,1042,N21,VIIRS,n,2.0NRT,265.26,7.91,N,2025-01-08 10:42:00,0.002033576035156914,0.0016843334531081568,34.081084333453106,-118.64066357603517,34.081084333453106,-118.63659642396485,34.077715666546894,-118.63659642396485,34.077715666546894,-118.64066357603517,0.140625,625,0.30760000000000004,30.51580047607422,10,1.7100000381469727,0.0,0.004540000110864639,18.0,286.5,290.1000061035156,5.099999904632568,67.0
34.07955,-118.6153,298.95,0.58,0.7,2025-01-08,1042,N21,VIIRS,n,2.0NRT,262.01,3.09,N,2025-01-08 10:42:00,0.0020335796369236147,0.0016843334531081568,34.081234333453104,-118.61733357963693,34.081234333453104,-118.61326642036308,34.07786566654689,-118.61326642036308,34.07786566654689,-118.61733357963693,0.140625,627,0.6373,48.49842834472656,10,1.5299999713897705,0.0,0.004559999797493219,24.0,287.8999938964844,292.79998779296875,5.0,55.0
34.07977,-118.56821,309.56,0.59,0.7,2025-01-08,1042,N21,VIIRS,n,2.0NRT,262.34,3.95,N,2025-01-08 10:42:00,0.002033584919563067,0.0016843334531081568,34.08145433345311,-118.57024358491955,34.08145433345311,-118.56617641508043,34.0780856665469,-118.56617641508043,34.0780856665469,-118.57024358491955,0.140625,222,0.29700000000000004,467.368896484375,10,1.6399999856948853,0.0,0.004780000075697899,24.0,287.3999938964844,292.1000061035156,4.800000190734863,59.0
34.08008,-118.52138,349.51,0.59,0.7,2025-01-08,1042,N21,VIIRS,n,2.0NRT,263.91,52.41,N,2025-01-08 10:42:00,0.0020335923633797684,0.0016843334531081568,34.08176433345311,-118.52341359236337,34.08176433345311,-118.51934640763662,34.078395666546896,-118.51934640763662,34.078395666546896,-118.52341359236337,0.140625,274,0.2321,0.45553675293922424,10,1.850000023841858,0.0,0.004910000134259462,24.0,286.79998779296875,293.6000061035156,4.699999809265137,50.0
34.08032,-118.54624,367.0,0.59,0.7,2025-01-08,1042,N21,VIIRS,h,2.0NRT,267.92,98.77,N,2025-01-08 10:42:00,0.0020335981264129454,0.0016843334531081568,34.082004333453106,-118.54827359812641,34.082004333453106,-118.54420640187358,34.078635666546894,-118.54420640187358,34.078635666546894,-118.54827359812641,0.140625,425,0.2436,332.1730041503906,10,1.6399999856948853,0.0,0.004780000075697899,24.0,287.3999938964844,292.1000061035156,4.800000190734863,59.0
34.08071,-118.51438,331.86,0.59,0.7,2025-01-08,1042,N21,VIIRS,n,2.0NRT,260.53,23.18,N,2025-01-08 10:42:00,0.002033607491487628,0.0016843334531081568,34.08239433345311,-118.51641360749149,34.08239433345311,-118.51234639250852,34.0790256665469,-118.51234639250852,34.0790256665469,-118.51641360749149,0.140625,244,0.3044,55.50264358520508,10,1.850000023841858,0.0,0.004910000134259462,24.0,286.79998779296875,293.6000061035156,4.699999809265137,50.0
34.08073,-118.59548,296.2,0.58,0.7,2025-01-08,1042,N21,VIIRS,n,2.0NRT,260.6,1.59,N,2025-01-08 10:42:00,0.0020336079717527327,0.0016843334531081568,34.08241433345311,-118.59751360797175,34.08241433345311,-118.59344639202824,34.0790456665469,-118.59344639202824,34.0790456665469,-118.59751360797175,0.140625,363,0.5322,349.26922607421875,10,1.5299999713897705,0.0,0.004559999797493219,24.0,287.8999938964844,292.79998779296875,5.0,55.0
34.08087,-118.50009,308.43,0.59,0.7,2025-01-08,1042,N21,VIIRS,n,2.0NRT,260.39,2.17,N,2025-01-08 10:42:00,0.0020336113336217577,0.0016843334531081568,34.0825543334531,-118.50212361133362,34.0825543334531,-118.49805638866638,34.07918566654689,-118.49805638866638,34.07918566654689,-118.50212361133362,0.140625,225,0.5033,282.3251647949219,10,1.850000023841858,0.0,0.004910000134259462,24.0,286.79998779296875,293.6000061035156,4.699999809265137,50.0
34.08102,-118.53901,342.92,0.59,0.7,2025-01-08,1042,N21,VIIRS,n,2.0NRT,314.5,104.92,N,2025-01-08 10:42:00,0.002033614935650093,0.0016843334531081568,34.08270433345311,-118.54104361493566,34.08270433345311,-118.53697638506435,34.079335666546896,-118.53697638506435,34.079335666546896,-118.54104361493566,0.140625,425,0.2436,332.1730041503906,10,1.6399999856948853,0.0,0.004780000075697899,24.0,287.3999938964844,292.1000061035156,4.800000190734863,59.0
34.08112,-118.64464,299.89,0.58,0.7,2025-01-08,1042,N21,VIIRS,n,2.0NRT,265.62,7.91,N,2025-01-08 10:42:00,0.0020336173370171487,0.0016843334531081568,34.082804333453105,-118.64667361733702,34.082804333453105,-118.64260638266298,34.07943566654689,-118.64260638266298,34.07943566654689,-118.64667361733702,0.140625,625,0.30760000000000004,30.51580047607422,10,1.7100000381469727,0.0,0.004540000110864639,18.0,286.5,290.1000061035156,5.099999904632568,67.0
34.08147,-118.62204,297.81,0.58,0.7,2025-01-08,1042,N21,VIIRS,n,2.0NRT,261.92,11.98,N,2025-01-08 10:42:00,0.0020336257418952894,0.0016843334531081568,34.08315433345311,-118.6240736257419,34.08315433345311,-118.6200063742581,34.0797856665469,-118.6200063742581,34.0797856665469,-118.6240736257419,0.140625,679,0.5508000000000001,48.35548782348633,10,1.7100000381469727,0.0,0.004540000110864639,18.0,286.5,290.1000061035156,5.099999904632568,67.0
34.08162,-118.49397,298.25,0.59,0.7,2025-01-08,1042,N21,VIIRS,n,2.0NRT,259.57,4.27,N,2025-01-08 10:42:00,0.0020336293440304195,0.0016843334531081568,34.08330433345311,-118.49600362934403,34.08330433345311,-118.49193637065598,34.079935666546895,-118.49193637065598,34.079935666546895,-118.49600362934403,0.140625,225,0.5033,282.3251647949219,10,1.850000023841858,0.0,0.004910000134259462,24.0,286.79998779296875,293.6000061035156,4.699999809265137,50.0
34.08178,-118.57526,304.45,0.59,0.7,2025-01-08,1042,N21,VIIRS,n,2.0NRT,261.39,2.12,N,2025-01-08 10:42:00,0.00203363318633732,0.0016843334531081568,34.08346433345311,-118.57729363318634,34.08346433345311,-118.57322636681366,34.080095666546896,-118.57322636681366,34.080095666546896,-118.57729363318634,0.140625,308,0.2657,16.355701446533203,10,1.6399999856948853,0.0,0.004780000075697899,24.0,287.3999938964844,292.1000061035156,4.800000190734863,59.0
34.08183,-118.55154,367.0,0.59,0.7,2025-01-08,1042,N21,VIIRS,h,2.0NRT,264.64,12.2,N,2025-01-08 10:42:00,0.002033634387064456,0.0016843334531081568,34.0835143334531,-118.55357363438706,34.0835143334531,-118.54950636561294,34.08014566654689,-118.54950636561294,34.08014566654689,-118.55357363438706,0.140625,459,0.2436,538.1364135742188,10,1.6399999856948853,0.0,0.004780000075697899,24.0,287.3999938964844,292.1000061035156,4.800000190734863,59.0
34.08234,-118.52934,334.92,0.59,0.7,2025-01-08,1042,N21,VIIRS,n,2.0NRT,266.95,52.41,N,2025-01-08 10:42:00,0.0020336466346506992,0.0016843334531081568,34.08402433345311,-118.53137364663466,34.08402433345311,-118.52730635336535,34.080655666546896,-118.52730635336535,34.080655666546896,-118.53137364663466,0.140625,441,0.2083,0.6009742021560669,10,1.850000023841858,0.0,0.004910000134259462,24.0,286.79998779296875,293.6000061035156,4.699999809265137,50.0
34.08258,-118.52083,337.21,0.59,0.7,2025-01-08,1042,N21,VIIRS,n,2.0NRT,262.16,23.18,N,2025-01-08 10:42:00,0.002033652398327496,0.0016843334531081568,34.084264333453106,-118.52286365239833,34.084264333453106,-118.51879634760168,34.080895666546894,-118.51879634760168,34.080895666546894,-118.52286365239833,0.140625,274,0.2321,0.45553675293922424,10,1.850000023841858,0.0,0.004910000134259462,24.0,286.79998779296875,293.6000061035156,4.699999809265137,50.0
34.08265,-118.50636,313.78,0.59,0.7,2025-01-08,1042,N21,VIIRS,n,2.0NRT,259.64,2.73,N,2025-01-08 10:42:00,0.0020336540794127704,0.0016843334531081568,34.08433433345311,-118.50839365407941,34.08433433345311,-118.50432634592059,34.080965666546895,-118.50432634592059,34.080965666546895,-118.50839365407941,0.140625,230,0.4827,686.5413208007812,10,1.850000023841858,0.0,0.004910000134259462,24.0,286.79998779296875,293.6000061035156,4.699999809265137,50.0
34.08296,-118.54568,367.0,0.59,0.7,2025-01-08,1042,N21,VIIRS,h,2.0NRT,264.28,34.15,N,2025-01-08 10:42:00,0.0020336615242888822,0.0016843334531081568,34.084644333453106,-118.5477136615243,34.084644333453106,-118.54364633847571,34.081275666546894,-118.54364633847571,34.081275666546894,-118.5477136615243,0.140625,425,0.2436,332.1730041503906,10,1.6399999856948853,0.0,0.004780000075697899,24.0,287.3999938964844,292.1000061035156,4.800000190734863,59.0
34.08325,-118.55653,327.84,0.59,0.7,2025-01-08,1042,N21,VIIRS,n,2.0NRT,260.81,12.2,N,2025-01-08 10:42:00,0.0020336684889536495,0.0016843334531081568,34.084934333453106,-118.55856366848894,34.084934333453106,-118.55449633151105,34.081565666546894,-118.55449633151105,34.081565666546894,-118.55856366848894,0.140625,335,0.25520000000000004,1176.1966552734375,10,1.6399999856948853,0.0,0.004780000075697899,24.0,287.3999938964844,292.1000061035156,4.800000190734863,59.0
34.08342,-118.50018,302.87,0.59,0.7,2025-01-08,1042,N21,VIIRS,n,2.0NRT,260.13,3.53,N,2025-01-08 10:42:00,0.0020336725717345692,0.0016843334531081568,34.0851043334531,-118.50221367257174,34.0851043334531,-118.49814632742826,34.08173566654689,-118.49814632742826,34.08173566654689,-118.50221367257174,0.140625,225,0.5033,282.3251647949219,10,1.850000023841858,0.0,0.004910000134259462,24.0,286.79998779296875,293.6000061035156,4.699999809265137,50.0
34.08345,-118.62899,296.72,0.58,0.7,2025-01-08,1042,N21,VIIRS,n,2.0NRT,262.24,11.98,N,2025-01-08 10:42:00,0.00203367329222888,0.0016843334531081568,34.085134333453105,-118.63102367329223,34.085134333453105,-118.62695632670777,34.08176566654689,-118.62695632670777,34.08176566654689,-118.63102367329223,0.140625,605,0.5508000000000001,45.48933792114258,10,1.7100000381469727,0.0,0.004540000110864639,18.0,286.5,290.1000061035156,5.099999904632568,67.0
34.08369,-118.58202,299.87,0.59,0.7,2025-01-08,1042,N21,VIIRS,n,2.0NRT,261.06,2.12,N,2025-01-08 10:42:00,0.002033679056221816,0.0016843334531081568,34.0853743334531,-118.58405367905623,34.0853743334531,-118.57998632094377,34.08200566654689,-118.57998632094377,34.08200566654689,-118.58405367905623,0.140625,308,0.2657,16.355701446533203,10,1.6399999856948853,0.0,0.004780000075697899,24.0,287.3999938964844,292.1000061035156,4.800000190734863,59.0
34.08437,-118.53651,353.25,0.59,0.7,2025-01-08,1042,N21,VIIRS,n,2.0NRT,298.72,98.77,N,2025-01-08 10:42:00,0.002033695387906352,0.0016843334531081568,34.086054333453106,-118.53854369538792,34.086054333453106,-118.5344763046121,34.082685666546894,-118.5344763046121,34.082685666546894,-118.53854369538792,0.140625,342,0.2156,0.6009741425514221,10,1.1799999475479126,0.0,0.00443999981507659,24.0,286.29998779296875,291.5,5.099999904632568,65.0
34.08457,-118.51315,318.66,0.59,0.7,2025-01-08,1042,N21,VIIRS,n,2.0NRT,260.21,2.73,N,2025-01-08 10:42:00,0.0020337001914474168,0.0016843334531081568,34.086254333453105,-118.51518370019144,34.086254333453105,-118.51111629980855,34.08288566654689,-118.51111629980855,34.08288566654689,-118.51518370019144,0.140625,320,0.1986,109.09176635742188,10,1.1799999475479126,0.0,0.00443999981507659,24.0,286.29998779296875,291.5,5.099999904632568,65.0
34.08458,-118.56118,319.06,0.59,0.7,2025-01-08,1042,N21,VIIRS,n,2.0NRT,261.2,3.72,N,2025-01-08 10:42:00,0.002033700431625716,0.0016843334531081568,34.08626433345311,-118.56321370043162,34.08626433345311,-118.55914629956837,34.0828956665469,-118.55914629956837,34.0828956665469,-118.56321370043162,0.140625,434,0.233,10.674381256103516,10,0.8999999761581421,0.0,0.004209999926388264,24.0,286.3999938964844,290.5,5.300000190734863,67.0
34.0846,-118.55135,336.91,0.59,0.7,2025-01-08,1042,N21,VIIRS,n,2.0NRT,259.47,34.15,N,2025-01-08 10:42:00,0.0020337009119826706,0.0016843334531081568,34.08628433345311,-118.55338370091198,34.08628433345311,-118.54931629908802,34.082915666546896,-118.54931629908802,34.082915666546896,-118.55338370091198,0.140625,507,0.2151,8.477612495422363,10,0.8999999761581421,0.0,0.004209999926388264,24.0,286.3999938964844,290.5,5.300000190734863,67.0
34.08467,-118.52805,345.59,0.59,0.7,2025-01-08,1042,N21,VIIRS,n,2.0NRT,263.24,104.92,N,2025-01-08 10:42:00,0.002033702593235751,0.0016843334531081568,34.08635433345311,-118.53008370259323,34.08635433345311,-118.52601629740676,34.0829856665469,-118.52601629740676,34.0829856665469,-118.53008370259323,0.140625,278,0.2156,0.4342634677886963,10,1.1799999475479126,0.0,0.00443999981507659,24.0,286.29998779296875,291.5,5.099999904632568,65.0
34.08524,-118.50643,307.43,0.59,0.7,2025-01-08,1042,N21,VIIRS,n,2.0NRT,259.87,3.53,N,2025-01-08 10:42:00,0.0020337162836558775,0.0016843334531081568,34.086924333453105,-118.50846371628366,34.086924333453105,-118.50439628371633,34.08355566654689,-118.50439628371633,34.08355566654689,-118.50846371628366,0.140625,279,0.3695,192.579345703125,10,1.1799999475479126,0.0,0.00443999981507659,24.0,286.29998779296875,291.5,5.099999904632568,65.0
34.08549,-118.58833,295.26,0.59,0.7,2025-01-08,1042,N21,VIIRS,n,2.0NRT,259.4,1.59,N,2025-01-08 10:42:00,0.002033722288347759,0.0016843334531081568,34.087174333453106,-118.59036372228834,34.087174333453106,-118.58629627771165,34.083805666546894,-118.58629627771165,34.083805666546894,-118.59036372228834,0.140625,356,0.42210000000000003,120.58776092529297,10,1.0099999904632568,0.0,0.0040699997916817665,24.0,286.8999938964844,291.1000061035156,5.400000095367432,66.0
34.08603,-118.56628,311.7,0.59,0.7,2025-01-08,1042,N21,VIIRS,n,2.0NRT,262.0,3.72,N,2025-01-08 10:42:00,0.002033735258735378,0.0016843334531081568,34.08771433345311,-118.56831373525874,34.08771433345311,-118.56424626474127,34.084345666546895,-118.56424626474127,34.084345666546895,-118.56831373525874,0.140625,283,0.3778,16.49759292602539,10,0.8999999761581421,0.0,0.004209999926388264,24.0,286.3999938964844,290.5,5.300000190734863,67.0
34.08608,-118.55641,326.64,0.59,0.7,2025-01-08,1042,N21,VIIRS,n,2.0NRT,259.97,7.03,N,2025-01-08 10:42:00,0.0020337364597147007,0.0016843334531081568,34.08776433345311,-118.55844373645971,34.08776433345311,-118.55437626354029,34.0843956665469,-118.55437626354029,34.0843956665469,-118.55844373645971,0.140625,434,0.233,10.674381256103516,10,0.8999999761581421,0.0,0.004209999926388264,24.0,286.3999938964844,290.5,5.300000190734863,67.0
34.08627,-118.51911,321.99,0.59,0.7,2025-01-08,1042,N21,VIIRS,n,2.0NRT,261.38,3.64,N,2025-01-08 10:42:00,0.002033741023463189,0.0016843334531081568,34.087954333453105,-118.52114374102347,34.087954333453105,-118.51707625897653,34.08458566654689,-118.51707625897653,34.08458566654689,-118.52114374102347,0.140625,320,0.1986,109.09176635742188,10,1.1799999475479126,0.0,0.00443999981507659,24.0,286.29998779296875,291.5,5.099999904632568,65.0
34.08644,-118.54379,346.66,0.59,0.7,2025-01-08,1042,N21,VIIRS,n,2.0NRT,262.02,98.77,N,2025-01-08 10:42:00,0.0020337451068534185,0.0016843334531081568,34.08812433345311,-118.54582374510686,34.08812433345311,-118.54175625489314,34.0847556665469,-118.54175625489314,34.0847556665469,-118.54582374510686,0.140625,452,0.2129,0.9667723774909973,10,0.8999999761581421,0.0,0.004209999926388264,24.0,286.3999938964844,290.5,5.300000190734863,67.0
34.08686,-118.5356,367.0,0.59,0.7,2025-01-08,1042,N21,VIIRS,h,2.0NRT,263.99,104.92,N,2025-01-08 10:42:00,0.0020337551953763374,0.0016843334531081568,34.08854433345311,-118.53763375519537,34.08854433345311,-118.53356624480463,34.085175666546895,-118.53356624480463,34.085175666546895,-118.53763375519537,0.140625,342,0.2156,0.6009741425514221,10,1.1799999475479126,0.0,0.00443999981507659,24.0,286.29998779296875,291.5,5.099999904632568,65.0
34.08723,-118.51331,310.12,0.59,0.7,2025-01-08,1042,N21,VIIRS,n,2.0NRT,259.36,4.97,N,2025-01-08 10:42:00,0.0020337640830580916,0.0016843334531081568,34.088914333453104,-118.51534376408306,34.088914333453104,-118.51127623591695,34.08554566654689,-118.51127623591695,34.08554566654689,-118.51534376408306,0.140625,320,0.1986,109.09176635742188,10,1.1799999475479126,0.0,0.00443999981507659,24.0,286.29998779296875,291.5,5.099999904632568,65.0
34.08731,-118.49877,295.24,0.59,0.7,2025-01-08,1042,N21,VIIRS,n,2.0NRT,259.28,2.17,N,2025-01-08 10:42:00,0.0020337660047403767,0.0016843334531081568,34.08899433345311,-118.50080376600474,34.08899433345311,-118.49673623399525,34.085625666546896,-118.49673623399525,34.085625666546896,-118.50080376600474,0.140625,324,0.5373,106.96083068847656,10,1.1799999475479126,0.0,0.00443999981507659,24.0,286.29998779296875,291.5,5.099999904632568,65.0
34.08769,-118.5721,305.01,0.59,0.7,2025-01-08,1042,N21,VIIRS,n,2.0NRT,260.84,1.71,N,2025-01-08 10:42:00,0.0020337751328349703,0.0016843334531081568,34.08937433345311,-118.57413377513284,34.08937433345311,-118.57006622486718,34.086005666546896,-118.57006622486718,34.086005666546896,-118.57413377513284,0.140625,283,0.3778,16.49759292602539,10,0.8999999761581421,0.0,0.004209999926388264,24.0,286.3999938964844,290.5,5.300000190734863,67.0
34.08802,-118.5253,323.91,0.59,0.7,2025-01-08,1042,N21,VIIRS,n,2.0NRT,262.46,3.64,N,2025-01-08 10:42:00,0.00203378306000354,0.0016843334531081568,34.089704333453106,-118.52733378306,34.089704333453106,-118.52326621694,34.086335666546894,-118.52326621694,34.086335666546894,-118.52733378306,0.140625,278,0.2156,0.4342634677886963,10,1.1799999475479126,0.0,0.00443999981507659,24.0,286.29998779296875,291.5,5.099999904632568,65.0
34.08821,-118.55003,332.35,0.59,0.7,2025-01-08,1042,N21,VIIRS,n,2.0NRT,259.01,12.2,N,2025-01-08 10:42:00,0.002033787624189535,0.0016843334531081568,34.0898943334531,-118.55206378762419,34.0898943334531,-118.54799621237582,34.08652566654689,-118.54799621237582,34.08652566654689,-118.55206378762419,0.140625,507,0.2151,8.477612495422363,10,0.8999999761581421,0.0,0.004209999926388264,24.0,286.3999938964844,290.5,5.300000190734863,67.0
34.08893,-118.51917,312.79,0.59,0.7,2025-01-08,1042,N21,VIIRS,n,2.0NRT,261.03,4.97,N,2025-01-08 10:42:00,0.0020338049204411206,0.0016843334531081568,34.090614333453104,-118.52120380492045,34.090614333453104,-118.51713619507956,34.08724566654689,-118.51713619507956,34.08724566654689,-118.52120380492045,0.140625,320,0.1986,109.09176635742188,10,1.1799999475479126,0.0,0.00443999981507659,24.0,286.29998779296875,291.5,5.099999904632568,65.0
34.08898,-118.50463,298.09,0.59,0.7,2025-01-08,1042,N21,VIIRS,n,2.0NRT,259.83,2.73,N,2025-01-08 10:42:00,0.0020338061215925533,0.0016843334531081568,34.090664333453105,-118.5066638061216,34.090664333453105,-118.50259619387842,34.08729566654689,-118.50259619387842,34.08729566654689,-118.5066638061216,0.140625,279,0.3695,192.579345703125,10,1.1799999475479126,0.0,0.00443999981507659,24.0,286.29998779296875,291.5,5.099999904632568,65.0
34.08908,-118.54326,334.43,0.59,0.7,2025-01-08,1042,N21,VIIRS,n,2.0NRT,261.52,34.15,N,2025-01-08 10:42:00,0.002033808523904322,0.0016843334531081568,34.09076433345311,-118.54529380852391,34.09076433345311,-118.5412261914761,34.0873956665469,-118.5412261914761,34.0873956665469,-118.54529380852391,0.140625,452,0.2129,0.9667723774909973,10,0.8999999761581421,0.0,0.004209999926388264,24.0,286.3999938964844,290.5,5.300000190734863,67.0
34.08971,-118.57924,299.19,0.59,0.7,2025-01-08,1042,N21,VIIRS,n,2.0NRT,259.97,1.71,N,2025-01-08 10:42:00,0.0020338236587414266,0.0016843334531081568,34.0913943334531,-118.58127382365873,34.0913943334531,-118.57720617634126,34.08802566654689,-118.57720617634126,34.08802566654689,-118.58127382365873,0.140625,272,0.3592,10.960784912109375,10,0.8999999761581421,0.0,0.004209999926388264,24.0,286.3999938964844,290.5,5.300000190734863,67.0
34.08978,-118.55556,323.15,0.59,0.7,2025-01-08,1042,N21,VIIRS,n,2.0NRT,259.27,12.2,N,2025-01-08 10:42:00,0.002033825340419077,0.0016843334531081568,34.091464333453104,-118.55759382534042,34.091464333453104,-118.55352617465958,34.08809566654689,-118.55352617465958,34.08809566654689,-118.55759382534042,0.140625,434,0.233,10.674381256103516,10,0.8999999761581421,0.0,0.004209999926388264,24.0,286.3999938964844,290.5,5.300000190734863,67.0
34.09003,-118.5324,323.65,0.59,0.7,2025-01-08,1042,N21,VIIRS,n,2.0NRT,262.5,3.46,N,2025-01-08 10:42:00,0.0020338313464581706,0.0016843334531081568,34.091714333453105,-118.53443383134645,34.091714333453105,-118.53036616865354,34.08834566654689,-118.53036616865354,34.08834566654689,-118.53443383134645,0.140625,342,0.2156,0.6009741425514221,10,1.1799999475479126,0.0,0.00443999981507659,24.0,286.29998779296875,291.5,5.099999904632568,65.0
34.09066,-118.52509,313.89,0.59,0.7,2025-01-08,1042,N21,VIIRS,n,2.0NRT,262.15,2.86,N,2025-01-08 10:42:00,0.0020338464820057536,0.0016843334531081568,34.092344333453106,-118.52712384648201,34.092344333453106,-118.523056153518,34.088975666546894,-118.523056153518,34.088975666546894,-118.52712384648201,0.140625,278,0.2156,0.4342634677886963,10,1.1799999475479126,0.0,0.00443999981507659,24.0,286.29998779296875,291.5,5.099999904632568,65.0
34.09098,-118.5498,325.84,0.59,0.7,2025-01-08,1042,N21,VIIRS,n,2.0NRT,258.57,34.15,N,2025-01-08 10:42:00,0.0020338541700833834,0.0016843334531081568,34.09266433345311,-118.55183385417008,34.09266433345311,-118.54776614582993,34.089295666546896,-118.54776614582993,34.089295666546896,-118.55183385417008,0.140625,507,0.2151,8.477612495422363,10,0.8999999761581421,0.0,0.004209999926388264,24.0,286.3999938964844,290.5,5.300000190734863,67.0
34.09106,-118.51196,298.31,0.59,0.7,2025-01-08,1042,N21,VIIRS,n,2.0NRT,258.86,2.73,N,2025-01-08 10:42:00,0.0020338560921217856,0.0016843334531081568,34.092744333453105,-118.51399385609213,34.092744333453105,-118.50992614390788,34.08937566654689,-118.50992614390788,34.08937566654689,-118.51399385609213,0.140625,320,0.1986,109.09176635742188,10,1.1799999475479126,0.0,0.00443999981507659,24.0,286.29998779296875,291.5,5.099999904632568,65.0
34.09114,-118.56031,315.43,0.59,0.7,2025-01-08,1042,N21,VIIRS,n,2.0NRT,260.75,3.72,N,2025-01-08 10:42:00,0.0020338580141677854,0.0016843334531081568,34.09282433345311,-118.56234385801417,34.09282433345311,-118.55827614198583,34.0894556665469,-118.55827614198583,34.0894556665469,-118.56234385801417,0.140625,434,0.233,10.674381256103516,10,0.8999999761581421,0.0,0.004209999926388264,24.0,286.3999938964844,290.5,5.300000190734863,67.0
34.09237,-118.54068,319.85,0.59,0.7,2025-01-08,1042,N21,VIIRS,n,2.0NRT,261.1,3.46,N,2025-01-08 10:42:00,0.0020338875665814934,0.0016843334531081568,34.09405433345311,-118.54271388756658,34.09405433345311,-118.53864611243341,34.0906856665469,-118.53864611243341,34.0906856665469,-118.54271388756658,0.140625,452,0.2129,0.9667723774909973,10,0.8999999761581421,0.0,0.004209999926388264,24.0,286.3999938964844,290.5,5.300000190734863,67.0
34.09259,-118.53178,314.09,0.59,0.7,2025-01-08,1042,N21,VIIRS,n,2.0NRT,262.64,2.86,N,2025-01-08 10:42:00,0.0020338928525684293,0.0016843334531081568,34.09427433345311,-118.53381389285256,34.09427433345311,-118.52974610714743,34.090905666546895,-118.52974610714743,34.090905666546895,-118.53381389285256,0.140625,342,0.2156,0.6009741425514221,10,1.1799999475479126,0.0,0.00443999981507659,24.0,286.29998779296875,291.5,5.099999904632568,65.0
34.09262,-118.55544,318.42,0.59,0.7,2025-01-08,1042,N21,VIIRS,n,2.0NRT,258.03,7.03,N,2025-01-08 10:42:00,0.002033893573389281,0.0016843334531081568,34.0943043334531,-118.55747389357339,34.0943043334531,-118.55340610642662,34.09093566654689,-118.55340610642662,34.09093566654689,-118.55747389357339,0.140625,434,0.233,10.674381256103516,10,0.8999999761581421,0.0,0.004209999926388264,24.0,286.3999938964844,290.5,5.300000190734863,67.0
34.09267,-118.5657,308.18,0.59,0.7,2025-01-08,1042,N21,VIIRS,n,2.0NRT,261.02,3.72,N,2025-01-08 10:42:00,0.0020338947747597434,0.0016843334531081568,34.094354333453104,-118.56773389477476,34.094354333453104,-118.56366610522525,34.09098566654689,-118.56366610522525,34.09098566654689,-118.56773389477476,0.140625,283,0.3778,16.49759292602539,10,0.8999999761581421,0.0,0.004209999926388264,24.0,286.3999938964844,290.5,5.300000190734863,67.0
34.09275,-118.51794,300.35,0.59,0.7,2025-01-08,1042,N21,VIIRS,n,2.0NRT,260.59,3.64,N,2025-01-08 10:42:00,0.0020338966969586565,0.0016843334531081568,34.09443433345311,-118.51997389669695,34.09443433345311,-118.51590610330304,34.091065666546896,-118.51590610330304,34.091065666546896,-118.51997389669695,0.140625,424,0.2528,111.19847106933594,10,1.1799999475479126,0.0,0.00443999981507659,24.0,286.29998779296875,291.5,5.099999904632568,65.0
34.09408,-118.56043,311.34,0.59,0.7,2025-01-08,1042,N21,VIIRS,n,2.0NRT,260.24,7.03,N,2025-01-08 10:42:00,0.0020339286546288402,0.0016843334531081568,34.095764333453104,-118.56246392865462,34.095764333453104,-118.55839607134537,34.09239566654689,-118.55839607134537,34.09239566654689,-118.56246392865462,0.140625,506,0.4088,10.960787773132324,10,0.8999999761581421,0.0,0.004209999926388264,24.0,286.3999938964844,290.5,5.300000190734863,67.0
34.09435,-118.52361,303.18,0.59,0.7,2025-01-08,1042,N21,VIIRS,n,2.0NRT,261.4,3.64,N,2025-01-08 10:42:00,0.0020339351425326313,0.0016843334531081568,34.096034333453105,-118.52564393514254,34.096034333453105,-118.52157606485747,34.09266566654689,-118.52157606485747,34.09266566654689,-118.52564393514254,0.140625,372,0.21450000000000002,7.281891345977783,10,1.1799999475479126,0.0,0.00443999981507659,24.0,286.29998779296875,291.5,5.099999904632568,65.0
34.09445,-118.57196,301.82,0.59,0.7,2025-01-08,1042,N21,VIIRS,n,2.0NRT,260.51,1.71,N,2025-01-08 10:42:00,0.0020339375454819274,0.0016843334531081568,34.09613433345311,-118.57399393754548,34.09613433345311,-118.56992606245453,34.092765666546896,-118.56992606245453,34.092765666546896,-118.57399393754548,0.140625,381,0.5193,10.960786819458008,10,0.8999999761581421,0.0,0.004209999926388264,24.0,286.3999938964844,290.5,5.300000190734863,67.0
34.09451,-118.54822,314.97,0.59,0.7,2025-01-08,1042,N21,VIIRS,n,2.0NRT,258.6,2.92,N,2025-01-08 10:42:00,0.0020339389872572043,0.0016843334531081568,34.096194333453106,-118.55025393898725,34.096194333453106,-118.54618606101275,34.092825666546894,-118.54618606101275,34.092825666546894,-118.55025393898725,0.140625,542,0.21400000000000002,10.64715576171875,10,0.8999999761581421,0.0,0.004209999926388264,24.0,286.3999938964844,290.5,5.300000190734863,67.0
34.09497,-118.53999,311.41,0.59,0.7,2025-01-08,1042,N21,VIIRS,n,2.0NRT,261.46,4.48,N,2025-01-08 10:42:00,0.0020339500410096697,0.0016843334531081568,34.09665433345311,-118.54202395004101,34.09665433345311,-118.53795604995899,34.0932856665469,-118.53795604995899,34.0932856665469,-118.54202395004101,0.140625,420,0.19390000000000002,0.9146744608879089,10,0.8999999761581421,0.0,0.004209999926388264,24.0,286.3999938964844,290.5,5.300000190734863,67.0
34.09605,-118.52955,302.72,0.59,0.7,2025-01-08,1042,N21,VIIRS,n,2.0NRT,262.28,3.46,N,2025-01-08 10:42:00,0.002033975994285507,0.0016843334531081568,34.097734333453104,-118.53158397599428,34.097734333453104,-118.52751602400572,34.09436566654689,-118.52751602400572,34.09436566654689,-118.53158397599428,0.140625,331,0.21830000000000002,0.6009743213653564,10,1.1799999475479126,0.0,0.00443999981507659,24.0,286.29998779296875,291.5,5.099999904632568,65.0
34.09624,-118.55434,309.21,0.59,0.7,2025-01-08,1042,N21,VIIRS,n,2.0NRT,257.9,2.92,N,2025-01-08 10:42:00,0.002033980560282854,0.0016843334531081568,34.09792433345311,-118.55637398056028,34.09792433345311,-118.55230601943971,34.094555666546896,-118.55230601943971,34.094555666546896,-118.55637398056028,0.140625,542,0.21400000000000002,10.64715576171875,10,0.8999999761581421,0.0,0.004209999926388264,24.0,286.3999938964844,290.5,5.300000190734863,67.0
34.09632,-118.57856,295.96,0.59,0.7,2025-01-08,1042,N21,VIIRS,n,2.0NRT,260.6,1.71,N,2025-01-08 10:42:00,0.0020339824828208767,0.0016843334531081568,34.098004333453105,-118.58059398248281,34.098004333453105,-118.57652601751718,34.09463566654689,-118.57652601751718,34.09463566654689,-118.58059398248281,0.140625,387,0.5132,8.68333911895752,10,0.8999999761581421,0.0,0.004209999926388264,24.0,286.3999938964844,290.5,5.300000190734863,67.0
34.09702,-118.52348,301.62,0.59,0.7,2025-01-08,1042,N21,VIIRS,n,2.0NRT,261.58,2.86,N,2025-01-08 10:42:00,0.002033999305352758,0.0016843334531081568,34.09870433345311,-118.52551399930536,34.09870433345311,-118.52144600069465,34.095335666546895,-118.52144600069465,34.095335666546895,-118.52551399930536,0.140625,372,0.21450000000000002,7.281891345977783,10,1.1799999475479126,0.0,0.00443999981507659,24.0,286.29998779296875,291.5,5.099999904632568,65.0
34.09726,-118.54792,307.26,0.59,0.7,2025-01-08,1042,N21,VIIRS,n,2.0NRT,258.75,4.48,N,2025-01-08 10:42:00,0.0020340050732119237,0.0016843334531081568,34.098944333453105,-118.54995400507322,34.098944333453105,-118.54588599492679,34.09557566654689,-118.54588599492679,34.09557566654689,-118.54995400507322,0.140625,542,0.21400000000000002,10.64715576171875,10,0.8999999761581421,0.0,0.004209999926388264,24.0,286.3999938964844,290.5,5.300000190734863,67.0
34.09772,-118.55955,304.02,0.59,0.7,2025-01-08,1042,N21,VIIRS,n,2.0NRT,259.7,2.39,N,2025-01-08 10:42:00,0.002034016128466516,0.0016843334531081568,34.09940433345311,-118.56158401612846,34.09940433345311,-118.55751598387154,34.096035666546896,-118.55751598387154,34.096035666546896,-118.56158401612846,0.140625,506,0.4088,10.960787773132324,10,0.8999999761581421,0.0,0.004209999926388264,24.0,286.3999938964844,290.5,5.300000190734863,67.0
34.09839,-118.53786,299.56,0.59,0.7,2025-01-08,1042,N21,VIIRS,n,2.0NRT,261.29,3.46,N,2025-01-08 10:42:00,0.002034032231134707,0.0016843334531081568,34.10007433345311,-118.53989403223113,34.10007433345311,-118.53582596776886,34.096705666546896,-118.53582596776886,34.096705666546896,-118.53989403223113,0.140625,420,0.19390000000000002,0.9146744608879089,10,0.8999999761581421,0.0,0.004209999926388264,24.0,286.3999938964844,290.5,5.300000190734863,67.0
34.09879,-118.52959,297.62,0.59,0.7,2025-01-08,1042,N21,VIIRS,n,2.0NRT,262.63,2.86,N,2025-01-08 10:42:00,0.002034041844922097,0.0016843334531081568,34.10047433345311,-118.53162404184492,34.10047433345311,-118.52755595815508,34.097105666546895,-118.52755595815508,34.097105666546895,-118.53162404184492,0.140625,331,0.21830000000000002,0.6009743213653564,10,1.1799999475479126,0.0,0.00443999981507659,24.0,286.29998779296875,291.5,5.099999904632568,65.0
34.09904,-118.55407,302.63,0.59,0.7,2025-01-08,1042,N21,VIIRS,n,2.0NRT,257.09,2.87,N,2025-01-08 10:42:00,0.002034047853635708,0.0016843334531081568,34.10072433345311,-118.55610404785364,34.10072433345311,-118.55203595214635,34.097355666546896,-118.55203595214635,34.097355666546896,-118.55610404785364,0.140625,542,0.21400000000000002,10.64715576171875,10,0.8999999761581421,0.0,0.004209999926388264,24.0,286.3999938964844,290.5,5.300000190734863,67.0
34.09929,-118.56506,298.88,0.59,0.7,2025-01-08,1042,N21,VIIRS,n,2.0NRT,259.91,2.39,N,2025-01-08 10:42:00,0.002034053862423545,0.0016843334531081568,34.10097433345311,-118.56709405386242,34.10097433345311,-118.56302594613759,34.0976056665469,-118.56302594613759,34.0976056665469,-118.56709405386242,0.140625,381,0.5193,10.960786819458008,10,0.8999999761581421,0.0,0.004209999926388264,24.0,286.3999938964844,290.5,5.300000190734863,67.0
34.10063,-118.55952,298.76,0.59,0.7,2025-01-08,1042,N21,VIIRS,n,2.0NRT,258.92,2.87,N,2025-01-08 10:42:00,0.0020340860707915597,0.0016843334531081568,34.10231433345311,-118.5615540860708,34.10231433345311,-118.55748591392921,34.098945666546896,-118.55748591392921,34.098945666546896,-118.5615540860708,0.140625,506,0.4088,10.960787773132324,10,0.8999999761581421,0.0,0.004209999926388264,24.0,286.3999938964844,290.5,5.300000190734863,67.0
34.10069,-118.54599,296.61,0.59,0.7,2025-01-08,1042,N21,VIIRS,n,2.0NRT,258.63,2.92,N,2025-01-08 10:42:00,0.0020340875130071745,0.0016843334531081568,34.102374333453106,-118.54802408751301,34.102374333453106,-118.543955912487,34.099005666546894,-118.543955912487,34.099005666546894,-118.54802408751301,0.140625,420,0.19390000000000002,0.9146744608879089,10,0.8999999761581421,0.0,0.004209999926388264,24.0,286.3999938964844,290.5,5.300000190734863,67.0
34.0372,-118.52682,350.32,0.56,0.52,2025-01-08,2021,N21,VIIRS,n,2.0NRT,300.61,14.07,D,2025-01-08 20:21:00,0.0020325637976585367,0.0016843334531081568,34.038884333453105,-118.52885256379766,34.038884333453105,-118.52478743620235,34.03551566654689,-118.52478743620235,34.03551566654689,-118.52885256379766,0.140625,39,0.23470000000000002,1522.534912109375,50,2.7200000286102295,0.0,0.005260000005364418,24.0,285.20001220703125,294.1000061035156,4.400000095367432,48.0
34.03859,-118.52084,350.18,0.56,0.51,2025-01-08,2021,N21,VIIRS,n,2.0NRT,297.61,25.58,D,2025-01-08 20:21:00,0.002032597105522288,0.0016843334531081568,34.040274333453105,-118.52287259710553,34.040274333453105,-118.51880740289448,34.03690566654689,-118.51880740289448,34.03690566654689,-118.52287259710553,0.140625,39,0.23470000000000002,1522.534912109375,50,2.7200000286102295,0.0,0.005260000005364418,24.0,285.20001220703125,294.1000061035156,4.400000095367432,48.0
34.03899,-118.54031,341.14,0.56,0.52,2025-01-08,2021,N21,VIIRS,n,2.0NRT,293.24,314.43,D,2025-01-08 20:21:00,0.002032606690942986,0.0016843334531081568,34.040674333453104,-118.54234260669095,34.040674333453104,-118.53827739330906,34.03730566654689,-118.53827739330906,34.03730566654689,-118.54234260669095,0.140625,56,0.3049,2464.794921875,10,,0.0,0.005200000014156103,24.0,286.0,294.79998779296875,4.5,49.0
34.03999,-118.64217,352.67,0.57,0.52,2025-01-08,2021,N21,VIIRS,n,2.0NRT,299.72,13.1,D,2025-01-08 20:21:00,0.0020326306553236934,0.0016843334531081568,34.04167433345311,-118.64420263065531,34.04167433345311,-118.64013736934467,34.0383056665469,-118.64013736934467,34.0383056665469,-118.64420263065531,0.140625,72,0.2661,165.6573944091797,10,,0.0,0.005200000014156103,18.0,286.3999938964844,294.5,4.699999809265137,50.0
34.0404,-118.53425,344.6,0.56,0.52,2025-01-08,2021,N21,VIIRS,n,2.0NRT,297.19,54.44,D,2025-01-08 20:21:00,0.002032640481062094,0.0016843334531081568,34.042084333453104,-118.53628264048106,34.042084333453104,-118.53221735951894,34.03871566654689,-118.53221735951894,34.03871566654689,-118.53628264048106,0.140625,86,0.2341,1907.6650390625,50,2.7200000286102295,0.0,0.005260000005364418,24.0,285.20001220703125,294.1000061035156,4.400000095367432,48.0
34.04182,-118.52817,367.0,0.56,0.52,2025-01-08,2021,N21,VIIRS,h,2.0NRT,301.47,54.44,D,2025-01-08 20:21:00,0.002032674513207047,0.0016843334531081568,34.04350433345311,-118.5302026745132,34.04350433345311,-118.5261373254868,34.040135666546895,-118.5261373254868,34.040135666546895,-118.5302026745132,0.140625,86,0.2409,2909.494873046875,50,2.7200000286102295,0.0,0.005260000005364418,24.0,285.20001220703125,294.1000061035156,4.400000095367432,48.0
34.04323,-118.52214,344.68,0.56,0.51,2025-01-08,2021,N21,VIIRS,n,2.0NRT,300.36,17.83,D,2025-01-08 20:21:00,0.0020327083080520186,0.0016843334531081568,34.04491433345311,-118.52417270830804,34.04491433345311,-118.52010729169194,34.041545666546895,-118.52010729169194,34.041545666546895,-118.52417270830804,0.140625,86,0.2409,2909.494873046875,50,2.7200000286102295,0.0,0.005260000005364418,24.0,285.20001220703125,294.1000061035156,4.400000095367432,48.0
34.04338,-118.64898,325.11,0.57,0.52,2025-01-08,2021,N21,VIIRS,n,2.0NRT,294.77,4.0,D,2025-01-08 20:21:00,0.0020327119033868714,0.0016843334531081568,34.045064333453105,-118.65101271190338,34.045064333453105,-118.64694728809661,34.04169566654689,-118.64694728809661,34.04169566654689,-118.65101271190338,0.140625,45,0.2969,205.73236083984375,10,,0.0,0.005200000014156103,18.0,286.3999938964844,294.5,4.699999809265137,50.0
34.04459,-118.5163,349.45,0.56,0.51,2025-01-08,2021,N21,VIIRS,n,2.0NRT,298.91,17.83,D,2025-01-08 20:21:00,0.002032740906729276,0.0016843334531081568,34.046274333453105,-118.51833274090673,34.046274333453105,-118.51426725909327,34.04290566654689,-118.51426725909327,34.04290566654689,-118.51833274090673,0.140625,73,0.17600000000000002,1036.3741455078125,10,2.7200000286102295,0.0,0.005260000005364418,24.0,285.20001220703125,294.1000061035156,4.400000095367432,48.0
34.04506,-118.53546,349.73,0.56,0.52,2025-01-08,2021,N21,VIIRS,n,2.0NRT,321.04,54.44,D,2025-01-08 20:21:00,0.0020327521729580247,0.0016843334531081568,34.046744333453105,-118.53749275217295,34.046744333453105,-118.53342724782705,34.04337566654689,-118.53342724782705,34.04337566654689,-118.53749275217295,0.140625,86,0.2341,1907.6650390625,50,2.7200000286102295,0.0,0.005260000005364418,24.0,285.20001220703125,294.1000061035156,4.400000095367432,48.0
34.04646,-118.52943,352.74,0.56,0.52,2025-01-08,2021,N21,VIIRS,n,2.0NRT,300.98,54.44,D,2025-01-08 20:21:00,0.0020327857334878885,0.0016843334531081568,34.04814433345311,-118.5314627857335,34.04814433345311,-118.52739721426651,34.0447756665469,-118.52739721426651,34.0447756665469,-118.5314627857335,0.140625,86,0.2341,1907.6650390625,50,2.7200000286102295,0.0,0.005260000005364418,24.0,285.20001220703125,294.1000061035156,4.400000095367432,48.0
34.04694,-118.54859,346.1,0.56,0.52,2025-01-08,2021,N21,VIIRS,n,2.0NRT,309.07,51.87,D,2025-01-08 20:21:00,0.0020327972404897716,0.0016843334531081568,34.048624333453105,-118.5506227972405,34.048624333453105,-118.54655720275952,34.04525566654689,-118.54655720275952,34.04525566654689,-118.5506227972405,0.140625,39,0.3049,851.7344360351562,10,,0.0,0.005200000014156103,24.0,286.0,294.79998779296875,4.5,49.0
34.04785,-118.52349,353.19,0.56,0.51,2025-01-08,2021,N21,VIIRS,n,2.0NRT,303.55,17.83,D,2025-01-08 20:21:00,0.002032819056596758,0.0016843334531081568,34.0495343334531,-118.52552281905659,34.0495343334531,-118.5214571809434,34.04616566654689,-118.5214571809434,34.04616566654689,-118.52552281905659,0.140625,120,0.26480000000000004,1493.949951171875,50,1.850000023841858,0.0,0.004910000134259462,24.0,286.79998779296875,293.6000061035156,4.699999809265137,50.0
34.04835,-118.54253,345.64,0.56,0.52,2025-01-08,2021,N21,VIIRS,n,2.0NRT,317.26,51.87,D,2025-01-08 20:21:00,0.0020328310438863387,0.0016843334531081568,34.050034333453105,-118.54456283104389,34.050034333453105,-118.54049716895611,34.04666566654689,-118.54049716895611,34.04666566654689,-118.54456283104389,0.140625,105,0.2659,1420.3568115234375,10,1.6399999856948853,0.0,0.004780000075697899,24.0,287.3999938964844,292.1000061035156,4.800000190734863,59.0
34.04924,-118.51751,344.27,0.56,0.51,2025-01-08,2021,N21,VIIRS,n,2.0NRT,301.47,17.83,D,2025-01-08 20:21:00,0.002032852381994623,0.0016843334531081568,34.0509243334531,-118.519542852382,34.0509243334531,-118.515477147618,34.04755566654689,-118.515477147618,34.04755566654689,-118.519542852382,0.140625,101,0.2454,211.2073211669922,10,1.850000023841858,0.0,0.004910000134259462,24.0,286.79998779296875,293.6000061035156,4.699999809265137,50.0
34.04974,-118.53657,338.43,0.56,0.52,2025-01-08,2021,N21,VIIRS,n,2.0NRT,313.37,54.29,D,2025-01-08 20:21:00,0.002032864370107621,0.0016843334531081568,34.051424333453106,-118.5386028643701,34.051424333453106,-118.53453713562989,34.048055666546894,-118.53453713562989,34.048055666546894,-118.5386028643701,0.140625,108,0.26480000000000004,917.6705322265625,50,1.850000023841858,0.0,0.004910000134259462,24.0,286.79998779296875,293.6000061035156,4.699999809265137,50.0
34.05167,-118.54951,332.3,0.56,0.52,2025-01-08,2021,N21,VIIRS,n,2.0NRT,293.57,51.87,D,2025-01-08 20:21:00,0.0020329106470022133,0.0016843334531081568,34.05335433345311,-118.551542910647,34.05335433345311,-118.547477089353,34.049985666546895,-118.547477089353,34.049985666546895,-118.551542910647,0.140625,120,0.2564,341.0213317871094,10,1.6399999856948853,0.0,0.004780000075697899,24.0,287.3999938964844,292.1000061035156,4.800000190734863,59.0
34.05198,-118.50575,330.78,0.56,0.51,2025-01-08,2021,N21,VIIRS,n,2.0NRT,291.3,10.57,D,2025-01-08 20:21:00,0.0020329180804899453,0.0016843334531081568,34.053664333453106,-118.5077829180805,34.053664333453106,-118.50371708191952,34.050295666546894,-118.50371708191952,34.050295666546894,-118.5077829180805,0.140625,112,0.36860000000000004,840.2179565429688,10,1.850000023841858,0.0,0.004910000134259462,24.0,286.79998779296875,293.6000061035156,4.699999809265137,50.0
34.05254,-118.52453,340.95,0.56,0.51,2025-01-08,2021,N21,VIIRS,n,2.0NRT,298.17,6.25,D,2025-01-08 20:21:00,0.0020329315090145046,0.0016843334531081568,34.05422433345311,-118.52656293150902,34.05422433345311,-118.52249706849098,34.050855666546894,-118.52249706849098,34.050855666546894,-118.52656293150902,0.140625,120,0.26480000000000004,1493.949951171875,50,1.850000023841858,0.0,0.004910000134259462,24.0,286.79998779296875,293.6000061035156,4.699999809265137,50.0
34.05308,-118.54344,367.0,0.56,0.52,2025-01-08,2021,N21,VIIRS,h,2.0NRT,298.05,51.87,D,2025-01-08 20:21:00,0.0020329444583008414,0.0016843334531081568,34.05476433345311,-118.54547294445831,34.05476433345311,-118.5414070555417,34.051395666546895,-118.5414070555417,34.051395666546895,-118.54547294445831,0.140625,105,0.2659,1420.3568115234375,10,1.6399999856948853,0.0,0.004780000075697899,24.0,287.3999938964844,292.1000061035156,4.800000190734863,59.0
34.05391,-118.51863,326.67,0.56,0.51,2025-01-08,2021,N21,VIIRS,n,2.0NRT,294.28,6.25,D,2025-01-08 20:21:00,0.0020329643625072867,0.0016843334531081568,34.05559433345311,-118.52066296436251,34.05559433345311,-118.51659703563749,34.052225666546896,-118.51659703563749,34.052225666546896,-118.52066296436251,0.140625,101,0.2454,211.2073211669922,10,1.850000023841858,0.0,0.004910000134259462,24.0,286.79998779296875,293.6000061035156,4.699999809265137,50.0
34.05444,-118.53759,341.1,0.56,0.52,2025-01-08,2021,N21,VIIRS,n,2.0NRT,293.26,54.29,D,2025-01-08 20:21:00,0.0020329770728493395,0.0016843334531081568,34.056124333453106,-118.53962297707284,34.056124333453106,-118.53555702292715,34.052755666546894,-118.53555702292715,34.052755666546894,-118.53962297707284,0.140625,105,0.2659,1420.3568115234375,10,1.6399999856948853,0.0,0.004780000075697899,24.0,287.3999938964844,292.1000061035156,4.800000190734863,59.0
34.05637,-118.55053,340.56,0.56,0.52,2025-01-08,2021,N21,VIIRS,n,2.0NRT,295.8,13.72,D,2025-01-08 20:21:00,0.002033023360493187,0.0016843334531081568,34.05805433345311,-118.55256302336049,34.05805433345311,-118.5484969766395,34.054685666546895,-118.5484969766395,34.054685666546895,-118.55256302336049,0.140625,120,0.2564,341.0213317871094,10,1.6399999856948853,0.0,0.004780000075697899,24.0,287.3999938964844,292.1000061035156,4.800000190734863,59.0
34.05665,-118.50688,328.78,0.56,0.51,2025-01-08,2021,N21,VIIRS,n,2.0NRT,292.44,5.19,D,2025-01-08 20:21:00,0.002033030076165721,0.0016843334531081568,34.058334333453104,-118.50891303007616,34.058334333453104,-118.50484696992383,34.05496566654689,-118.50484696992383,34.05496566654689,-118.50891303007616,0.140625,112,0.36860000000000004,840.2179565429688,10,1.850000023841858,0.0,0.004910000134259462,24.0,286.79998779296875,293.6000061035156,4.699999809265137,50.0
34.05782,-118.54433,340.76,0.56,0.52,2025-01-08,2021,N21,VIIRS,n,2.0NRT,292.58,13.72,D,2025-01-08 20:21:00,0.0020330581390884724,0.0016843334531081568,34.059504333453106,-118.5463630581391,34.059504333453106,-118.54229694186091,34.05613566654689,-118.54229694186091,34.05613566654689,-118.5463630581391,0.140625,202,0.25720000000000004,682.1331787109375,10,1.6399999856948853,0.0,0.004780000075697899,24.0,287.3999938964844,292.1000061035156,4.800000190734863,59.0
34.05787,-118.65078,338.92,0.57,0.52,2025-01-08,2021,N21,VIIRS,n,2.0NRT,294.46,7.38,D,2025-01-08 20:21:00,0.002033059338394826,0.0016843334531081568,34.05955433345311,-118.6528130593384,34.05955433345311,-118.6487469406616,34.056185666546895,-118.6487469406616,34.056185666546895,-118.6528130593384,0.140625,349,0.2144,70.69699096679688,50,1.7100000381469727,0.0,0.004540000110864639,18.0,286.5,290.1000061035156,5.099999904632568,67.0
34.06112,-118.55136,341.09,0.56,0.52,2025-01-08,2021,N21,VIIRS,n,2.0NRT,291.58,13.72,D,2025-01-08 20:21:00,0.002033137299664221,0.0016843334531081568,34.06280433345311,-118.55339313729966,34.06280433345311,-118.54932686270034,34.0594356665469,-118.54932686270034,34.0594356665469,-118.55339313729966,0.140625,225,0.2838,445.96746826171875,10,1.6399999856948853,0.0,0.004780000075697899,24.0,287.3999938964844,292.1000061035156,4.800000190734863,59.0
34.06266,-118.50225,333.43,0.56,0.51,2025-01-08,2021,N21,VIIRS,n,2.0NRT,291.09,6.68,D,2025-01-08 20:21:00,0.0020331742456841206,0.0016843334531081568,34.06434433345311,-118.50428317424569,34.06434433345311,-118.50021682575432,34.060975666546895,-118.50021682575432,34.060975666546895,-118.50428317424569,0.140625,157,0.3778,503.0071716308594,10,1.850000023841858,0.0,0.004910000134259462,24.0,286.79998779296875,293.6000061035156,4.699999809265137,50.0
34.06269,-118.65141,332.83,0.57,0.52,2025-01-08,2021,N21,VIIRS,n,2.0NRT,295.16,8.36,D,2025-01-08 20:21:00,0.002033174965439701,0.0016843334531081568,34.06437433345311,-118.65344317496543,34.06437433345311,-118.64937682503457,34.0610056665469,-118.64937682503457,34.0610056665469,-118.65344317496543,0.140625,349,0.2144,70.69699096679688,50,1.7100000381469727,0.0,0.004540000110864639,18.0,286.5,290.1000061035156,5.099999904632568,67.0
34.06413,-118.64522,334.24,0.57,0.52,2025-01-08,2021,N21,VIIRS,n,2.0NRT,294.95,8.36,D,2025-01-08 20:21:00,0.0020332095149623425,0.0016843334531081568,34.065814333453105,-118.64725320951496,34.065814333453105,-118.64318679048503,34.06244566654689,-118.64318679048503,34.06244566654689,-118.64725320951496,0.140625,349,0.2144,70.69699096679688,50,1.7100000381469727,0.0,0.004540000110864639,18.0,286.5,290.1000061035156,5.099999904632568,67.0
34.06584,-118.55231,345.0,0.56,0.52,2025-01-08,2021,N21,VIIRS,n,2.0NRT,292.77,30.99,D,2025-01-08 20:21:00,0.0020332505457137185,0.0016843334531081568,34.06752433345311,-118.55434325054571,34.06752433345311,-118.5502767494543,34.064155666546895,-118.5502767494543,34.064155666546895,-118.55434325054571,0.140625,335,0.278,1099.7293701171875,50,1.6399999856948853,0.0,0.004780000075697899,24.0,287.3999938964844,292.1000061035156,4.800000190734863,59.0
34.06661,-118.67744,329.74,0.57,0.52,2025-01-08,2021,N21,VIIRS,n,2.0NRT,291.26,12.49,D,2025-01-08 20:21:00,0.0020332690226812574,0.0016843334531081568,34.0682943334531,-118.67947326902268,34.0682943334531,-118.67540673097733,34.06492566654689,-118.67540673097733,34.06492566654689,-118.67947326902268,0.140625,495,0.3247,7.851822853088379,10,2.0399999618530273,0.0,0.004619999788701534,18.0,286.3999938964844,290.79998779296875,5.199999809265137,65.0
34.06729,-118.50351,350.74,0.56,0.51,2025-01-08,2021,N21,VIIRS,n,2.0NRT,297.92,26.27,D,2025-01-08 20:21:00,0.002033285340587829,0.0016843334531081568,34.068974333453106,-118.5055432853406,34.068974333453106,-118.50147671465942,34.065605666546894,-118.50147671465942,34.065605666546894,-118.5055432853406,0.140625,203,0.49870000000000003,474.3589782714844,10,1.850000023841858,0.0,0.004910000134259462,24.0,286.79998779296875,293.6000061035156,4.699999809265137,50.0
34.06753,-118.65197,350.14,0.57,0.52,2025-01-08,2021,N21,VIIRS,n,2.0NRT,297.11,8.36,D,2025-01-08 20:21:00,0.002033291099979885,0.0016843334531081568,34.069214333453104,-118.65400329109998,34.069214333453104,-118.64993670890003,34.06584566654689,-118.64993670890003,34.06584566654689,-118.65400329109998,0.140625,481,0.2391,47.78097915649414,10,1.7100000381469727,0.0,0.004540000110864639,18.0,286.5,290.1000061035156,5.099999904632568,67.0
34.06771,-118.56554,350.97,0.56,0.52,2025-01-08,2021,N21,VIIRS,n,2.0NRT,307.77,30.58,D,2025-01-08 20:21:00,0.0020332954195687518,0.0016843334531081568,34.069394333453104,-118.56757329541956,34.069394333453104,-118.56350670458043,34.06602566654689,-118.56350670458043,34.06602566654689,-118.56757329541956,0.140625,284,0.2856,7.91660213470459,10,1.6399999856948853,0.0,0.004780000075697899,24.0,287.3999938964844,292.1000061035156,4.800000190734863,59.0
34.06824,-118.67043,347.72,0.57,0.52,2025-01-08,2021,N21,VIIRS,n,2.0NRT,299.02,12.49,D,2025-01-08 20:21:00,0.00203330813858131,0.0016843334531081568,34.06992433345311,-118.67246330813857,34.06992433345311,-118.66839669186142,34.0665556665469,-118.66839669186142,34.0665556665469,-118.67246330813857,0.140625,601,0.2665,51.55775833129883,10,2.0399999618530273,0.0,0.004619999788701534,18.0,286.3999938964844,290.79998779296875,5.199999809265137,65.0
34.06899,-118.56004,348.59,0.56,0.52,2025-01-08,2021,N21,VIIRS,n,2.0NRT,300.45,30.58,D,2025-01-08 20:21:00,0.002033326137753207,0.0016843334531081568,34.070674333453105,-118.56207332613775,34.070674333453105,-118.55800667386225,34.06730566654689,-118.55800667386225,34.06730566654689,-118.56207332613775,0.140625,258,0.2856,989.7855224609375,10,1.6399999856948853,0.0,0.004780000075697899,24.0,287.3999938964844,292.1000061035156,4.800000190734863,59.0
34.06919,-118.60193,335.86,0.57,0.52,2025-01-08,2021,N21,VIIRS,n,2.0NRT,291.68,23.0,D,2025-01-08 20:21:00,0.0020333309376450405,0.0016843334531081568,34.070874333453105,-118.60396333093765,34.070874333453105,-118.59989666906235,34.06750566654689,-118.59989666906235,34.06750566654689,-118.60396333093765,0.140625,516,0.4539,298.1758117675781,10,1.5299999713897705,0.0,0.004559999797493219,24.0,287.8999938964844,292.79998779296875,5.0,55.0
34.06972,-118.664,347.68,0.57,0.52,2025-01-08,2021,N21,VIIRS,n,2.0NRT,298.21,16.24,D,2025-01-08 20:21:00,0.002033343657587818,0.0016843334531081568,34.0714043334531,-118.66603334365759,34.0714043334531,-118.66196665634241,34.06803566654689,-118.66196665634241,34.06803566654689,-118.66603334365759,0.140625,601,0.2665,51.55775833129883,10,2.0399999618530273,0.0,0.004619999788701534,18.0,286.3999938964844,290.79998779296875,5.199999809265137,65.0
34.07005,-118.61964,343.8,0.57,0.52,2025-01-08,2021,N21,VIIRS,n,2.0NRT,317.24,57.73,D,2025-01-08 20:21:00,0.0020333515777204753,0.0016843334531081568,34.07173433345311,-118.62167335157773,34.07173433345311,-118.61760664842228,34.068365666546896,-118.61760664842228,34.068365666546896,-118.62167335157773,0.140625,519,0.2692,100.45793151855469,10,1.7100000381469727,0.0,0.004540000110864639,18.0,286.5,290.1000061035156,5.099999904632568,67.0
34.07037,-118.59681,352.97,0.57,0.52,2025-01-08,2021,N21,VIIRS,n,2.0NRT,321.83,23.0,D,2025-01-08 20:21:00,0.002033359257972454,0.0016843334531081568,34.0720543334531,-118.59884335925798,34.0720543334531,-118.59477664074203,34.06868566654689,-118.59477664074203,34.06868566654689,-118.59884335925798,0.140625,482,0.4087,23.05508041381836,10,1.5299999713897705,0.0,0.004559999797493219,24.0,287.8999938964844,292.79998779296875,5.0,55.0
34.07055,-118.55333,346.46,0.56,0.52,2025-01-08,2021,N21,VIIRS,n,2.0NRT,307.19,30.99,D,2025-01-08 20:21:00,0.0020333635781675623,0.0016843334531081568,34.0722343334531,-118.55536336357817,34.0722343334531,-118.55129663642184,34.06886566654689,-118.55129663642184,34.06886566654689,-118.55536336357817,0.140625,335,0.278,1099.7293701171875,50,1.6399999856948853,0.0,0.004780000075697899,24.0,287.3999938964844,292.1000061035156,4.800000190734863,59.0
34.07058,-118.51058,339.88,0.56,0.51,2025-01-08,2021,N21,VIIRS,n,2.0NRT,298.11,15.45,D,2025-01-08 20:21:00,0.0020333642982038156,0.0016843334531081568,34.072264333453106,-118.5126133642982,34.072264333453106,-118.5085466357018,34.068895666546894,-118.5085466357018,34.068895666546894,-118.5126133642982,0.140625,215,0.2877,8.694796562194824,10,1.850000023841858,0.0,0.004910000134259462,24.0,286.79998779296875,293.6000061035156,4.699999809265137,50.0
34.07104,-118.57255,337.75,0.56,0.52,2025-01-08,2021,N21,VIIRS,n,2.0NRT,299.19,107.41,D,2025-01-08 20:21:00,0.0020333753388933717,0.0016843334531081568,34.07272433345311,-118.5745833753389,34.07272433345311,-118.57051662466111,34.0693556665469,-118.57051662466111,34.0693556665469,-118.5745833753389,0.140625,284,0.2856,7.91660213470459,10,1.6399999856948853,0.0,0.004780000075697899,24.0,287.3999938964844,292.1000061035156,4.800000190734863,59.0
34.07136,-118.61399,342.41,0.57,0.52,2025-01-08,2021,N21,VIIRS,n,2.0NRT,293.59,17.32,D,2025-01-08 20:21:00,0.0020333830195210793,0.0016843334531081568,34.073044333453105,-118.61602338301952,34.073044333453105,-118.61195661698048,34.06967566654689,-118.61195661698048,34.06967566654689,-118.61602338301952,0.140625,524,0.3655,127.57647705078125,10,1.5299999713897705,0.0,0.004559999797493219,24.0,287.8999938964844,292.79998779296875,5.0,55.0
34.07151,-118.59187,355.12,0.56,0.52,2025-01-08,2021,N21,VIIRS,n,2.0NRT,313.65,26.19,D,2025-01-08 20:21:00,0.0020333866198571256,0.0016843334531081568,34.07319433345311,-118.59390338661986,34.07319433345311,-118.58983661338014,34.0698256665469,-118.58983661338014,34.0698256665469,-118.59390338661986,0.140625,482,0.4087,23.05508041381836,10,1.5299999713897705,0.0,0.004559999797493219,24.0,287.8999938964844,292.79998779296875,5.0,55.0
34.07211,-118.54659,335.54,0.56,0.52,2025-01-08,2021,N21,VIIRS,n,2.0NRT,291.8,30.99,D,2025-01-08 20:21:00,0.0020334010214681742,0.0016843334531081568,34.07379433345311,-118.54862340102146,34.07379433345311,-118.54455659897853,34.070425666546896,-118.54455659897853,34.070425666546896,-118.54862340102146,0.140625,335,0.278,1099.7293701171875,50,1.6399999856948853,0.0,0.004780000075697899,24.0,287.3999938964844,292.1000061035156,4.800000190734863,59.0
34.07225,-118.56729,350.64,0.56,0.52,2025-01-08,2021,N21,VIIRS,n,2.0NRT,300.79,36.7,D,2025-01-08 20:21:00,0.0020334043819055245,0.0016843334531081568,34.0739343334531,-118.5693234043819,34.0739343334531,-118.5652565956181,34.07056566654689,-118.5652565956181,34.07056566654689,-118.5693234043819,0.140625,284,0.2856,7.91660213470459,10,1.6399999856948853,0.0,0.004780000075697899,24.0,287.3999938964844,292.1000061035156,4.800000190734863,59.0
34.07278,-118.58634,367.0,0.56,0.52,2025-01-08,2021,N21,VIIRS,h,2.0NRT,308.52,26.19,D,2025-01-08 20:21:00,0.002033417103771802,0.0016843334531081568,34.07446433345311,-118.58837341710378,34.07446433345311,-118.58430658289623,34.071095666546896,-118.58430658289623,34.071095666546896,-118.58837341710378,0.140625,307,0.19840000000000002,6.94420051574707,10,1.5299999713897705,0.0,0.004559999797493219,24.0,287.8999938964844,292.79998779296875,5.0,55.0
34.07283,-118.67205,338.97,0.57,0.52,2025-01-08,2021,N21,VIIRS,n,2.0NRT,296.04,12.49,D,2025-01-08 20:21:00,0.0020334183039650644,0.0016843334531081568,34.07451433345311,-118.67408341830397,34.07451433345311,-118.67001658169603,34.0711456665469,-118.67001658169603,34.0711456665469,-118.67408341830397,0.140625,601,0.2665,51.55775833129883,10,2.0399999618530273,0.0,0.004619999788701534,18.0,286.3999938964844,290.79998779296875,5.199999809265137,65.0
34.07339,-118.62662,338.3,0.57,0.52,2025-01-08,2021,N21,VIIRS,n,2.0NRT,296.61,57.73,D,2025-01-08 20:21:00,0.002033431746332199,0.0016843334531081568,34.07507433345311,-118.62865343174633,34.07507433345311,-118.62458656825368,34.0717056665469,-118.62458656825368,34.0717056665469,-118.62865343174633,0.140625,519,0.2692,100.45793151855469,10,1.7100000381469727,0.0,0.004540000110864639,18.0,286.5,290.1000061035156,5.099999904632568,67.0
34.07357,-118.56157,350.89,0.56,0.52,2025-01-08,2021,N21,VIIRS,n,2.0NRT,294.24,36.7,D,2025-01-08 20:21:00,0.002033436067172062,0.0016843334531081568,34.0752543334531,-118.56360343606717,34.0752543334531,-118.55953656393284,34.07188566654689,-118.55953656393284,34.07188566654689,-118.56360343606717,0.140625,258,0.2856,989.7855224609375,10,1.6399999856948853,0.0,0.004780000075697899,24.0,287.3999938964844,292.1000061035156,4.800000190734863,59.0
34.07375,-118.64655,326.28,0.57,0.52,2025-01-08,2021,N21,VIIRS,n,2.0NRT,298.21,95.15,D,2025-01-08 20:21:00,0.0020334403880503567,0.0016843334531081568,34.0754343334531,-118.64858344038805,34.0754343334531,-118.64451655961196,34.07206566654689,-118.64451655961196,34.07206566654689,-118.64858344038805,0.140625,481,0.2391,47.78097915649414,10,1.7100000381469727,0.0,0.004540000110864639,18.0,286.5,290.1000061035156,5.099999904632568,67.0
34.07438,-118.57946,343.87,0.56,0.52,2025-01-08,2021,N21,VIIRS,n,2.0NRT,303.06,107.41,D,2025-01-08 20:21:00,0.0020334555114270452,0.0016843334531081568,34.076064333453104,-118.58149345551142,34.076064333453104,-118.57742654448857,34.07269566654689,-118.57742654448857,34.07269566654689,-118.58149345551142,0.140625,401,0.19460000000000002,2.482085704803467,10,1.6399999856948853,0.0,0.004780000075697899,24.0,287.3999938964844,292.1000061035156,4.800000190734863,59.0
34.07449,-118.66488,352.0,0.57,0.52,2025-01-08,2021,N21,VIIRS,n,2.0NRT,299.8,16.24,D,2025-01-08 20:21:00,0.0020334581520649046,0.0016843334531081568,34.0761743334531,-118.66691345815207,34.0761743334531,-118.66284654184793,34.07280566654689,-118.66284654184793,34.07280566654689,-118.66691345815207,0.140625,601,0.2665,51.55775833129883,10,2.0399999618530273,0.0,0.004619999788701534,18.0,286.3999938964844,290.79998779296875,5.199999809265137,65.0
34.07471,-118.62093,351.07,0.57,0.52,2025-01-08,2021,N21,VIIRS,n,2.0NRT,305.88,57.73,D,2025-01-08 20:21:00,0.0020334634333836832,0.0016843334531081568,34.07639433345311,-118.62296346343338,34.07639433345311,-118.61889653656662,34.0730256665469,-118.61889653656662,34.0730256665469,-118.62296346343338,0.140625,519,0.2692,100.45793151855469,10,1.7100000381469727,0.0,0.004540000110864639,18.0,286.5,290.1000061035156,5.099999904632568,67.0
34.07489,-118.59866,337.21,0.57,0.52,2025-01-08,2021,N21,VIIRS,n,2.0NRT,298.44,14.77,D,2025-01-08 20:21:00,0.002033467754505389,0.0016843334531081568,34.07657433345311,-118.6006934677545,34.07657433345311,-118.5966265322455,34.0732056665469,-118.5966265322455,34.0732056665469,-118.6006934677545,0.140625,363,0.5322,349.26922607421875,10,1.5299999713897705,0.0,0.004559999797493219,24.0,287.8999938964844,292.79998779296875,5.0,55.0
34.07512,-118.64059,333.96,0.57,0.52,2025-01-08,2021,N21,VIIRS,n,2.0NRT,299.5,83.51,D,2025-01-08 20:21:00,0.002033473275994611,0.0016843334531081568,34.076804333453104,-118.642623473276,34.076804333453104,-118.638556526724,34.07343566654689,-118.638556526724,34.07343566654689,-118.642623473276,0.140625,625,0.30760000000000004,30.51580047607422,10,1.7100000381469727,0.0,0.004540000110864639,18.0,286.5,290.1000061035156,5.099999904632568,67.0
34.07521,-118.55447,354.0,0.56,0.52,2025-01-08,2021,N21,VIIRS,n,2.0NRT,304.91,34.0,D,2025-01-08 20:21:00,0.002033475436594432,0.0016843334531081568,34.076894333453104,-118.55650347543659,34.076894333453104,-118.5524365245634,34.07352566654689,-118.5524365245634,34.07352566654689,-118.55650347543659,0.140625,459,0.2436,538.1364135742188,10,1.6399999856948853,0.0,0.004780000075697899,24.0,287.3999938964844,292.1000061035156,4.800000190734863,59.0
34.07521,-118.51183,367.0,0.56,0.51,2025-01-08,2021,N21,VIIRS,l,2.0NRT,330.97,132.04,D,2025-01-08 20:21:00,0.002033475436594432,0.0016843334531081568,34.076894333453104,-118.5138634754366,34.076894333453104,-118.50979652456341,34.07352566654689,-118.50979652456341,34.07352566654689,-118.5138634754366,0.140625,244,0.3044,55.50264358520508,10,1.850000023841858,0.0,0.004910000134259462,24.0,286.79998779296875,293.6000061035156,4.699999809265137,50.0
34.07562,-118.57408,367.0,0.56,0.52,2025-01-08,2021,N21,VIIRS,h,2.0NRT,353.11,107.41,D,2025-01-08 20:21:00,0.002033485279448543,0.0016843334531081568,34.07730433345311,-118.57611348527945,34.07730433345311,-118.57204651472054,34.073935666546895,-118.57204651472054,34.073935666546895,-118.57611348527945,0.140625,308,0.2657,16.355701446533203,10,1.6399999856948853,0.0,0.004780000075697899,24.0,287.3999938964844,292.1000061035156,4.800000190734863,59.0
34.07596,-118.65849,367.0,0.57,0.52,2025-01-08,2021,N21,VIIRS,h,2.0NRT,301.02,16.24,D,2025-01-08 20:21:00,0.0020334934419666195,0.0016843334531081568,34.07764433345311,-118.66052349344197,34.07764433345311,-118.65645650655803,34.074275666546896,-118.65645650655803,34.074275666546896,-118.66052349344197,0.140625,744,0.46830000000000005,42.12660217285156,10,1.7100000381469727,0.0,0.004540000110864639,18.0,286.5,290.1000061035156,5.099999904632568,67.0
34.0761,-118.59346,355.32,0.56,0.52,2025-01-08,2021,N21,VIIRS,n,2.0NRT,311.77,94.43,D,2025-01-08 20:21:00,0.002033496803043334,0.0016843334531081568,34.0777843334531,-118.59549349680303,34.0777843334531,-118.59142650319696,34.07441566654689,-118.59142650319696,34.07441566654689,-118.59549349680303,0.140625,363,0.5322,349.26922607421875,10,1.5299999713897705,0.0,0.004559999797493219,24.0,287.8999938964844,292.79998779296875,5.0,55.0
34.07619,-118.52895,325.91,0.56,0.51,2025-01-08,2021,N21,VIIRS,n,2.0NRT,292.36,15.97,D,2025-01-08 20:21:00,0.002033498963747786,0.0016843334531081568,34.0778743334531,-118.53098349896375,34.0778743334531,-118.52691650103624,34.07450566654689,-118.52691650103624,34.07450566654689,-118.53098349896375,0.140625,441,0.2083,0.6009742021560669,10,1.850000023841858,0.0,0.004910000134259462,24.0,286.79998779296875,293.6000061035156,4.699999809265137,50.0
34.07682,-118.54755,341.36,0.56,0.52,2025-01-08,2021,N21,VIIRS,n,2.0NRT,295.66,34.0,D,2025-01-08 20:21:00,0.002033514088948011,0.0016843334531081568,34.078504333453104,-118.54958351408895,34.078504333453104,-118.54551648591105,34.07513566654689,-118.54551648591105,34.07513566654689,-118.54958351408895,0.140625,459,0.2436,538.1364135742188,10,1.6399999856948853,0.0,0.004780000075697899,24.0,287.3999938964844,292.1000061035156,4.800000190734863,59.0
34.07683,-118.56885,351.99,0.56,0.52,2025-01-08,2021,N21,VIIRS,n,2.0NRT,293.95,36.7,D,2025-01-08 20:21:00,0.0020335143290343507,0.0016843334531081568,34.07851433345311,-118.57088351432903,34.07851433345311,-118.56681648567097,34.075145666546895,-118.56681648567097,34.075145666546895,-118.57088351432903,0.140625,222,0.29700000000000004,467.368896484375,10,1.6399999856948853,0.0,0.004780000075697899,24.0,287.3999938964844,292.1000061035156,4.800000190734863,59.0
34.07734,-118.52396,355.13,0.56,0.51,2025-01-08,2021,N21,VIIRS,n,2.0NRT,303.41,15.97,D,2025-01-08 20:21:00,0.002033526573594981,0.0016843334531081568,34.079024333453106,-118.5259935265736,34.079024333453106,-118.5219264734264,34.07565566654689,-118.5219264734264,34.07565566654689,-118.5259935265736,0.140625,274,0.2321,0.45553675293922424,10,1.850000023841858,0.0,0.004910000134259462,24.0,286.79998779296875,293.6000061035156,4.699999809265137,50.0
34.07747,-118.58749,367.0,0.56,0.52,2025-01-08,2021,N21,VIIRS,l,2.0NRT,338.71,94.43,D,2025-01-08 20:21:00,0.002033529694806848,0.0016843334531081568,34.079154333453104,-118.58952352969482,34.079154333453104,-118.58545647030519,34.07578566654689,-118.58545647030519,34.07578566654689,-118.58952352969482,0.140625,251,0.2619,1.8366374969482422,10,1.5299999713897705,0.0,0.004559999797493219,24.0,287.8999938964844,292.79998779296875,5.0,55.0
34.07822,-118.56284,345.0,0.56,0.52,2025-01-08,2021,N21,VIIRS,n,2.0NRT,296.96,36.7,D,2025-01-08 20:21:00,0.0020335477021899027,0.0016843334531081568,34.07990433345311,-118.56487354770218,34.07990433345311,-118.56080645229781,34.076535666546896,-118.56080645229781,34.076535666546896,-118.56487354770218,0.140625,335,0.25520000000000004,1176.1966552734375,10,1.6399999856948853,0.0,0.004780000075697899,24.0,287.3999938964844,292.1000061035156,4.800000190734863,59.0
34.07853,-118.51881,352.53,0.56,0.51,2025-01-08,2021,N21,VIIRS,n,2.0NRT,309.93,132.04,D,2025-01-08 20:21:00,0.002033555145436495,0.0016843334531081568,34.08021433345311,-118.52084355514543,34.08021433345311,-118.51677644485457,34.076845666546895,-118.51677644485457,34.076845666546895,-118.52084355514543,0.140625,244,0.3044,55.50264358520508,10,1.850000023841858,0.0,0.004910000134259462,24.0,286.79998779296875,293.6000061035156,4.699999809265137,50.0
34.07865,-118.6468,367.0,0.57,0.52,2025-01-08,2021,N21,VIIRS,h,2.0NRT,338.4,95.15,D,2025-01-08 20:21:00,0.0020335580267238514,0.0016843334531081568,34.08033433345311,-118.64883355802672,34.08033433345311,-118.64476644197327,34.0769656665469,-118.64476644197327,34.0769656665469,-118.64883355802672,0.140625,699,0.384,42.58370590209961,10,1.7100000381469727,0.0,0.004540000110864639,18.0,286.5,290.1000061035156,5.099999904632568,67.0
34.07898,-118.58096,340.57,0.56,0.52,2025-01-08,2021,N21,VIIRS,n,2.0NRT,308.77,31.06,D,2025-01-08 20:21:00,0.0020335659503521756,0.0016843334531081568,34.08066433345311,-118.58299356595036,34.08066433345311,-118.57892643404965,34.077295666546895,-118.57892643404965,34.077295666546895,-118.58299356595036,0.140625,308,0.2657,16.355701446533203,10,1.6399999856948853,0.0,0.004780000075697899,24.0,287.3999938964844,292.1000061035156,4.800000190734863,59.0
34.07914,-118.66624,334.67,0.57,0.52,2025-01-08,2021,N21,VIIRS,n,2.0NRT,290.84,5.08,D,2025-01-08 20:21:00,0.002033569792157873,0.0016843334531081568,34.08082433345311,-118.66827356979216,34.08082433345311,-118.66420643020784,34.077455666546896,-118.66420643020784,34.077455666546896,-118.66827356979216,0.140625,571,0.4268,24.989290237426758,10,2.0399999618530273,0.0,0.004619999788701534,18.0,286.3999938964844,290.79998779296875,5.199999809265137,65.0
34.07988,-118.55563,345.21,0.56,0.52,2025-01-08,2021,N21,VIIRS,n,2.0NRT,299.91,34.0,D,2025-01-08 20:21:00,0.0020335875609043285,0.0016843334531081568,34.08156433345311,-118.5576635875609,34.08156433345311,-118.55359641243909,34.0781956665469,-118.55359641243909,34.0781956665469,-118.5576635875609,0.140625,335,0.25520000000000004,1176.1966552734375,10,1.6399999856948853,0.0,0.004780000075697899,24.0,287.3999938964844,292.1000061035156,4.800000190734863,59.0
34.08002,-118.64085,367.0,0.57,0.52,2025-01-08,2021,N21,VIIRS,h,2.0NRT,344.97,83.51,D,2025-01-08 20:21:00,0.0020335909226321526,0.0016843334531081568,34.081704333453104,-118.64288359092264,34.081704333453104,-118.63881640907736,34.07833566654689,-118.63881640907736,34.07833566654689,-118.64288359092264,0.140625,625,0.30760000000000004,30.51580047607422,10,1.7100000381469727,0.0,0.004540000110864639,18.0,286.5,290.1000061035156,5.099999904632568,67.0
34.08023,-118.57552,340.88,0.56,0.52,2025-01-08,2021,N21,VIIRS,n,2.0NRT,292.78,31.06,D,2025-01-08 20:21:00,0.002033595965267495,0.0016843334531081568,34.081914333453106,-118.57755359596527,34.081914333453106,-118.57348640403472,34.078545666546894,-118.57348640403472,34.078545666546894,-118.57755359596527,0.140625,308,0.2657,16.355701446533203,10,1.6399999856948853,0.0,0.004780000075697899,24.0,287.3999938964844,292.1000061035156,4.800000190734863,59.0
34.08138,-118.63498,337.42,0.57,0.52,2025-01-08,2021,N21,VIIRS,n,2.0NRT,293.11,83.51,D,2025-01-08 20:21:00,0.002033623580627027,0.0016843334531081568,34.08306433345311,-118.63701362358063,34.08306433345311,-118.63294637641937,34.0796956665469,-118.63294637641937,34.0796956665469,-118.63701362358063,0.140625,605,0.5508000000000001,45.48933792114258,10,1.7100000381469727,0.0,0.004540000110864639,18.0,286.5,290.1000061035156,5.099999904632568,67.0
34.08195,-118.52534,367.0,0.56,0.51,2025-01-08,2021,N21,VIIRS,l,2.0NRT,326.44,427.7,D,2025-01-08 20:21:00,0.0020336372688216867,0.0016843334531081568,34.083634333453105,-118.52737363726882,34.083634333453105,-118.52330636273118,34.08026566654689,-118.52330636273118,34.08026566654689,-118.52737363726882,0.140625,274,0.2321,0.45553675293922424,10,1.850000023841858,0.0,0.004910000134259462,24.0,286.79998779296875,293.6000061035156,4.699999809265137,50.0
34.08214,-118.58869,367.0,0.56,0.52,2025-01-08,2021,N21,VIIRS,h,2.0NRT,338.64,94.43,D,2025-01-08 20:21:00,0.0020336418316389154,0.0016843334531081568,34.08382433345311,-118.59072364183164,34.08382433345311,-118.58665635816836,34.0804556665469,-118.58665635816836,34.0804556665469,-118.59072364183164,0.140625,251,0.2619,1.8366374969482422,10,1.5299999713897705,0.0,0.004559999797493219,24.0,287.8999938964844,292.79998779296875,5.0,55.0
34.08287,-118.56411,207.38,0.56,0.52,2025-01-08,2021,N21,VIIRS,l,2.0NRT,322.97,95.7,D,2025-01-08 20:21:00,0.0020336593628614884,0.0016843334531081568,34.084554333453106,-118.56614365936287,34.084554333453106,-118.56207634063713,34.081185666546894,-118.56207634063713,34.081185666546894,-118.56614365936287,0.140625,335,0.25520000000000004,1176.1966552734375,10,1.6399999856948853,0.0,0.004780000075697899,24.0,287.3999938964844,292.1000061035156,4.800000190734863,59.0
34.08354,-118.58262,338.34,0.56,0.52,2025-01-08,2021,N21,VIIRS,n,2.0NRT,291.73,31.06,D,2025-01-08 20:21:00,0.0020336754537182205,0.0016843334531081568,34.085224333453105,-118.58465367545372,34.085224333453105,-118.58058632454629,34.08185566654689,-118.58058632454629,34.08185566654689,-118.58465367545372,0.140625,251,0.2619,1.8366374969482422,10,1.5299999713897705,0.0,0.004559999797493219,24.0,287.8999938964844,292.79998779296875,5.0,55.0
34.08411,-118.53733,344.11,0.56,0.52,2025-01-08,2021,N21,VIIRS,n,2.0NRT,299.54,35.55,D,2025-01-08 20:21:00,0.002033689143373938,0.0016843334531081568,34.08579433345311,-118.53936368914337,34.08579433345311,-118.53529631085662,34.0824256665469,-118.53529631085662,34.0824256665469,-118.53936368914337,0.140625,342,0.2156,0.6009741425514221,10,1.1799999475479126,0.0,0.00443999981507659,24.0,286.29998779296875,291.5,5.099999904632568,65.0
34.08454,-118.55684,354.99,0.56,0.52,2025-01-08,2021,N21,VIIRS,n,2.0NRT,303.43,173.57,D,2025-01-08 20:21:00,0.00203369947091323,0.0016843334531081568,34.0862243334531,-118.55887369947091,34.0862243334531,-118.55480630052908,34.08285566654689,-118.55480630052908,34.08285566654689,-118.55887369947091,0.140625,434,0.233,10.674381256103516,10,0.8999999761581421,0.0,0.004209999926388264,24.0,286.3999938964844,290.5,5.300000190734863,67.0
34.08455,-118.64274,328.08,0.57,0.52,2025-01-08,2021,N21,VIIRS,n,2.0NRT,289.49,3.18,D,2025-01-08 20:21:00,0.0020336997110911737,0.0016843334531081568,34.086234333453106,-118.6447736997111,34.086234333453106,-118.64070630028891,34.082865666546894,-118.64070630028891,34.082865666546894,-118.6447736997111,0.140625,654,0.661,22.943681716918945,10,1.5800000429153442,0.0,0.003980000037699938,18.0,287.20001220703125,290.0,5.5,70.0
34.08529,-118.53223,367.0,0.56,0.51,2025-01-08,2021,N21,VIIRS,l,2.0NRT,351.92,427.7,D,2025-01-08 20:21:00,0.0020337174845883195,0.0016843334531081568,34.08697433345311,-118.53426371748459,34.08697433345311,-118.5301962825154,34.083605666546894,-118.5301962825154,34.083605666546894,-118.53426371748459,0.140625,342,0.2156,0.6009741425514221,10,1.1799999475479126,0.0,0.00443999981507659,24.0,286.29998779296875,291.5,5.099999904632568,65.0
34.08612,-118.55003,340.2,0.56,0.52,2025-01-08,2021,N21,VIIRS,n,2.0NRT,297.58,173.57,D,2025-01-08 20:21:00,0.002033737420500295,0.0016843334531081568,34.08780433345311,-118.55206373742051,34.08780433345311,-118.5479962625795,34.084435666546895,-118.5479962625795,34.084435666546895,-118.55206373742051,0.140625,507,0.2151,8.477612495422363,10,0.8999999761581421,0.0,0.004209999926388264,24.0,286.3999938964844,290.5,5.300000190734863,67.0
34.08649,-118.52701,346.3,0.56,0.51,2025-01-08,2021,N21,VIIRS,n,2.0NRT,317.83,427.7,D,2025-01-08 20:21:00,0.0020337463078570726,0.0016843334531081568,34.088174333453104,-118.52904374630786,34.088174333453104,-118.52497625369215,34.08480566654689,-118.52497625369215,34.08480566654689,-118.52904374630786,0.140625,278,0.2156,0.4342634677886963,10,1.1799999475479126,0.0,0.00443999981507659,24.0,286.29998779296875,291.5,5.099999904632568,65.0
34.08753,-118.56531,330.47,0.56,0.52,2025-01-08,2021,N21,VIIRS,n,2.0NRT,293.45,95.7,D,2025-01-08 20:21:00,0.00203377128940583,0.0016843334531081568,34.08921433345311,-118.5673437712894,34.08921433345311,-118.56327622871059,34.085845666546895,-118.56327622871059,34.085845666546895,-118.5673437712894,0.140625,283,0.3778,16.49759292602539,10,0.8999999761581421,0.0,0.004209999926388264,24.0,286.3999938964844,290.5,5.300000190734863,67.0
34.08872,-118.53871,345.16,0.56,0.52,2025-01-08,2021,N21,VIIRS,n,2.0NRT,313.47,91.09,D,2025-01-08 20:21:00,0.0020337998756375097,0.0016843334531081568,34.09040433345311,-118.54074379987563,34.09040433345311,-118.53667620012436,34.087035666546896,-118.53667620012436,34.087035666546896,-118.54074379987563,0.140625,452,0.2129,0.9667723774909973,10,0.8999999761581421,0.0,0.004209999926388264,24.0,286.3999938964844,290.5,5.300000190734863,67.0
34.0892,-118.55805,341.53,0.56,0.52,2025-01-08,2021,N21,VIIRS,n,2.0NRT,307.58,173.57,D,2025-01-08 20:21:00,0.002033811406694113,0.0016843334531081568,34.090884333453104,-118.56008381140668,34.090884333453104,-118.5560161885933,34.08751566654689,-118.5560161885933,34.08751566654689,-118.56008381140668,0.140625,434,0.233,10.674381256103516,10,0.8999999761581421,0.0,0.004209999926388264,24.0,286.3999938964844,290.5,5.300000190734863,67.0
34.08989,-118.53367,351.59,0.56,0.51,2025-01-08,2021,N21,VIIRS,n,2.0NRT,301.28,59.18,D,2025-01-08 20:21:00,0.0020338279830671374,0.0016843334531081568,34.0915743334531,-118.53570382798307,34.0915743334531,-118.53163617201693,34.08820566654689,-118.53163617201693,34.08820566654689,-118.53570382798307,0.140625,342,0.2156,0.6009741425514221,10,1.1799999475479126,0.0,0.00443999981507659,24.0,286.29998779296875,291.5,5.099999904632568,65.0
34.09078,-118.55121,367.0,0.56,0.52,2025-01-08,2021,N21,VIIRS,h,2.0NRT,362.12,173.57,D,2025-01-08 20:21:00,0.002033849365020619,0.0016843334531081568,34.09246433345311,-118.55324384936502,34.09246433345311,-118.54917615063498,34.089095666546896,-118.54917615063498,34.089095666546896,-118.55324384936502,0.140625,507,0.2151,8.477612495422363,10,0.8999999761581421,0.0,0.004209999926388264,24.0,286.3999938964844,290.5,5.300000190734863,67.0
34.09214,-118.54531,339.98,0.56,0.52,2025-01-08,2021,N21,VIIRS,n,2.0NRT,291.6,91.09,D,2025-01-08 20:21:00,0.002033882040383864,0.0016843334531081568,34.09382433345311,-118.54734388204038,34.09382433345311,-118.54327611795962,34.090455666546895,-118.54327611795962,34.090455666546895,-118.54734388204038,0.140625,452,0.2129,0.9667723774909973,10,0.8999999761581421,0.0,0.004209999926388264,24.0,286.3999938964844,290.5,5.300000190734863,67.0
34.09334,-118.54011,338.77,0.56,0.52,2025-01-08,2021,N21,VIIRS,n,2.0NRT,293.36,91.09,D,2025-01-08 20:21:00,0.0020339108734103027,0.0016843334531081568,34.095024333453104,-118.5421439108734,34.095024333453104,-118.53807608912659,34.09165566654689,-118.53807608912659,34.09165566654689,-118.5421439108734,0.140625,420,0.19390000000000002,0.9146744608879089,10,0.8999999761581421,0.0,0.004209999926388264,24.0,286.3999938964844,290.5,5.300000190734863,67.0
34.03102,-118.51888,336.99,0.78,0.78,2025-01-08,2201,N21,VIIRS,n,2.0NRT,286.39,5.55,D,2025-01-08 22:01:00,0.0020324157371544825,0.0016843334531081568,34.032704333453104,-118.52091241573714,34.032704333453104,-118.51684758426285,34.02933566654689,-118.51684758426285,34.02933566654689,-118.52091241573714,0.140625,54,0.3825,1528.7406005859375,10,2.7200000286102295,0.0,0.005260000005364418,24.0,285.20001220703125,294.1000061035156,4.400000095367432,48.0
34.03373,-118.52235,330.09,0.78,0.78,2025-01-08,2201,N21,VIIRS,n,2.0NRT,286.58,6.97,D,2025-01-08 22:01:00,0.0020324806577958834,0.0016843334531081568,34.035414333453105,-118.52438248065779,34.035414333453105,-118.52031751934221,34.03204566654689,-118.52031751934221,34.03204566654689,-118.52438248065779,0.140625,39,0.23470000000000002,1522.534912109375,50,2.7200000286102295,0.0,0.005260000005364418,24.0,285.20001220703125,294.1000061035156,4.400000095367432,48.0
34.03798,-118.52864,327.98,0.78,0.78,2025-01-08,2201,N21,VIIRS,n,2.0NRT,285.1,31.47,D,2025-01-08 22:01:00,0.002032582488120513,0.0016843334531081568,34.0396643334531,-118.53067258248812,34.0396643334531,-118.52660741751187,34.03629566654689,-118.52660741751187,34.03629566654689,-118.53067258248812,0.140625,17,0.2081,1795.9462890625,10,2.7200000286102295,0.0,0.005260000005364418,24.0,285.20001220703125,294.1000061035156,4.400000095367432,48.0
34.04044,-118.54777,356.0,0.78,0.78,2025-01-08,2201,N21,VIIRS,l,2.0NRT,288.49,33.17,D,2025-01-08 22:01:00,0.002032641439681377,0.0016843334531081568,34.0421243334531,-118.54980264143968,34.0421243334531,-118.54573735856032,34.03875566654689,-118.54573735856032,34.03875566654689,-118.54980264143968,0.140625,39,0.3049,851.7344360351562,10,,0.0,0.005200000014156103,24.0,286.0,294.79998779296875,4.5,49.0
34.0406,-118.53956,367.0,0.78,0.78,2025-01-08,2201,N21,VIIRS,h,2.0NRT,290.4,33.17,D,2025-01-08 22:01:00,0.0020326452741774585,0.0016843334531081568,34.042284333453104,-118.54159264527418,34.042284333453104,-118.53752735472581,34.03891566654689,-118.53752735472581,34.03891566654689,-118.54159264527418,0.140625,56,0.3049,2464.794921875,10,,0.0,0.005200000014156103,24.0,286.0,294.79998779296875,4.5,49.0
34.04074,-118.53184,348.85,0.78,0.78,2025-01-08,2201,N21,VIIRS,n,2.0NRT,286.95,30.58,D,2025-01-08 22:01:00,0.0020326486293864004,0.0016843334531081568,34.042424333453106,-118.53387264862938,34.042424333453106,-118.52980735137062,34.03905566654689,-118.52980735137062,34.03905566654689,-118.53387264862938,0.140625,86,0.2341,1907.6650390625,50,2.7200000286102295,0.0,0.005260000005364418,24.0,285.20001220703125,294.1000061035156,4.400000095367432,48.0
34.0409,-118.52362,336.05,0.78,0.78,2025-01-08,2201,N21,VIIRS,n,2.0NRT,288.93,30.58,D,2025-01-08 22:01:00,0.0020326524639393286,0.0016843334531081568,34.04258433345311,-118.52565265246393,34.04258433345311,-118.52158734753606,34.039215666546895,-118.52158734753606,34.039215666546895,-118.52565265246393,0.140625,86,0.2409,2909.494873046875,50,2.7200000286102295,0.0,0.005260000005364418,24.0,285.20001220703125,294.1000061035156,4.400000095367432,48.0
34.04454,-118.55419,345.15,0.78,0.78,2025-01-08,2201,N21,VIIRS,n,2.0NRT,285.49,28.88,D,2025-01-08 22:01:00,0.002032739708209702,0.0016843334531081568,34.046224333453104,-118.55622273970822,34.046224333453104,-118.55215726029179,34.04285566654689,-118.55215726029179,34.04285566654689,-118.55622273970822,0.140625,39,0.3049,851.7344360351562,10,,0.0,0.005200000014156103,24.0,286.0,294.79998779296875,4.5,49.0
34.04473,-118.54621,367.0,0.78,0.78,2025-01-08,2201,N21,VIIRS,h,2.0NRT,294.72,62.05,D,2025-01-08 22:01:00,0.002032744262599838,0.0016843334531081568,34.04641433345311,-118.54824274426261,34.04641433345311,-118.5441772557374,34.043045666546895,-118.5441772557374,34.043045666546895,-118.54824274426261,0.140625,56,0.3049,2464.794921875,10,,0.0,0.005200000014156103,24.0,286.0,294.79998779296875,4.5,49.0
34.04494,-118.53767,367.0,0.78,0.78,2025-01-08,2201,N21,VIIRS,h,2.0NRT,301.54,62.05,D,2025-01-08 22:01:00,0.002032749296449213,0.0016843334531081568,34.0466243334531,-118.53970274929645,34.0466243334531,-118.53563725070356,34.04325566654689,-118.53563725070356,34.04325566654689,-118.53970274929645,0.140625,56,0.3049,2464.794921875,10,,0.0,0.005200000014156103,24.0,286.0,294.79998779296875,4.5,49.0
34.04514,-118.52936,367.0,0.78,0.78,2025-01-08,2201,N21,VIIRS,h,2.0NRT,292.95,31.47,D,2025-01-08 22:01:00,0.002032754090640042,0.0016843334531081568,34.04682433345311,-118.53139275409063,34.04682433345311,-118.52732724590936,34.0434556665469,-118.52732724590936,34.0434556665469,-118.53139275409063,0.140625,86,0.2341,1907.6650390625,50,2.7200000286102295,0.0,0.005260000005364418,24.0,285.20001220703125,294.1000061035156,4.400000095367432,48.0
34.04534,-118.52109,343.76,0.78,0.78,2025-01-08,2201,N21,VIIRS,n,2.0NRT,291.84,31.47,D,2025-01-08 22:01:00,0.002032758884878253,0.0016843334531081568,34.04702433345311,-118.52312275888488,34.04702433345311,-118.51905724111512,34.0436556665469,-118.51905724111512,34.0436556665469,-118.52312275888488,0.140625,86,0.2409,2909.494873046875,50,2.7200000286102295,0.0,0.005260000005364418,24.0,285.20001220703125,294.1000061035156,4.400000095367432,48.0
34.04758,-118.55003,367.0,0.78,0.78,2025-01-08,2201,N21,VIIRS,h,2.0NRT,290.54,33.17,D,2025-01-08 22:01:00,0.0020328125835835363,0.0016843334531081568,34.04926433345311,-118.55206281258359,34.04926433345311,-118.54799718741643,34.0458956665469,-118.54799718741643,34.0458956665469,-118.55206281258359,0.140625,39,0.3049,851.7344360351562,10,,0.0,0.005200000014156103,24.0,286.0,294.79998779296875,4.5,49.0
34.04774,-118.54153,367.0,0.78,0.78,2025-01-08,2201,N21,VIIRS,h,2.0NRT,298.8,33.17,D,2025-01-08 22:01:00,0.0020328164194327973,0.0016843334531081568,34.0494243334531,-118.54356281641942,34.0494243334531,-118.53949718358056,34.04605566654689,-118.53949718358056,34.04605566654689,-118.54356281641942,0.140625,56,0.3049,2464.794921875,10,,0.0,0.005200000014156103,24.0,286.0,294.79998779296875,4.5,49.0
34.0479,-118.53282,355.54,0.78,0.78,2025-01-08,2201,N21,VIIRS,l,2.0NRT,289.66,30.58,D,2025-01-08 22:01:00,0.002032820255312388,0.0016843334531081568,34.049584333453105,-118.53485282025531,34.049584333453105,-118.53078717974469,34.04621566654689,-118.53078717974469,34.04621566654689,-118.53485282025531,0.140625,108,0.26480000000000004,917.6705322265625,50,1.850000023841858,0.0,0.004910000134259462,24.0,286.79998779296875,293.6000061035156,4.699999809265137,50.0
34.04806,-118.52471,367.0,0.78,0.78,2025-01-08,2201,N21,VIIRS,h,2.0NRT,292.22,30.58,D,2025-01-08 22:01:00,0.002032824091222307,0.0016843334531081568,34.049744333453106,-118.52674282409122,34.049744333453106,-118.52267717590878,34.04637566654689,-118.52267717590878,34.04637566654689,-118.52674282409122,0.140625,120,0.26480000000000004,1493.949951171875,50,1.850000023841858,0.0,0.004910000134259462,24.0,286.79998779296875,293.6000061035156,4.699999809265137,50.0
34.04822,-118.51601,330.81,0.78,0.78,2025-01-08,2201,N21,VIIRS,n,2.0NRT,290.96,17.62,D,2025-01-08 22:01:00,0.002032827927162555,0.0016843334531081568,34.04990433345311,-118.51804282792716,34.04990433345311,-118.51397717207283,34.046535666546895,-118.51397717207283,34.046535666546895,-118.51804282792716,0.140625,101,0.2454,211.2073211669922,10,1.850000023841858,0.0,0.004910000134259462,24.0,286.79998779296875,293.6000061035156,4.699999809265137,50.0
34.05186,-118.54803,347.91,0.78,0.78,2025-01-08,2201,N21,VIIRS,n,2.0NRT,288.47,17.16,D,2025-01-08 22:01:00,0.0020329152029973153,0.0016843334531081568,34.053544333453104,-118.550062915203,34.053544333453104,-118.545997084797,34.05017566654689,-118.545997084797,34.05017566654689,-118.550062915203,0.140625,120,0.2564,341.0213317871094,10,1.6399999856948853,0.0,0.004780000075697899,24.0,287.3999938964844,292.1000061035156,4.800000190734863,59.0
34.05207,-118.53944,355.29,0.78,0.78,2025-01-08,2201,N21,VIIRS,n,2.0NRT,290.17,17.16,D,2025-01-08 22:01:00,0.002032920238620616,0.0016843334531081568,34.05375433345311,-118.54147292023862,34.05375433345311,-118.53740707976138,34.050385666546894,-118.53740707976138,34.050385666546894,-118.54147292023862,0.140625,105,0.2659,1420.3568115234375,10,1.6399999856948853,0.0,0.004780000075697899,24.0,287.3999938964844,292.1000061035156,4.800000190734863,59.0
34.05249,-118.52258,326.38,0.78,0.78,2025-01-08,2201,N21,VIIRS,n,2.0NRT,288.67,13.61,D,2025-01-08 22:01:00,0.002032930310023989,0.0016843334531081568,34.054174333453105,-118.52461293031003,34.054174333453105,-118.52054706968998,34.05080566654689,-118.52054706968998,34.05080566654689,-118.52461293031003,0.140625,120,0.26480000000000004,1493.949951171875,50,1.850000023841858,0.0,0.004910000134259462,24.0,286.79998779296875,293.6000061035156,4.699999809265137,50.0
34.05488,-118.5437,343.6,0.78,0.78,2025-01-08,2201,N21,VIIRS,n,2.0NRT,287.8,14.42,D,2025-01-08 22:01:00,0.00203298762508432,0.0016843334531081568,34.0565643334531,-118.54573298762509,34.0565643334531,-118.54166701237492,34.05319566654689,-118.54166701237492,34.05319566654689,-118.54573298762509,0.140625,105,0.2659,1420.3568115234375,10,1.6399999856948853,0.0,0.004780000075697899,24.0,287.3999938964844,292.1000061035156,4.800000190734863,59.0
34.05898,-118.55041,343.38,0.78,0.78,2025-01-08,2201,N21,VIIRS,n,2.0NRT,286.14,17.16,D,2025-01-08 22:01:00,0.0020330859637589732,0.0016843334531081568,34.060664333453104,-118.55244308596376,34.060664333453104,-118.54837691403624,34.05729566654689,-118.54837691403624,34.05729566654689,-118.55244308596376,0.140625,225,0.2838,445.96746826171875,10,1.6399999856948853,0.0,0.004780000075697899,24.0,287.3999938964844,292.1000061035156,4.800000190734863,59.0
34.06201,-118.54633,330.39,0.78,0.78,2025-01-08,2201,N21,VIIRS,n,2.0NRT,287.83,14.42,D,2025-01-08 22:01:00,0.002033158651241902,0.0016843334531081568,34.06369433345311,-118.54836315865124,34.06369433345311,-118.54429684134875,34.060325666546895,-118.54429684134875,34.060325666546895,-118.54836315865124,0.140625,202,0.25720000000000004,682.1331787109375,10,1.6399999856948853,0.0,0.004780000075697899,24.0,287.3999938964844,292.1000061035156,4.800000190734863,59.0
34.06588,-118.5608,333.22,0.78,0.78,2025-01-08,2201,N21,VIIRS,n,2.0NRT,287.84,51.19,D,2025-01-08 22:01:00,0.0020332515055388758,0.0016843334531081568,34.067564333453106,-118.56283325150554,34.067564333453106,-118.55876674849446,34.064195666546894,-118.55876674849446,34.064195666546894,-118.56283325150554,0.140625,258,0.2856,989.7855224609375,10,1.6399999856948853,0.0,0.004780000075697899,24.0,287.3999938964844,292.1000061035156,4.800000190734863,59.0
34.06609,-118.55255,344.95,0.78,0.78,2025-01-08,2201,N21,VIIRS,n,2.0NRT,287.9,34.22,D,2025-01-08 22:01:00,0.002033256544652079,0.0016843334531081568,34.06777433345311,-118.55458325654465,34.06777433345311,-118.55051674345535,34.0644056665469,-118.55051674345535,34.0644056665469,-118.55458325654465,0.140625,335,0.278,1099.7293701171875,50,1.6399999856948853,0.0,0.004780000075697899,24.0,287.3999938964844,292.1000061035156,4.800000190734863,59.0
34.06784,-118.61338,332.18,0.77,0.78,2025-01-08,2201,N21,VIIRS,n,2.0NRT,291.11,13.26,D,2025-01-08 22:01:00,0.002033298539295717,0.0016843334531081568,34.0695243334531,-118.61541329853931,34.0695243334531,-118.6113467014607,34.06615566654689,-118.6113467014607,34.06615566654689,-118.61541329853931,0.140625,524,0.3655,127.57647705078125,10,1.5299999713897705,0.0,0.004559999797493219,24.0,287.8999938964844,292.79998779296875,5.0,55.0
34.06884,-118.56359,367.0,0.78,0.78,2025-01-08,2201,N21,VIIRS,h,2.0NRT,292.29,100.46,D,2025-01-08 22:01:00,0.002033322537865462,0.0016843334531081568,34.07052433345311,-118.56562332253787,34.07052433345311,-118.56155667746214,34.067155666546896,-118.56155667746214,34.067155666546896,-118.56562332253787,0.140625,258,0.2856,989.7855224609375,10,1.6399999856948853,0.0,0.004780000075697899,24.0,287.3999938964844,292.1000061035156,4.800000190734863,59.0
34.06899,-118.55594,355.71,0.78,0.78,2025-01-08,2201,N21,VIIRS,l,2.0NRT,288.88,39.71,D,2025-01-08 22:01:00,0.002033326137753207,0.0016843334531081568,34.070674333453105,-118.55797332613776,34.070674333453105,-118.55390667386226,34.06730566654689,-118.55390667386226,34.06730566654689,-118.55797332613776,0.140625,258,0.2856,989.7855224609375,10,1.6399999856948853,0.0,0.004780000075697899,24.0,287.3999938964844,292.1000061035156,4.800000190734863,59.0
34.06913,-118.54908,354.78,0.78,0.78,2025-01-08,2201,N21,VIIRS,n,2.0NRT,291.25,39.71,D,2025-01-08 22:01:00,0.0020333294976725095,0.0016843334531081568,34.07081433345311,-118.55111332949768,34.07081433345311,-118.54704667050233,34.067445666546895,-118.54704667050233,34.067445666546895,-118.55111332949768,0.140625,335,0.278,1099.7293701171875,50,1.6399999856948853,0.0,0.004780000075697899,24.0,287.3999938964844,292.1000061035156,4.800000190734863,59.0
34.0715,-118.62055,336.57,0.77,0.78,2025-01-08,2201,N21,VIIRS,n,2.0NRT,293.28,20.99,D,2025-01-08 22:01:00,0.002033386379833892,0.0016843334531081568,34.073184333453106,-118.62258338637983,34.073184333453106,-118.61851661362016,34.069815666546894,-118.61851661362016,34.069815666546894,-118.62258338637983,0.140625,519,0.2692,100.45793151855469,10,1.7100000381469727,0.0,0.004540000110864639,18.0,286.5,290.1000061035156,5.099999904632568,67.0
34.07177,-118.61021,345.58,0.77,0.78,2025-01-08,2201,N21,VIIRS,n,2.0NRT,288.16,15.3,D,2025-01-08 22:01:00,0.002033392860502822,0.0016843334531081568,34.07345433345311,-118.61224339286049,34.07345433345311,-118.6081766071395,34.070085666546895,-118.6081766071395,34.070085666546895,-118.61224339286049,0.140625,524,0.3655,127.57647705078125,10,1.5299999713897705,0.0,0.004559999797493219,24.0,287.8999938964844,292.79998779296875,5.0,55.0
34.07209,-118.59771,331.41,0.78,0.78,2025-01-08,2201,N21,VIIRS,n,2.0NRT,285.54,15.3,D,2025-01-08 22:01:00,0.0020334005414075935,0.0016843334531081568,34.07377433345311,-118.59974340054141,34.07377433345311,-118.5956765994586,34.0704056665469,-118.5956765994586,34.0704056665469,-118.59974340054141,0.140625,482,0.4087,23.05508041381836,10,1.5299999713897705,0.0,0.004559999797493219,24.0,287.8999938964844,292.79998779296875,5.0,55.0
34.07239,-118.5864,335.89,0.78,0.78,2025-01-08,2201,N21,VIIRS,n,2.0NRT,291.77,20.84,D,2025-01-08 22:01:00,0.0020334077423661227,0.0016843334531081568,34.074074333453105,-118.58843340774236,34.074074333453105,-118.58436659225764,34.07070566654689,-118.58436659225764,34.07070566654689,-118.58843340774236,0.140625,307,0.19840000000000002,6.94420051574707,10,1.5299999713897705,0.0,0.004559999797493219,24.0,287.8999938964844,292.79998779296875,5.0,55.0
34.07256,-118.57994,325.28,0.78,0.78,2025-01-08,2201,N21,VIIRS,n,2.0NRT,288.84,20.84,D,2025-01-08 22:01:00,0.0020334118229566743,0.0016843334531081568,34.07424433345311,-118.58197341182294,34.07424433345311,-118.57790658817704,34.0708756665469,-118.57790658817704,34.0708756665469,-118.58197341182294,0.140625,401,0.19460000000000002,2.482085704803467,10,1.6399999856948853,0.0,0.004780000075697899,24.0,287.3999938964844,292.1000061035156,4.800000190734863,59.0
34.07283,-118.56954,348.5,0.78,0.78,2025-01-08,2201,N21,VIIRS,n,2.0NRT,294.5,51.19,D,2025-01-08 22:01:00,0.0020334183039650644,0.0016843334531081568,34.07451433345311,-118.57157341830397,34.07451433345311,-118.56750658169604,34.0711456665469,-118.56750658169604,34.0711456665469,-118.57157341830397,0.140625,284,0.2856,7.91660213470459,10,1.6399999856948853,0.0,0.004780000075697899,24.0,287.3999938964844,292.1000061035156,4.800000190734863,59.0
34.07306,-118.56057,367.0,0.78,0.78,2025-01-08,2201,N21,VIIRS,h,2.0NRT,293.23,51.19,D,2025-01-08 22:01:00,0.0020334238248922664,0.0016843334531081568,34.074744333453104,-118.5626034238249,34.074744333453104,-118.5585365761751,34.07137566654689,-118.5585365761751,34.07137566654689,-118.5626034238249,0.140625,258,0.2856,989.7855224609375,10,1.6399999856948853,0.0,0.004780000075697899,24.0,287.3999938964844,292.1000061035156,4.800000190734863,59.0
34.07322,-118.55424,367.0,0.78,0.78,2025-01-08,2201,N21,VIIRS,h,2.0NRT,292.04,34.22,D,2025-01-08 22:01:00,0.002033427665574284,0.0016843334531081568,34.074904333453105,-118.55627342766557,34.074904333453105,-118.55220657233441,34.07153566654689,-118.55220657233441,34.07153566654689,-118.55627342766557,0.140625,335,0.278,1099.7293701171875,50,1.6399999856948853,0.0,0.004780000075697899,24.0,287.3999938964844,292.1000061035156,4.800000190734863,59.0
34.07339,-118.54761,367.0,0.78,0.78,2025-01-08,2201,N21,VIIRS,h,2.0NRT,291.22,34.22,D,2025-01-08 22:01:00,0.002033431746332199,0.0016843334531081568,34.07507433345311,-118.54964343174633,34.07507433345311,-118.54557656825368,34.0717056665469,-118.54557656825368,34.0717056665469,-118.54964343174633,0.140625,335,0.278,1099.7293701171875,50,1.6399999856948853,0.0,0.004780000075697899,24.0,287.3999938964844,292.1000061035156,4.800000190734863,59.0
34.07413,-118.51846,333.67,0.78,0.78,2025-01-08,2201,N21,VIIRS,n,2.0NRT,289.35,12.17,D,2025-01-08 22:01:00,0.0020334495100307447,0.0016843334531081568,34.0758143334531,-118.52049344951004,34.0758143334531,-118.51642655048997,34.07244566654689,-118.51642655048997,34.07244566654689,-118.52049344951004,0.140625,215,0.2877,8.694796562194824,10,1.850000023841858,0.0,0.004910000134259462,24.0,286.79998779296875,293.6000061035156,4.699999809265137,50.0
34.07444,-118.63951,331.52,0.77,0.77,2025-01-08,2201,N21,VIIRS,n,2.0NRT,271.94,14.73,D,2025-01-08 22:01:00,0.0020334569517731892,0.0016843334531081568,34.07612433345311,-118.64154345695178,34.07612433345311,-118.63747654304822,34.0727556665469,-118.63747654304822,34.0727556665469,-118.64154345695178,0.140625,420,0.2543,45.71382522583008,10,1.7100000381469727,0.0,0.004540000110864639,18.0,286.5,290.1000061035156,5.099999904632568,67.0
34.07497,-118.61421,340.88,0.77,0.78,2025-01-08,2201,N21,VIIRS,n,2.0NRT,285.22,13.26,D,2025-01-08 22:01:00,0.0020334696750162616,0.0016843334531081568,34.07665433345311,-118.61624346967501,34.07665433345311,-118.61217653032499,34.073285666546894,-118.61217653032499,34.073285666546894,-118.61624346967501,0.140625,627,0.6373,48.49842834472656,10,1.5299999713897705,0.0,0.004559999797493219,24.0,287.8999938964844,292.79998779296875,5.0,55.0
34.07524,-118.60108,326.97,0.78,0.78,2025-01-08,2201,N21,VIIRS,n,2.0NRT,282.12,13.26,D,2025-01-08 22:01:00,0.0020334761567965074,0.0016843334531081568,34.07692433345311,-118.60311347615679,34.07692433345311,-118.5990465238432,34.073555666546895,-118.5990465238432,34.073555666546895,-118.60311347615679,0.140625,489,0.6412,697.09130859375,10,1.5299999713897705,0.0,0.004559999797493219,24.0,287.8999938964844,292.79998779296875,5.0,55.0
34.07546,-118.59007,367.0,0.78,0.78,2025-01-08,2201,N21,VIIRS,h,2.0NRT,298.71,30.85,D,2025-01-08 22:01:00,0.0020334814383110183,0.0016843334531081568,34.077144333453106,-118.59210348143831,34.077144333453106,-118.58803651856168,34.073775666546894,-118.58803651856168,34.073775666546894,-118.59210348143831,0.140625,251,0.2619,1.8366374969482422,10,1.5299999713897705,0.0,0.004559999797493219,24.0,287.8999938964844,292.79998779296875,5.0,55.0
34.07561,-118.58289,341.38,0.78,0.78,2025-01-08,2201,N21,VIIRS,n,2.0NRT,294.34,30.85,D,2025-01-08 22:01:00,0.0020334850393765582,0.0016843334531081568,34.0772943334531,-118.58492348503938,34.0772943334531,-118.58085651496063,34.07392566654689,-118.58085651496063,34.07392566654689,-118.58492348503938,0.140625,251,0.2619,1.8366374969482422,10,1.5299999713897705,0.0,0.004559999797493219,24.0,287.8999938964844,292.79998779296875,5.0,55.0
34.0758,-118.57374,326.84,0.78,0.78,2025-01-08,2201,N21,VIIRS,n,2.0NRT,295.59,100.46,D,2025-01-08 22:01:00,0.00203348960076456,0.0016843334531081568,34.07748433345311,-118.57577348960076,34.07748433345311,-118.57170651039924,34.074115666546895,-118.57170651039924,34.074115666546895,-118.57577348960076,0.140625,308,0.2657,16.355701446533203,10,1.6399999856948853,0.0,0.004780000075697899,24.0,287.3999938964844,292.1000061035156,4.800000190734863,59.0
34.076,-118.56389,367.0,0.78,0.78,2025-01-08,2201,N21,VIIRS,h,2.0NRT,300.78,100.46,D,2025-01-08 22:01:00,0.0020334944022718797,0.0016843334531081568,34.07768433345311,-118.56592349440227,34.07768433345311,-118.56185650559773,34.074315666546894,-118.56185650559773,34.074315666546894,-118.56592349440227,0.140625,335,0.25520000000000004,1176.1966552734375,10,1.6399999856948853,0.0,0.004780000075697899,24.0,287.3999938964844,292.1000061035156,4.800000190734863,59.0
34.07614,-118.55725,367.0,0.78,0.78,2025-01-08,2201,N21,VIIRS,h,2.0NRT,294.88,39.71,D,2025-01-08 22:01:00,0.0020334977633552375,0.0016843334531081568,34.07782433345311,-118.55928349776335,34.07782433345311,-118.55521650223665,34.074455666546896,-118.55521650223665,34.074455666546896,-118.55928349776335,0.140625,335,0.25520000000000004,1176.1966552734375,10,1.6399999856948853,0.0,0.004780000075697899,24.0,287.3999938964844,292.1000061035156,4.800000190734863,59.0
34.07627,-118.55099,367.0,0.78,0.78,2025-01-08,2201,N21,VIIRS,h,2.0NRT,291.92,39.71,D,2025-01-08 22:01:00,0.0020335008843820326,0.0016843334531081568,34.07795433345311,-118.55302350088438,34.07795433345311,-118.54895649911562,34.074585666546895,-118.54895649911562,34.074585666546895,-118.55302350088438,0.140625,459,0.2436,538.1364135742188,10,1.6399999856948853,0.0,0.004780000075697899,24.0,287.3999938964844,292.1000061035156,4.800000190734863,59.0
34.07684,-118.52292,367.0,0.78,0.78,2025-01-08,2201,N21,VIIRS,h,2.0NRT,294.04,35.21,D,2025-01-08 22:01:00,0.002033514569120809,0.0016843334531081568,34.0785243334531,-118.52495351456912,34.0785243334531,-118.52088648543088,34.07515566654689,-118.52088648543088,34.07515566654689,-118.52495351456912,0.140625,274,0.2321,0.45553675293922424,10,1.850000023841858,0.0,0.004910000134259462,24.0,286.79998779296875,293.6000061035156,4.699999809265137,50.0
34.07704,-118.51255,349.43,0.78,0.78,2025-01-08,2201,N21,VIIRS,n,2.0NRT,294.25,35.21,D,2025-01-08 22:01:00,0.0020335193708748865,0.0016843334531081568,34.0787243334531,-118.51458351937087,34.0787243334531,-118.51051648062914,34.07535566654689,-118.51051648062914,34.07535566654689,-118.51458351937087,0.140625,244,0.3044,55.50264358520508,10,1.850000023841858,0.0,0.004910000134259462,24.0,286.79998779296875,293.6000061035156,4.699999809265137,50.0
34.08151,-118.64301,354.75,0.77,0.77,2025-01-08,2201,N21,VIIRS,n,2.0NRT,279.38,39.79,D,2025-01-08 22:01:00,0.002033626702462047,0.0016843334531081568,34.08319433345311,-118.64504362670246,34.08319433345311,-118.64097637329755,34.079825666546895,-118.64097637329755,34.079825666546895,-118.64504362670246,0.140625,625,0.30760000000000004,30.51580047607422,10,1.7100000381469727,0.0,0.004540000110864639,18.0,286.5,290.1000061035156,5.099999904632568,67.0
34.08169,-118.63466,355.49,0.77,0.78,2025-01-08,2201,N21,VIIRS,l,2.0NRT,281.29,45.78,D,2025-01-08 22:01:00,0.0020336310250359505,0.0016843334531081568,34.08337433345311,-118.63669363102504,34.08337433345311,-118.63262636897495,34.080005666546896,-118.63262636897495,34.080005666546896,-118.63669363102504,0.140625,605,0.5508000000000001,45.48933792114258,10,1.7100000381469727,0.0,0.004540000110864639,18.0,286.5,290.1000061035156,5.099999904632568,67.0
34.08244,-118.59917,327.64,0.78,0.78,2025-01-08,2201,N21,VIIRS,n,2.0NRT,278.47,32.31,D,2025-01-08 22:01:00,0.0020336490361743905,0.0016843334531081568,34.084124333453104,-118.60120364903618,34.084124333453104,-118.59713635096382,34.08075566654689,-118.59713635096382,34.08075566654689,-118.60120364903618,0.140625,363,0.5322,349.26922607421875,10,1.5299999713897705,0.0,0.004559999797493219,24.0,287.8999938964844,292.79998779296875,5.0,55.0
34.0826,-118.59119,367.0,0.78,0.78,2025-01-08,2201,N21,VIIRS,h,2.0NRT,300.01,73.46,D,2025-01-08 22:01:00,0.002033652878636981,0.0016843334531081568,34.084284333453105,-118.59322365287863,34.084284333453105,-118.58915634712136,34.08091566654689,-118.58915634712136,34.08091566654689,-118.59322365287863,0.140625,251,0.2619,1.8366374969482422,10,1.5299999713897705,0.0,0.004559999797493219,24.0,287.8999938964844,292.79998779296875,5.0,55.0
34.08276,-118.58344,367.0,0.78,0.78,2025-01-08,2201,N21,VIIRS,h,2.0NRT,300.32,73.46,D,2025-01-08 22:01:00,0.0020336567211299496,0.0016843334531081568,34.084444333453106,-118.58547365672112,34.084444333453106,-118.58140634327887,34.081075666546894,-118.58140634327887,34.081075666546894,-118.58547365672112,0.140625,251,0.2619,1.8366374969482422,10,1.5299999713897705,0.0,0.004559999797493219,24.0,287.8999938964844,292.79998779296875,5.0,55.0
34.08297,-118.57333,207.38,0.78,0.78,2025-01-08,2201,N21,VIIRS,l,2.0NRT,308.54,292.35,D,2025-01-08 22:01:00,0.002033661764448075,0.0016843334531081568,34.08465433345311,-118.57536366176444,34.08465433345311,-118.57129633823556,34.0812856665469,-118.57129633823556,34.0812856665469,-118.57536366176444,0.140625,222,0.29700000000000004,467.368896484375,10,1.6399999856948853,0.0,0.004780000075697899,24.0,287.3999938964844,292.1000061035156,4.800000190734863,59.0
34.08315,-118.56491,367.0,0.78,0.78,2025-01-08,2201,N21,VIIRS,l,2.0NRT,331.5,292.35,D,2025-01-08 22:01:00,0.0020336660873338354,0.0016843334531081568,34.08483433345311,-118.56694366608733,34.08483433345311,-118.56287633391267,34.0814656665469,-118.56287633391267,34.0814656665469,-118.56694366608733,0.140625,222,0.29700000000000004,467.368896484375,10,1.6399999856948853,0.0,0.004780000075697899,24.0,287.3999938964844,292.1000061035156,4.800000190734863,59.0
34.08329,-118.55864,367.0,0.78,0.78,2025-01-08,2201,N21,VIIRS,h,2.0NRT,306.88,410.06,D,2025-01-08 22:01:00,0.0020336694496048986,0.0016843334531081568,34.084974333453104,-118.5606736694496,34.084974333453104,-118.5566063305504,34.08160566654689,-118.5566063305504,34.08160566654689,-118.5606736694496,0.140625,335,0.25520000000000004,1176.1966552734375,10,1.6399999856948853,0.0,0.004780000075697899,24.0,287.3999938964844,292.1000061035156,4.800000190734863,59.0
34.08341,-118.55262,345.21,0.78,0.78,2025-01-08,2201,N21,VIIRS,n,2.0NRT,293.16,410.06,D,2025-01-08 22:01:00,0.0020336723315700364,0.0016843334531081568,34.08509433345311,-118.55465367233157,34.08509433345311,-118.55058632766844,34.081725666546895,-118.55058632766844,34.081725666546895,-118.55465367233157,0.140625,459,0.2436,538.1364135742188,10,1.6399999856948853,0.0,0.004780000075697899,24.0,287.3999938964844,292.1000061035156,4.800000190734863,59.0
34.08378,-118.53458,207.38,0.78,0.78,2025-01-08,2201,N21,VIIRS,l,2.0NRT,303.47,225.97,D,2025-01-08 22:01:00,0.00203368121773679,0.0016843334531081568,34.0854643334531,-118.53661368121774,34.0854643334531,-118.53254631878227,34.08209566654689,-118.53254631878227,34.08209566654689,-118.53661368121774,0.140625,342,0.2156,0.6009741425514221,10,1.1799999475479126,0.0,0.00443999981507659,24.0,286.29998779296875,291.5,5.099999904632568,65.0
34.08402,-118.52303,367.0,0.78,0.78,2025-01-08,2201,N21,VIIRS,h,2.0NRT,309.79,97.94,D,2025-01-08 22:01:00,0.0020336869818237168,0.0016843334531081568,34.08570433345311,-118.52506368698182,34.08570433345311,-118.52099631301819,34.082335666546896,-118.52099631301819,34.082335666546896,-118.52506368698182,0.140625,278,0.2156,0.4342634677886963,10,1.1799999475479126,0.0,0.00443999981507659,24.0,286.29998779296875,291.5,5.099999904632568,65.0
34.08419,-118.51447,347.46,0.78,0.78,2025-01-08,2201,N21,VIIRS,n,2.0NRT,291.69,97.94,D,2025-01-08 22:01:00,0.002033691064759982,0.0016843334531081568,34.085874333453106,-118.51650369106476,34.085874333453106,-118.51243630893525,34.08250566654689,-118.51243630893525,34.08250566654689,-118.51650369106476,0.140625,320,0.1986,109.09176635742188,10,1.1799999475479126,0.0,0.00443999981507659,24.0,286.29998779296875,291.5,5.099999904632568,65.0
34.09028,-118.56673,352.58,0.78,0.78,2025-01-08,2201,N21,VIIRS,n,2.0NRT,293.82,292.35,D,2025-01-08 22:01:00,0.002033837352571458,0.0016843334531081568,34.091964333453106,-118.56876383735258,34.091964333453106,-118.56469616264744,34.088595666546894,-118.56469616264744,34.088595666546894,-118.56876383735258,0.140625,283,0.3778,16.49759292602539,10,0.8999999761581421,0.0,0.004209999926388264,24.0,286.3999938964844,290.5,5.300000190734863,67.0
34.09042,-118.5602,367.0,0.78,0.78,2025-01-08,2201,N21,VIIRS,l,2.0NRT,371.81,410.06,D,2025-01-08 22:01:00,0.002033840716027307,0.0016843334531081568,34.09210433345311,-118.56223384071602,34.09210433345311,-118.55816615928397,34.088735666546896,-118.55816615928397,34.088735666546896,-118.56223384071602,0.140625,434,0.233,10.674381256103516,10,0.8999999761581421,0.0,0.004209999926388264,24.0,286.3999938964844,290.5,5.300000190734863,67.0
34.09055,-118.55404,367.0,0.78,0.78,2025-01-08,2201,N21,VIIRS,h,2.0NRT,351.75,410.06,D,2025-01-08 22:01:00,0.0020338438392571443,0.0016843334531081568,34.092234333453106,-118.55607384383926,34.092234333453106,-118.55200615616074,34.088865666546894,-118.55200615616074,34.088865666546894,-118.55607384383926,0.140625,507,0.2151,8.477612495422363,10,0.8999999761581421,0.0,0.004209999926388264,24.0,286.3999938964844,290.5,5.300000190734863,67.0
34.09072,-118.54607,367.0,0.78,0.78,2025-01-08,2201,N21,VIIRS,l,2.0NRT,333.63,225.97,D,2025-01-08 22:01:00,0.0020338479235110494,0.0016843334531081568,34.0924043334531,-118.54810384792351,34.0924043334531,-118.54403615207649,34.08903566654689,-118.54403615207649,34.08903566654689,-118.54810384792351,0.140625,452,0.2129,0.9667723774909973,10,0.8999999761581421,0.0,0.004209999926388264,24.0,286.3999938964844,290.5,5.300000190734863,67.0
34.09097,-118.53405,367.0,0.78,0.78,2025-01-08,2201,N21,VIIRS,h,2.0NRT,303.99,225.97,D,2025-01-08 22:01:00,0.0020338539298291173,0.0016843334531081568,34.092654333453105,-118.53608385392982,34.092654333453105,-118.53201614607016,34.08928566654689,-118.53201614607016,34.08928566654689,-118.53608385392982,0.140625,342,0.2156,0.6009741425514221,10,1.1799999475479126,0.0,0.00443999981507659,24.0,286.29998779296875,291.5,5.099999904632568,65.0
34.09118,-118.52401,326.89,0.78,0.78,2025-01-08,2201,N21,VIIRS,n,2.0NRT,291.92,97.94,D,2025-01-08 22:01:00,0.0020338589751936345,0.0016843334531081568,34.09286433345311,-118.5260438589752,34.09286433345311,-118.52197614102481,34.089495666546895,-118.52197614102481,34.089495666546895,-118.5260438589752,0.140625,278,0.2156,0.4342634677886963,10,1.1799999475479126,0.0,0.00443999981507659,24.0,286.29998779296875,291.5,5.099999904632568,65.0
34.0977,-118.55556,332.59,0.78,0.78,2025-01-08,2201,N21,VIIRS,n,2.0NRT,290.05,15.83,D,2025-01-08 22:01:00,0.002034015647798048,0.0016843334531081568,34.09938433345311,-118.5575940156478,34.09938433345311,-118.5535259843522,34.0960156665469,-118.5535259843522,34.0960156665469,-118.5575940156478,0.140625,506,0.4088,10.960787773132324,10,0.8999999761581421,0.0,0.004209999926388264,24.0,286.3999938964844,290.5,5.300000190734863,67.0
34.09787,-118.54737,329.12,0.78,0.78,2025-01-08,2201,N21,VIIRS,n,2.0NRT,290.33,10.96,D,2025-01-08 22:01:00,0.0020340197334951697,0.0016843334531081568,34.099554333453106,-118.5494040197335,34.099554333453106,-118.5453359802665,34.096185666546894,-118.5453359802665,34.096185666546894,-118.5494040197335,0.140625,542,0.21400000000000002,10.64715576171875,10,0.8999999761581421,0.0,0.004209999926388264,24.0,286.3999938964844,290.5,5.300000190734863,67.0
34.03877,-118.52408,296.98,0.68,0.74,2025-01-09,841,N21,VIIRS,n,2.0NRT,284.23,1.55,N,2025-01-09 08:41:00,0.0020326014189381548,0.0016843334531081568,34.040454333453106,-118.52611260141893,34.040454333453106,-118.52204739858107,34.03708566654689,-118.52204739858107,34.03708566654689,-118.52611260141893,0.140625,39,0.23470000000000002,1522.534912109375,50,2.7200000286102295,0.0,0.004189999774098396,25.0,284.79998779296875,294.20001220703125,5.400000095367432,51.0
34.03899,-118.53159,298.08,0.68,0.74,2025-01-09,841,N21,VIIRS,n,2.0NRT,285.15,1.55,N,2025-01-09 08:41:00,0.002032606690942986,0.0016843334531081568,34.040674333453104,-118.53362260669094,34.040674333453104,-118.52955739330905,34.03730566654689,-118.52955739330905,34.03730566654689,-118.53362260669094,0.140625,86,0.2341,1907.6650390625,50,2.7200000286102295,0.0,0.004189999774098396,25.0,284.79998779296875,294.20001220703125,5.400000095367432,51.0
34.03947,-118.54718,298.69,0.68,0.74,2025-01-09,841,N21,VIIRS,n,2.0NRT,283.3,3.0,N,2025-01-09 08:41:00,0.0020326181936979318,0.0016843334531081568,34.04115433345311,-118.54921261819369,34.04115433345311,-118.5451473818063,34.037785666546895,-118.5451473818063,34.037785666546895,-118.54921261819369,0.140625,39,0.3049,851.7344360351562,10,,0.0,0.004129999782890081,25.0,285.0,295.0,5.599999904632568,52.0
34.03969,-118.55454,301.58,0.68,0.74,2025-01-09,841,N21,VIIRS,n,2.0NRT,283.43,2.1,N,2025-01-09 08:41:00,0.0020326234658851346,0.0016843334531081568,34.041374333453106,-118.55657262346588,34.041374333453106,-118.55250737653412,34.038005666546894,-118.55250737653412,34.038005666546894,-118.55657262346588,0.140625,39,0.3049,851.7344360351562,10,,0.0,0.004129999782890081,25.0,285.0,295.0,5.599999904632568,52.0
34.04205,-118.63398,314.62,0.69,0.74,2025-01-09,841,N21,VIIRS,n,2.0NRT,282.2,3.63,N,2025-01-09 08:41:00,0.002032680025680609,0.0016843334531081568,34.04373433345311,-118.63601268002567,34.04373433345311,-118.63194731997432,34.0403656665469,-118.63194731997432,34.0403656665469,-118.63601268002567,0.140625,63,0.23870000000000002,166.0709686279297,10,,0.0,0.004100000020116568,20.0,285.29998779296875,294.8999938964844,5.800000190734863,53.0
34.04555,-118.52302,300.02,0.68,0.74,2025-01-09,841,N21,VIIRS,n,2.0NRT,286.27,2.16,N,2025-01-09 08:41:00,0.002032763918879371,0.0016843334531081568,34.047234333453105,-118.52505276391888,34.047234333453105,-118.52098723608113,34.04386566654689,-118.52098723608113,34.04386566654689,-118.52505276391888,0.140625,86,0.2409,2909.494873046875,50,2.7200000286102295,0.0,0.004189999774098396,25.0,284.79998779296875,294.20001220703125,5.400000095367432,51.0
34.04578,-118.53066,299.41,0.68,0.74,2025-01-09,841,N21,VIIRS,n,2.0NRT,284.61,2.16,N,2025-01-09 08:41:00,0.002032769432369107,0.0016843334531081568,34.04746433345311,-118.53269276943237,34.04746433345311,-118.52862723056762,34.044095666546895,-118.52862723056762,34.044095666546895,-118.53269276943237,0.140625,86,0.2341,1907.6650390625,50,2.7200000286102295,0.0,0.004189999774098396,25.0,284.79998779296875,294.20001220703125,5.400000095367432,51.0
34.04601,-118.53809,309.26,0.68,0.74,2025-01-09,841,N21,VIIRS,n,2.0NRT,286.51,4.57,N,2025-01-09 08:41:00,0.0020327749459215084,0.0016843334531081568,34.04769433345311,-118.54012277494591,34.04769433345311,-118.53605722505408,34.0443256665469,-118.53605722505408,34.0443256665469,-118.54012277494591,0.140625,56,0.3049,2464.794921875,10,,0.0,0.004129999782890081,25.0,285.0,295.0,5.599999904632568,52.0
34.04623,-118.5453,311.77,0.68,0.74,2025-01-09,841,N21,VIIRS,n,2.0NRT,287.35,4.57,N,2025-01-09 08:41:00,0.0020327802198128785,0.0016843334531081568,34.04791433345311,-118.5473327802198,34.04791433345311,-118.54326721978019,34.044545666546895,-118.54326721978019,34.044545666546895,-118.5473327802198,0.140625,56,0.3049,2464.794921875,10,,0.0,0.004129999782890081,25.0,285.0,295.0,5.599999904632568,52.0
34.04646,-118.5526,312.68,0.68,0.74,2025-01-09,841,N21,VIIRS,n,2.0NRT,283.8,2.69,N,2025-01-09 08:41:00,0.0020327857334878885,0.0016843334531081568,34.04814433345311,-118.55463278573349,34.04814433345311,-118.55056721426651,34.0447756665469,-118.55056721426651,34.0447756665469,-118.55463278573349,0.140625,39,0.3049,851.7344360351562,10,,0.0,0.004129999782890081,25.0,285.0,295.0,5.599999904632568,52.0
34.05233,-118.5218,296.52,0.68,0.74,2025-01-09,841,N21,VIIRS,n,2.0NRT,285.43,2.16,N,2025-01-09 08:41:00,0.002032926473274247,0.0016843334531081568,34.054014333453104,-118.52383292647328,34.054014333453104,-118.51976707352672,34.05064566654689,-118.51976707352672,34.05064566654689,-118.52383292647328,0.140625,120,0.26480000000000004,1493.949951171875,50,1.850000023841858,0.0,0.0036800000816583633,25.0,285.6000061035156,294.1000061035156,5.900000095367432,54.0
34.05322,-118.55074,298.17,0.68,0.74,2025-01-09,841,N21,VIIRS,n,2.0NRT,283.1,2.69,N,2025-01-09 08:41:00,0.002032947815579631,0.0016843334531081568,34.05490433345311,-118.55277294781558,34.05490433345311,-118.54870705218443,34.0515356665469,-118.54870705218443,34.0515356665469,-118.55277294781558,0.140625,120,0.2564,341.0213317871094,10,1.6399999856948853,0.0,0.0035600000992417336,25.0,285.8999938964844,292.6000061035156,6.0,62.0
34.05998,-118.54856,324.07,0.68,0.74,2025-01-09,841,N21,VIIRS,n,2.0NRT,283.26,6.48,N,2025-01-09 08:41:00,0.002033109951824061,0.0016843334531081568,34.06166433345311,-118.55059310995182,34.06166433345311,-118.54652689004817,34.0582956665469,-118.54652689004817,34.0582956665469,-118.55059310995182,0.140625,225,0.2838,445.96746826171875,10,1.6399999856948853,0.0,0.0035600000992417336,25.0,285.8999938964844,292.6000061035156,6.0,62.0
34.06723,-118.56203,298.03,0.68,0.74,2025-01-09,841,N21,VIIRS,n,2.0NRT,285.26,1.64,N,2025-01-09 08:41:00,0.002033283900750487,0.0016843334531081568,34.06891433345311,-118.56406328390074,34.06891433345311,-118.55999671609925,34.065545666546896,-118.55999671609925,34.065545666546896,-118.56406328390074,0.140625,258,0.2856,989.7855224609375,10,1.6399999856948853,0.0,0.0035600000992417336,25.0,285.8999938964844,292.6000061035156,6.0,62.0
34.06845,-118.6017,305.25,0.68,0.74,2025-01-09,841,N21,VIIRS,n,2.0NRT,283.21,3.65,N,2025-01-09 08:41:00,0.0020333131782822008,0.0016843334531081568,34.070134333453105,-118.60373331317828,34.070134333453105,-118.5996666868217,34.06676566654689,-118.5996666868217,34.06676566654689,-118.60373331317828,0.140625,516,0.4539,298.1758117675781,10,1.5299999713897705,0.0,0.003379999892786145,25.0,285.1000061035156,293.0,6.099999904632568,59.0
34.06864,-118.6078,315.32,0.69,0.74,2025-01-09,841,N21,VIIRS,n,2.0NRT,283.95,3.65,N,2025-01-09 08:41:00,0.0020333177380566425,0.0016843334531081568,34.07032433345311,-118.60983331773805,34.07032433345311,-118.60576668226194,34.066955666546896,-118.60576668226194,34.066955666546896,-118.60983331773805,0.140625,516,0.4539,298.1758117675781,10,1.5299999713897705,0.0,0.003379999892786145,25.0,285.1000061035156,293.0,6.099999904632568,59.0
34.06884,-118.61414,320.87,0.69,0.74,2025-01-09,841,N21,VIIRS,n,2.0NRT,285.02,6.07,N,2025-01-09 08:41:00,0.002033322537865462,0.0016843334531081568,34.07052433345311,-118.61617332253788,34.07052433345311,-118.61210667746214,34.067155666546896,-118.61210667746214,34.067155666546896,-118.61617332253788,0.140625,524,0.3655,127.57647705078125,10,1.5299999713897705,0.0,0.003379999892786145,25.0,285.1000061035156,293.0,6.099999904632568,59.0
34.0693,-118.62918,300.34,0.69,0.74,2025-01-09,841,N21,VIIRS,n,2.0NRT,281.26,1.87,N,2025-01-09 08:41:00,0.002033333577605769,0.0016843334531081568,34.070984333453104,-118.6312133335776,34.070984333453104,-118.6271466664224,34.06761566654689,-118.6271466664224,34.06761566654689,-118.6312133335776,0.140625,369,0.2273,44.1246223449707,10,1.7100000381469727,0.0,0.0033599999733269215,20.0,285.0,290.79998779296875,6.199999809265137,70.0
34.07038,-118.66469,297.41,0.69,0.74,2025-01-09,841,N21,VIIRS,n,2.0NRT,281.57,21.22,N,2025-01-09 08:41:00,0.0020333594979822854,0.0016843334531081568,34.072064333453106,-118.66672335949798,34.072064333453106,-118.66265664050201,34.068695666546894,-118.66265664050201,34.068695666546894,-118.66672335949798,0.140625,601,0.2665,51.55775833129883,10,2.0399999618530273,0.0,0.0034000000450760126,20.0,285.20001220703125,291.70001220703125,6.300000190734863,68.0
34.07071,-118.67532,367.0,0.69,0.74,2025-01-09,841,N21,VIIRS,h,2.0NRT,296.93,61.0,N,2025-01-09 08:41:00,0.0020333674183732504,0.0016843334531081568,34.072394333453104,-118.67735336741838,34.072394333453104,-118.67328663258162,34.06902566654689,-118.67328663258162,34.06902566654689,-118.67735336741838,0.140625,495,0.3247,7.851822853088379,10,2.0399999618530273,0.0,0.0034000000450760126,20.0,285.20001220703125,291.70001220703125,6.300000190734863,68.0
34.07373,-118.5519,299.49,0.68,0.74,2025-01-09,841,N21,VIIRS,n,2.0NRT,283.49,3.58,N,2025-01-09 08:41:00,0.0020334399079508705,0.0016843334531081568,34.075414333453104,-118.55393343990795,34.075414333453104,-118.54986656009206,34.07204566654689,-118.54986656009206,34.07204566654689,-118.55393343990795,0.140625,335,0.278,1099.7293701171875,50,1.6399999856948853,0.0,0.0035600000992417336,25.0,285.8999938964844,292.6000061035156,6.0,62.0
34.07405,-118.56218,318.81,0.68,0.74,2025-01-09,841,N21,VIIRS,n,2.0NRT,285.94,7.51,N,2025-01-09 08:41:00,0.0020334475895995865,0.0016843334531081568,34.075734333453106,-118.5642134475896,34.075734333453106,-118.5601465524104,34.072365666546894,-118.5601465524104,34.072365666546894,-118.5642134475896,0.140625,258,0.2856,989.7855224609375,10,1.6399999856948853,0.0,0.0035600000992417336,25.0,285.8999938964844,292.6000061035156,6.0,62.0
34.07567,-118.61394,313.68,0.69,0.74,2025-01-09,841,N21,VIIRS,n,2.0NRT,283.82,4.56,N,2025-01-09 08:41:00,0.002033486479810248,0.0016843334531081568,34.07735433345311,-118.61597348647982,34.07735433345311,-118.61190651352018,34.073985666546896,-118.61190651352018,34.073985666546896,-118.61597348647982,0.140625,627,0.6373,48.49842834472656,10,1.5299999713897705,0.0,0.003379999892786145,25.0,285.1000061035156,293.0,6.099999904632568,59.0
34.07759,-118.6758,303.99,0.69,0.74,2025-01-09,841,N21,VIIRS,n,2.0NRT,283.14,2.25,N,2025-01-09 08:41:00,0.00203353257594329,0.0016843334531081568,34.07927433345311,-118.67783353257593,34.07927433345311,-118.67376646742406,34.075905666546895,-118.67376646742406,34.075905666546895,-118.67783353257593,0.140625,349,0.38020000000000004,24.989290237426758,10,2.0399999618530273,0.0,0.0034000000450760126,20.0,285.20001220703125,291.70001220703125,6.300000190734863,68.0
34.07922,-118.51037,296.57,0.68,0.74,2025-01-09,841,N21,VIIRS,n,2.0NRT,283.45,2.1,N,2025-01-09 08:41:00,0.0020335717130721123,0.0016843334531081568,34.080904333453105,-118.51240357171307,34.080904333453105,-118.50833642828692,34.07753566654689,-118.50833642828692,34.07753566654689,-118.51240357171307,0.140625,230,0.4827,686.5413208007812,10,1.850000023841858,0.0,0.0036800000816583633,25.0,285.6000061035156,294.1000061035156,5.900000095367432,54.0
34.07944,-118.51742,307.5,0.68,0.74,2025-01-09,841,N21,VIIRS,n,2.0NRT,286.3,3.51,N,2025-01-09 08:41:00,0.0020335769956254237,0.0016843334531081568,34.081124333453104,-118.51945357699563,34.081124333453104,-118.51538642300437,34.07775566654689,-118.51538642300437,34.07775566654689,-118.51945357699563,0.140625,244,0.3044,55.50264358520508,10,1.850000023841858,0.0,0.0036800000816583633,25.0,285.6000061035156,294.1000061035156,5.900000095367432,54.0
34.08082,-118.56026,311.0,0.68,0.74,2025-01-09,841,N21,VIIRS,n,2.0NRT,283.43,7.51,N,2025-01-09 08:41:00,0.002033610132951579,0.0016843334531081568,34.08250433345311,-118.56229361013295,34.08250433345311,-118.55822638986704,34.0791356665469,-118.55822638986704,34.0791356665469,-118.56229361013295,0.140625,335,0.25520000000000004,1176.1966552734375,10,1.6399999856948853,0.0,0.0035600000992417336,25.0,285.8999938964844,292.6000061035156,6.0,62.0
34.08087,-118.5108,298.64,0.68,0.74,2025-01-09,841,N21,VIIRS,n,2.0NRT,283.5,5.91,N,2025-01-09 08:41:00,0.0020336113336217577,0.0016843334531081568,34.0825543334531,-118.51283361133362,34.0825543334531,-118.50876638866639,34.07918566654689,-118.50876638866639,34.07918566654689,-118.51283361133362,0.140625,244,0.3044,55.50264358520508,10,1.850000023841858,0.0,0.0036800000816583633,25.0,285.6000061035156,294.1000061035156,5.900000095367432,54.0
34.08107,-118.51801,305.81,0.68,0.74,2025-01-09,841,N21,VIIRS,n,2.0NRT,285.6,5.91,N,2025-01-09 08:41:00,0.0020336161363321372,0.0016843334531081568,34.0827543334531,-118.52004361613633,34.0827543334531,-118.51597638386367,34.07938566654689,-118.51597638386367,34.07938566654689,-118.52004361613633,0.140625,244,0.3044,55.50264358520508,10,1.850000023841858,0.0,0.0036800000816583633,25.0,285.6000061035156,294.1000061035156,5.900000095367432,54.0
34.0811,-118.56898,339.97,0.68,0.74,2025-01-09,841,N21,VIIRS,n,2.0NRT,287.69,7.51,N,2025-01-09 08:41:00,0.002033616856742788,0.0016843334531081568,34.082784333453105,-118.57101361685675,34.082784333453105,-118.56694638314325,34.07941566654689,-118.56694638314325,34.07941566654689,-118.57101361685675,0.140625,222,0.29700000000000004,467.368896484375,10,1.6399999856948853,0.0,0.0035600000992417336,25.0,285.8999938964844,292.6000061035156,6.0,62.0
34.0813,-118.57521,367.0,0.68,0.74,2025-01-09,841,N21,VIIRS,h,2.0NRT,292.73,35.54,N,2025-01-09 08:41:00,0.0020336216595077516,0.0016843334531081568,34.082984333453105,-118.5772436216595,34.082984333453105,-118.57317637834049,34.07961566654689,-118.57317637834049,34.07961566654689,-118.5772436216595,0.140625,308,0.2657,16.355701446533203,10,1.6399999856948853,0.0,0.0035600000992417336,25.0,285.8999938964844,292.6000061035156,6.0,62.0
34.0815,-118.5816,367.0,0.68,0.74,2025-01-09,841,N21,VIIRS,h,2.0NRT,296.17,35.54,N,2025-01-09 08:41:00,0.0020336264623201797,0.0016843334531081568,34.083184333453104,-118.58363362646232,34.083184333453104,-118.57956637353767,34.07981566654689,-118.57956637353767,34.07981566654689,-118.58363362646232,0.140625,308,0.2657,16.355701446533203,10,1.6399999856948853,0.0,0.0035600000992417336,25.0,285.8999938964844,292.6000061035156,6.0,62.0
34.08176,-118.58967,367.0,0.68,0.74,2025-01-09,841,N21,VIIRS,h,2.0NRT,293.75,36.99,N,2025-01-09 08:41:00,0.002033632706047296,0.0016843334531081568,34.08344433345311,-118.59170363270604,34.08344433345311,-118.58763636729395,34.0800756665469,-118.58763636729395,34.0800756665469,-118.59170363270604,0.140625,251,0.2619,1.8366374969482422,10,1.5299999713897705,0.0,0.003379999892786145,25.0,285.1000061035156,293.0,6.099999904632568,59.0
34.08202,-118.59769,367.0,0.68,0.74,2025-01-09,841,N21,VIIRS,h,2.0NRT,284.65,36.99,N,2025-01-09 08:41:00,0.002033638949854629,0.0016843334531081568,34.083704333453106,-118.59972363894985,34.083704333453106,-118.59565636105015,34.080335666546894,-118.59565636105015,34.080335666546894,-118.59972363894985,0.140625,363,0.5322,349.26922607421875,10,1.5299999713897705,0.0,0.003379999892786145,25.0,285.1000061035156,293.0,6.099999904632568,59.0
34.08222,-118.56129,308.23,0.68,0.74,2025-01-09,841,N21,VIIRS,n,2.0NRT,283.15,6.42,N,2025-01-09 08:41:00,0.002033643752837933,0.0016843334531081568,34.083904333453106,-118.56332364375284,34.083904333453106,-118.55925635624716,34.08053566654689,-118.55925635624716,34.08053566654689,-118.56332364375284,0.140625,335,0.25520000000000004,1176.1966552734375,10,1.6399999856948853,0.0,0.0035600000992417336,25.0,285.8999938964844,292.6000061035156,6.0,62.0
34.08245,-118.56987,367.0,0.68,0.74,2025-01-09,841,N21,VIIRS,h,2.0NRT,292.61,22.88,N,2025-01-09 08:41:00,0.002033649276327413,0.0016843334531081568,34.08413433345311,-118.57190364927632,34.08413433345311,-118.56783635072367,34.080765666546895,-118.56783635072367,34.080765666546895,-118.57190364927632,0.140625,222,0.29700000000000004,467.368896484375,10,1.6399999856948853,0.0,0.0035600000992417336,25.0,285.8999938964844,292.6000061035156,6.0,62.0
34.08261,-118.57607,367.0,0.68,0.74,2025-01-09,841,N21,VIIRS,h,2.0NRT,293.68,22.88,N,2025-01-09 08:41:00,0.0020336531187919015,0.0016843334531081568,34.08429433345311,-118.57810365311879,34.08429433345311,-118.57403634688121,34.0809256665469,-118.57403634688121,34.0809256665469,-118.57810365311879,0.140625,308,0.2657,16.355701446533203,10,1.6399999856948853,0.0,0.0035600000992417336,25.0,285.8999938964844,292.6000061035156,6.0,62.0
34.08278,-118.5827,367.0,0.68,0.74,2025-01-09,841,N21,VIIRS,h,2.0NRT,295.95,49.92,N,2025-01-09 08:41:00,0.002033657201443707,0.0016843334531081568,34.084464333453106,-118.58473365720144,34.084464333453106,-118.58066634279857,34.081095666546894,-118.58066634279857,34.081095666546894,-118.58473365720144,0.140625,251,0.2619,1.8366374969482422,10,1.5299999713897705,0.0,0.003379999892786145,25.0,285.1000061035156,293.0,6.099999904632568,59.0
34.08299,-118.59057,367.0,0.68,0.74,2025-01-09,841,N21,VIIRS,h,2.0NRT,295.07,49.92,N,2025-01-09 08:41:00,0.002033662244766816,0.0016843334531081568,34.08467433345311,-118.59260366224477,34.08467433345311,-118.58853633775523,34.081305666546896,-118.58853633775523,34.081305666546896,-118.59260366224477,0.140625,251,0.2619,1.8366374969482422,10,1.5299999713897705,0.0,0.003379999892786145,25.0,285.1000061035156,293.0,6.099999904632568,59.0
34.0832,-118.59861,345.03,0.68,0.74,2025-01-09,841,N21,VIIRS,n,2.0NRT,282.85,31.79,N,2025-01-09 08:41:00,0.002033667288142259,0.0016843334531081568,34.084884333453104,-118.60064366728814,34.084884333453104,-118.59657633271185,34.08151566654689,-118.59657633271185,34.08151566654689,-118.60064366728814,0.140625,363,0.5322,349.26922607421875,10,1.5299999713897705,0.0,0.003379999892786145,25.0,285.1000061035156,293.0,6.099999904632568,59.0
34.08645,-118.52332,340.17,0.68,0.74,2025-01-09,841,N21,VIIRS,n,2.0NRT,288.46,33.84,N,2025-01-09 08:41:00,0.0020337453470539116,0.0016843334531081568,34.088134333453105,-118.52535374534705,34.088134333453105,-118.52128625465295,34.08476566654689,-118.52128625465295,34.08476566654689,-118.52535374534705,0.140625,278,0.2156,0.4342634677886963,10,1.1799999475479126,0.0,0.003060000017285347,25.0,285.20001220703125,291.6000061035156,6.400000095367432,69.0
34.08666,-118.52995,308.26,0.68,0.74,2025-01-09,841,N21,VIIRS,n,2.0NRT,287.85,70.34,N,2025-01-09 08:41:00,0.002033750391291692,0.0016843334531081568,34.08834433345311,-118.53198375039129,34.08834433345311,-118.52791624960871,34.084975666546896,-118.52791624960871,34.084975666546896,-118.53198375039129,0.140625,342,0.2156,0.6009741425514221,10,1.1799999475479126,0.0,0.003060000017285347,25.0,285.20001220703125,291.6000061035156,6.400000095367432,69.0
34.08684,-118.5355,311.76,0.68,0.74,2025-01-09,841,N21,VIIRS,n,2.0NRT,288.88,70.34,N,2025-01-09 08:41:00,0.002033754714965736,0.0016843334531081568,34.08852433345311,-118.53753375471497,34.08852433345311,-118.53346624528503,34.085155666546896,-118.53346624528503,34.085155666546896,-118.53753375471497,0.140625,342,0.2156,0.6009741425514221,10,1.1799999475479126,0.0,0.003060000017285347,25.0,285.20001220703125,291.6000061035156,6.400000095367432,69.0
34.08703,-118.54129,297.51,0.68,0.74,2025-01-09,841,N21,VIIRS,n,2.0NRT,285.16,47.3,N,2025-01-09 08:41:00,0.002033759278885614,0.0016843334531081568,34.088714333453105,-118.54332375927889,34.088714333453105,-118.53925624072112,34.08534566654689,-118.53925624072112,34.08534566654689,-118.54332375927889,0.140625,452,0.2129,0.9667723774909973,10,0.8999999761581421,0.0,0.0028899998869746923,25.0,284.8999938964844,290.8999938964844,6.5,70.0
34.08755,-118.55727,298.0,0.68,0.74,2025-01-09,841,N21,VIIRS,n,2.0NRT,284.53,21.74,N,2025-01-09 08:41:00,0.002033771769832811,0.0016843334531081568,34.089234333453106,-118.55930377176983,34.089234333453106,-118.55523622823017,34.085865666546894,-118.55523622823017,34.085865666546894,-118.55930377176983,0.140625,434,0.233,10.674381256103516,10,0.8999999761581421,0.0,0.0028899998869746923,25.0,284.8999938964844,290.8999938964844,6.5,70.0
34.08783,-118.51618,297.84,0.68,0.74,2025-01-09,841,N21,VIIRS,n,2.0NRT,282.92,5.91,N,2025-01-09 08:41:00,0.002033778495860395,0.0016843334531081568,34.0895143334531,-118.51821377849586,34.0895143334531,-118.51414622150415,34.08614566654689,-118.51414622150415,34.08614566654689,-118.51821377849586,0.140625,320,0.1986,109.09176635742188,10,1.1799999475479126,0.0,0.003060000017285347,25.0,285.20001220703125,291.6000061035156,6.400000095367432,69.0
34.0879,-118.56786,367.0,0.68,0.74,2025-01-09,841,N21,VIIRS,h,2.0NRT,290.1,21.74,N,2025-01-09 08:41:00,0.0020337801773818312,0.0016843334531081568,34.089584333453104,-118.56989378017738,34.089584333453104,-118.56582621982261,34.08621566654689,-118.56582621982261,34.08621566654689,-118.56989378017738,0.140625,283,0.3778,16.49759292602539,10,0.8999999761581421,0.0,0.0028899998869746923,25.0,284.8999938964844,290.8999938964844,6.5,70.0
34.08804,-118.52406,367.0,0.68,0.74,2025-01-09,841,N21,VIIRS,h,2.0NRT,299.0,22.68,N,2025-01-09 08:41:00,0.002033783540442153,0.0016843334531081568,34.089724333453105,-118.52609378354045,34.089724333453105,-118.52202621645957,34.08635566654689,-118.52202621645957,34.08635566654689,-118.52609378354045,0.140625,278,0.2156,0.4342634677886963,10,1.1799999475479126,0.0,0.003060000017285347,25.0,285.20001220703125,291.6000061035156,6.400000095367432,69.0
34.08822,-118.53068,337.46,0.68,0.74,2025-01-09,841,N21,VIIRS,n,2.0NRT,292.46,22.68,N,2025-01-09 08:41:00,0.002033787864411038,0.0016843334531081568,34.089904333453106,-118.53271378786441,34.089904333453106,-118.5286462121356,34.086535666546894,-118.5286462121356,34.086535666546894,-118.53271378786441,0.140625,342,0.2156,0.6009741425514221,10,1.1799999475479126,0.0,0.003060000017285347,25.0,285.20001220703125,291.6000061035156,6.400000095367432,69.0
34.08838,-118.53621,335.23,0.68,0.74,2025-01-09,841,N21,VIIRS,n,2.0NRT,293.69,8.84,N,2025-01-09 08:41:00,0.002033791707971222,0.0016843334531081568,34.09006433345311,-118.53824379170797,34.09006433345311,-118.53417620829202,34.086695666546895,-118.53417620829202,34.086695666546895,-118.53824379170797,0.140625,342,0.2156,0.6009741425514221,10,1.1799999475479126,0.0,0.003060000017285347,25.0,285.20001220703125,291.6000061035156,6.400000095367432,69.0
34.08853,-118.54201,310.56,0.68,0.74,2025-01-09,841,N21,VIIRS,n,2.0NRT,288.14,8.84,N,2025-01-09 08:41:00,0.0020337953113364927,0.0016843334531081568,34.090214333453105,-118.54404379531134,34.090214333453105,-118.53997620468867,34.08684566654689,-118.53997620468867,34.08684566654689,-118.54404379531134,0.140625,452,0.2129,0.9667723774909973,10,0.8999999761581421,0.0,0.0028899998869746923,25.0,284.8999938964844,290.8999938964844,6.5,70.0
34.08855,-118.58831,323.17,0.68,0.74,2025-01-09,841,N21,VIIRS,n,2.0NRT,284.04,5.35,N,2025-01-09 08:41:00,0.0020337957917872136,0.0016843334531081568,34.090234333453104,-118.5903437957918,34.090234333453104,-118.58627620420822,34.08686566654689,-118.58627620420822,34.08686566654689,-118.5903437957918,0.140625,356,0.42210000000000003,120.58776092529297,10,1.0099999904632568,0.0,0.0027799999807029963,25.0,284.3999938964844,291.3999938964844,6.599999904632568,70.0
34.08871,-118.54879,311.55,0.68,0.74,2025-01-09,841,N21,VIIRS,n,2.0NRT,284.86,6.42,N,2025-01-09 08:41:00,0.0020337996354100724,0.0016843334531081568,34.090394333453105,-118.55082379963541,34.090394333453105,-118.54675620036458,34.08702566654689,-118.54675620036458,34.08702566654689,-118.55082379963541,0.140625,507,0.2151,8.477612495422363,10,0.8999999761581421,0.0,0.0028899998869746923,25.0,284.8999938964844,290.8999938964844,6.5,70.0
34.08897,-118.5582,301.39,0.68,0.74,2025-01-09,841,N21,VIIRS,n,2.0NRT,285.66,6.42,N,2025-01-09 08:41:00,0.0020338058813620294,0.0016843334531081568,34.09065433345311,-118.56023380588137,34.09065433345311,-118.55616619411863,34.0872856665469,-118.55616619411863,34.0872856665469,-118.56023380588137,0.140625,434,0.233,10.674381256103516,10,0.8999999761581421,0.0,0.0028899998869746923,25.0,284.8999938964844,290.8999938964844,6.5,70.0
34.08923,-118.56838,314.57,0.68,0.74,2025-01-09,841,N21,VIIRS,n,2.0NRT,284.86,22.88,N,2025-01-09 08:41:00,0.0020338121273942313,0.0016843334531081568,34.09091433345311,-118.5704138121274,34.09091433345311,-118.56634618787261,34.087545666546895,-118.56634618787261,34.087545666546895,-118.5704138121274,0.140625,283,0.3778,16.49759292602539,10,0.8999999761581421,0.0,0.0028899998869746923,25.0,284.8999938964844,290.8999938964844,6.5,70.0
34.09294,-118.51353,299.12,0.68,0.74,2025-01-09,841,N21,VIIRS,n,2.0NRT,283.2,33.84,N,2025-01-09 08:41:00,0.0020339012622115275,0.0016843334531081568,34.094624333453105,-118.51556390126221,34.094624333453105,-118.5114960987378,34.09125566654689,-118.5114960987378,34.09125566654689,-118.51556390126221,0.140625,424,0.2528,111.19847106933594,10,1.1799999475479126,0.0,0.003060000017285347,25.0,285.20001220703125,291.6000061035156,6.400000095367432,69.0
34.09322,-118.52195,347.57,0.68,0.74,2025-01-09,841,N21,VIIRS,n,2.0NRT,305.2,33.84,N,2025-01-09 08:41:00,0.0020339079900307234,0.0016843334531081568,34.09490433345311,-118.52398390799003,34.09490433345311,-118.51991609200998,34.091535666546896,-118.51991609200998,34.091535666546896,-118.52398390799003,0.140625,372,0.21450000000000002,7.281891345977783,10,1.1799999475479126,0.0,0.003060000017285347,25.0,285.20001220703125,291.6000061035156,6.400000095367432,69.0
34.09347,-118.52952,336.33,0.68,0.74,2025-01-09,841,N21,VIIRS,n,2.0NRT,306.75,70.34,N,2025-01-09 08:41:00,0.002033913997090807,0.0016843334531081568,34.09515433345311,-118.5315539139971,34.09515433345311,-118.52748608600291,34.0917856665469,-118.52748608600291,34.0917856665469,-118.5315539139971,0.140625,331,0.21830000000000002,0.6009743213653564,10,1.1799999475479126,0.0,0.003060000017285347,25.0,285.20001220703125,291.6000061035156,6.400000095367432,69.0
34.09366,-118.53548,354.32,0.68,0.74,2025-01-09,841,N21,VIIRS,n,2.0NRT,324.37,70.34,N,2025-01-09 08:41:00,0.002033918562506099,0.0016843334531081568,34.095344333453106,-118.53751391856251,34.095344333453106,-118.5334460814375,34.091975666546894,-118.5334460814375,34.091975666546894,-118.53751391856251,0.140625,331,0.21830000000000002,0.6009743213653564,10,1.1799999475479126,0.0,0.003060000017285347,25.0,285.20001220703125,291.6000061035156,6.400000095367432,69.0
34.09384,-118.54105,367.0,0.68,0.74,2025-01-09,841,N21,VIIRS,h,2.0NRT,303.93,47.3,N,2025-01-09 08:41:00,0.0020339228876759133,0.0016843334531081568,34.095524333453106,-118.54308392288767,34.095524333453106,-118.53901607711232,34.092155666546894,-118.53901607711232,34.092155666546894,-118.54308392288767,0.140625,420,0.19390000000000002,0.9146744608879089,10,0.8999999761581421,0.0,0.0028899998869746923,25.0,284.8999938964844,290.8999938964844,6.5,70.0
34.09403,-118.54699,349.31,0.68,0.74,2025-01-09,841,N21,VIIRS,n,2.0NRT,296.56,47.3,N,2025-01-09 08:41:00,0.002033927453174674,0.0016843334531081568,34.0957143334531,-118.54902392745316,34.0957143334531,-118.54495607254682,34.09234566654689,-118.54495607254682,34.09234566654689,-118.54902392745316,0.140625,542,0.21400000000000002,10.64715576171875,10,0.8999999761581421,0.0,0.0028899998869746923,25.0,284.8999938964844,290.8999938964844,6.5,70.0
34.09428,-118.55453,346.42,0.68,0.74,2025-01-09,841,N21,VIIRS,n,2.0NRT,287.11,21.74,N,2025-01-09 08:41:00,0.0020339334604751887,0.0016843334531081568,34.095964333453104,-118.55656393346048,34.095964333453104,-118.55249606653952,34.09259566654689,-118.55249606653952,34.09259566654689,-118.55656393346048,0.140625,542,0.21400000000000002,10.64715576171875,10,0.8999999761581421,0.0,0.0028899998869746923,25.0,284.8999938964844,290.8999938964844,6.5,70.0
34.09458,-118.51386,296.6,0.68,0.74,2025-01-09,841,N21,VIIRS,n,2.0NRT,282.84,15.82,N,2025-01-09 08:41:00,0.002033940669333763,0.0016843334531081568,34.09626433345311,-118.51589394066933,34.09626433345311,-118.51182605933066,34.092895666546895,-118.51182605933066,34.092895666546895,-118.51589394066933,0.140625,424,0.2528,111.19847106933594,10,1.1799999475479126,0.0,0.003060000017285347,25.0,285.20001220703125,291.6000061035156,6.400000095367432,69.0
34.09482,-118.52248,349.08,0.68,0.74,2025-01-09,841,N21,VIIRS,n,2.0NRT,297.05,83.7,N,2025-01-09 08:41:00,0.0020339464364975634,0.0016843334531081568,34.096504333453105,-118.5245139464365,34.096504333453105,-118.5204460535635,34.09313566654689,-118.5204460535635,34.09313566654689,-118.5245139464365,0.140625,372,0.21450000000000002,7.281891345977783,10,1.1799999475479126,0.0,0.003060000017285347,25.0,285.20001220703125,291.6000061035156,6.400000095367432,69.0
34.09503,-118.53008,332.52,0.68,0.74,2025-01-09,841,N21,VIIRS,n,2.0NRT,303.09,83.7,N,2025-01-09 08:41:00,0.0020339514828219924,0.0016843334531081568,34.09671433345311,-118.53211395148281,34.09671433345311,-118.52804604851718,34.093345666546895,-118.52804604851718,34.093345666546895,-118.53211395148281,0.140625,331,0.21830000000000002,0.6009743213653564,10,1.1799999475479126,0.0,0.003060000017285347,25.0,285.20001220703125,291.6000061035156,6.400000095367432,69.0
34.09519,-118.53606,355.44,0.68,0.74,2025-01-09,841,N21,VIIRS,n,2.0NRT,316.98,89.73,N,2025-01-09 08:41:00,0.0020339553276757516,0.0016843334531081568,34.09687433345311,-118.53809395532768,34.09687433345311,-118.53402604467233,34.093505666546896,-118.53402604467233,34.093505666546896,-118.53809395532768,0.140625,331,0.21830000000000002,0.6009743213653564,10,1.1799999475479126,0.0,0.003060000017285347,25.0,285.20001220703125,291.6000061035156,6.400000095367432,69.0
34.09534,-118.54162,367.0,0.68,0.74,2025-01-09,841,N21,VIIRS,h,2.0NRT,300.09,89.73,N,2025-01-09 08:41:00,0.0020339589322537583,0.0016843334531081568,34.097024333453106,-118.54365395893225,34.097024333453106,-118.53958604106774,34.093655666546894,-118.53958604106774,34.093655666546894,-118.54365395893225,0.140625,420,0.19390000000000002,0.9146744608879089,10,0.8999999761581421,0.0,0.0028899998869746923,25.0,284.8999938964844,290.8999938964844,6.5,70.0
34.0955,-118.54762,349.67,0.68,0.74,2025-01-09,841,N21,VIIRS,n,2.0NRT,295.42,44.65,N,2025-01-09 08:41:00,0.0020339627771664127,0.0016843334531081568,34.09718433345311,-118.54965396277716,34.09718433345311,-118.54558603722283,34.093815666546895,-118.54558603722283,34.093815666546895,-118.54965396277716,0.140625,542,0.21400000000000002,10.64715576171875,10,0.8999999761581421,0.0,0.0028899998869746923,25.0,284.8999938964844,290.8999938964844,6.5,70.0
34.09571,-118.5553,332.49,0.68,0.74,2025-01-09,841,N21,VIIRS,n,2.0NRT,285.45,44.65,N,2025-01-09 08:41:00,0.0020339678236604027,0.0016843334531081568,34.0973943334531,-118.55733396782367,34.0973943334531,-118.55326603217634,34.09402566654689,-118.55326603217634,34.09402566654689,-118.55733396782367,0.140625,542,0.21400000000000002,10.64715576171875,10,0.8999999761581421,0.0,0.0028899998869746923,25.0,284.8999938964844,290.8999938964844,6.5,70.0
34.03416,-118.52852,295.46,0.32,0.55,2025-01-09,1021,N21,VIIRS,n,2.0NRT,283.76,0.96,N,2025-01-09 10:21:00,0.0020324909596563016,0.0016843334531081568,34.035844333453106,-118.53055249095965,34.035844333453106,-118.52648750904035,34.032475666546894,-118.52648750904035,34.032475666546894,-118.53055249095965,0.140625,17,0.2081,1795.9462890625,10,2.7200000286102295,0.0,0.004189999774098396,25.0,284.79998779296875,294.20001220703125,5.400000095367432,51.0
34.03476,-118.52753,300.18,0.32,0.55,2025-01-09,1021,N21,VIIRS,n,2.0NRT,285.04,0.97,N,2025-01-09 10:21:00,0.002032505334711097,0.0016843334531081568,34.036444333453105,-118.52956250533471,34.036444333453105,-118.52549749466529,34.03307566654689,-118.52549749466529,34.03307566654689,-118.52956250533471,0.140625,39,0.23470000000000002,1522.534912109375,50,2.7200000286102295,0.0,0.004189999774098396,25.0,284.79998779296875,294.20001220703125,5.400000095367432,51.0
34.03561,-118.53104,300.5,0.32,0.55,2025-01-09,1021,N21,VIIRS,n,2.0NRT,285.05,0.91,N,2025-01-09 10:21:00,0.0020325257001016874,0.0016843334531081568,34.037294333453104,-118.5330725257001,34.037294333453104,-118.5290074742999,34.03392566654689,-118.5290074742999,34.03392566654689,-118.5330725257001,0.140625,17,0.2081,1795.9462890625,10,2.7200000286102295,0.0,0.004189999774098396,25.0,284.79998779296875,294.20001220703125,5.400000095367432,51.0
34.03887,-118.54832,304.12,0.32,0.55,2025-01-09,1021,N21,VIIRS,n,2.0NRT,283.96,1.17,N,2025-01-09 10:21:00,0.002032603815296882,0.0016843334531081568,34.04055433345311,-118.5503526038153,34.04055433345311,-118.54628739618471,34.0371856665469,-118.54628739618471,34.0371856665469,-118.5503526038153,0.140625,39,0.3049,851.7344360351562,10,,0.0,0.004129999782890081,25.0,285.0,295.0,5.599999904632568,52.0
34.03888,-118.5229,303.68,0.32,0.55,2025-01-09,1021,N21,VIIRS,n,2.0NRT,285.09,0.97,N,2025-01-09 10:21:00,0.0020326040549334063,0.0016843334531081568,34.040564333453105,-118.52493260405494,34.040564333453105,-118.52086739594507,34.03719566654689,-118.52086739594507,34.03719566654689,-118.52493260405494,0.140625,86,0.2409,2909.494873046875,50,2.7200000286102295,0.0,0.004189999774098396,25.0,284.79998779296875,294.20001220703125,5.400000095367432,51.0
34.03958,-118.63277,317.13,0.63,0.54,2025-01-09,1021,N21,VIIRS,n,2.0NRT,282.14,4.08,N,2025-01-09 10:21:00,0.002032620829784368,0.0016843334531081568,34.04126433345311,-118.63480262082977,34.04126433345311,-118.63073737917021,34.037895666546895,-118.63073737917021,34.037895666546895,-118.63480262082977,0.140625,63,0.23870000000000002,166.0709686279297,10,,0.0,0.004100000020116568,20.0,285.29998779296875,294.8999938964844,5.800000190734863,53.0
34.03962,-118.54737,304.96,0.32,0.55,2025-01-09,1021,N21,VIIRS,n,2.0NRT,284.59,1.96,N,2025-01-09 10:21:00,0.002032621788364807,0.0016843334531081568,34.041304333453105,-118.54940262178836,34.041304333453105,-118.54533737821164,34.03793566654689,-118.54533737821164,34.03793566654689,-118.54940262178836,0.140625,39,0.3049,851.7344360351562,10,,0.0,0.004129999782890081,25.0,285.0,295.0,5.599999904632568,52.0
34.0397,-118.52623,299.95,0.32,0.55,2025-01-09,1021,N21,VIIRS,n,2.0NRT,284.1,0.97,N,2025-01-09 10:21:00,0.0020326237055313693,0.0016843334531081568,34.04138433345311,-118.52826262370553,34.04138433345311,-118.52419737629447,34.0380156665469,-118.52419737629447,34.0380156665469,-118.52826262370553,0.140625,86,0.2409,2909.494873046875,50,2.7200000286102295,0.0,0.004189999774098396,25.0,284.79998779296875,294.20001220703125,5.400000095367432,51.0
34.03974,-118.55196,302.77,0.32,0.55,2025-01-09,1021,N21,VIIRS,n,2.0NRT,284.61,0.87,N,2025-01-09 10:21:00,0.0020326246641174926,0.0016843334531081568,34.04142433345311,-118.5539926246641,34.04142433345311,-118.54992737533588,34.038055666546896,-118.54992737533588,34.038055666546896,-118.5539926246641,0.140625,39,0.3049,851.7344360351562,10,,0.0,0.004129999782890081,25.0,285.0,295.0,5.599999904632568,52.0
34.03994,-118.64066,296.97,0.63,0.54,2025-01-09,1021,N21,VIIRS,n,2.0NRT,283.89,2.76,N,2025-01-09 10:21:00,0.0020326294570765313,0.0016843334531081568,34.04162433345311,-118.64269262945707,34.04162433345311,-118.63862737054292,34.038255666546895,-118.63862737054292,34.038255666546895,-118.64269262945707,0.140625,72,0.2661,165.6573944091797,10,,0.0,0.004100000020116568,20.0,285.29998779296875,294.8999938964844,5.800000190734863,53.0
34.04049,-118.55093,348.34,0.32,0.55,2025-01-09,1021,N21,VIIRS,n,2.0NRT,288.42,2.61,N,2025-01-09 10:21:00,0.0020326426379581454,0.0016843334531081568,34.042174333453104,-118.55296264263795,34.042174333453104,-118.54889735736204,34.03880566654689,-118.54889735736204,34.03880566654689,-118.55296264263795,0.140625,39,0.3049,851.7344360351562,10,,0.0,0.004129999782890081,25.0,285.0,295.0,5.599999904632568,52.0
34.0405,-118.55518,300.67,0.32,0.55,2025-01-09,1021,N21,VIIRS,n,2.0NRT,283.38,0.87,N,2025-01-09 10:21:00,0.0020326428776138547,0.0016843334531081568,34.04218433345311,-118.5572126428776,34.04218433345311,-118.55314735712238,34.038815666546895,-118.55314735712238,34.038815666546895,-118.5572126428776,0.140625,39,0.3049,851.7344360351562,10,,0.0,0.004129999782890081,25.0,285.0,295.0,5.599999904632568,52.0
34.04051,-118.52956,307.37,0.32,0.55,2025-01-09,1021,N21,VIIRS,n,2.0NRT,287.35,0.91,N,2025-01-09 10:21:00,0.002032643117269682,0.0016843334531081568,34.042194333453104,-118.53159264311728,34.042194333453104,-118.52752735688273,34.03882566654689,-118.52752735688273,34.03882566654689,-118.53159264311728,0.140625,86,0.2341,1907.6650390625,50,2.7200000286102295,0.0,0.004189999774098396,25.0,284.79998779296875,294.20001220703125,5.400000095367432,51.0
34.04128,-118.53271,295.42,0.32,0.55,2025-01-09,1021,N21,VIIRS,n,2.0NRT,284.06,0.91,N,2025-01-09 10:21:00,0.0020326615711240455,0.0016843334531081568,34.04296433345311,-118.53474266157112,34.04296433345311,-118.53067733842887,34.039595666546894,-118.53067733842887,34.039595666546894,-118.53474266157112,0.140625,86,0.2341,1907.6650390625,50,2.7200000286102295,0.0,0.004189999774098396,25.0,284.79998779296875,294.20001220703125,5.400000095367432,51.0
34.04129,-118.55421,307.16,0.32,0.55,2025-01-09,1021,N21,VIIRS,n,2.0NRT,283.85,2.61,N,2025-01-09 10:21:00,0.002032661810789111,0.0016843334531081568,34.0429743334531,-118.55624266181078,34.0429743334531,-118.55217733818921,34.03960566654689,-118.55217733818921,34.03960566654689,-118.55624266181078,0.140625,39,0.3049,851.7344360351562,10,,0.0,0.004129999782890081,25.0,285.0,295.0,5.599999904632568,52.0
34.04212,-118.53614,312.25,0.32,0.55,2025-01-09,1021,N21,VIIRS,n,2.0NRT,284.73,1.94,N,2025-01-09 10:21:00,0.00203268170340239,0.0016843334531081568,34.0438043334531,-118.5381726817034,34.0438043334531,-118.5341073182966,34.04043566654689,-118.5341073182966,34.04043566654689,-118.5381726817034,0.140625,86,0.2341,1907.6650390625,50,2.7200000286102295,0.0,0.004189999774098396,25.0,284.79998779296875,294.20001220703125,5.400000095367432,51.0
34.04216,-118.56216,301.11,0.32,0.55,2025-01-09,1021,N21,VIIRS,n,2.0NRT,283.86,1.0,N,2025-01-09 10:21:00,0.0020326826621031562,0.0016843334531081568,34.04384433345311,-118.56419268266211,34.04384433345311,-118.5601273173379,34.0404756665469,-118.5601273173379,34.0404756665469,-118.56419268266211,0.140625,35,0.2908,790.8216552734375,10,,0.0,0.004129999782890081,25.0,285.0,295.0,5.599999904632568,52.0
34.04287,-118.53922,316.78,0.32,0.55,2025-01-09,1021,N21,VIIRS,n,2.0NRT,287.63,1.94,N,2025-01-09 10:21:00,0.002032699679357106,0.0016843334531081568,34.04455433345311,-118.54125269967936,34.04455433345311,-118.53718730032064,34.041185666546895,-118.53718730032064,34.041185666546895,-118.54125269967936,0.140625,56,0.3049,2464.794921875,10,,0.0,0.004129999782890081,25.0,285.0,295.0,5.599999904632568,52.0
34.04292,-118.51791,301.38,0.32,0.55,2025-01-09,1021,N21,VIIRS,n,2.0NRT,285.22,1.26,N,2025-01-09 10:21:00,0.002032700877777776,0.0016843334531081568,34.04460433345311,-118.51994270087778,34.04460433345311,-118.51587729912222,34.041235666546896,-118.51587729912222,34.041235666546896,-118.51994270087778,0.140625,73,0.17600000000000002,1036.3741455078125,10,2.7200000286102295,0.0,0.004189999774098396,25.0,284.79998779296875,294.20001220703125,5.400000095367432,51.0
34.04297,-118.5611,300.88,0.32,0.55,2025-01-09,1021,N21,VIIRS,n,2.0NRT,283.9,1.12,N,2025-01-09 10:21:00,0.0020327020762014062,0.0016843334531081568,34.0446543334531,-118.5631327020762,34.0446543334531,-118.55906729792379,34.04128566654689,-118.55906729792379,34.04128566654689,-118.5631327020762,0.140625,35,0.2908,790.8216552734375,10,,0.0,0.004129999782890081,25.0,285.0,295.0,5.599999904632568,52.0
34.04343,-118.63345,324.32,0.64,0.54,2025-01-09,1021,N21,VIIRS,n,2.0NRT,283.04,3.53,N,2025-01-09 10:21:00,0.0020327131018377446,0.0016843334531081568,34.04511433345311,-118.63548271310184,34.04511433345311,-118.63141728689816,34.041745666546895,-118.63141728689816,34.041745666546895,-118.63548271310184,0.140625,63,0.23870000000000002,166.0709686279297,10,,0.0,0.004100000020116568,20.0,285.29998779296875,294.8999938964844,5.800000190734863,53.0
34.04375,-118.54282,306.57,0.32,0.55,2025-01-09,1021,N21,VIIRS,n,2.0NRT,286.94,1.96,N,2025-01-09 10:21:00,0.0020327207719934536,0.0016843334531081568,34.04543433345311,-118.544852720772,34.04543433345311,-118.54078727922801,34.0420656665469,-118.54078727922801,34.0420656665469,-118.544852720772,0.140625,56,0.3049,2464.794921875,10,,0.0,0.004129999782890081,25.0,285.0,295.0,5.599999904632568,52.0
34.04377,-118.52139,302.9,0.32,0.55,2025-01-09,1021,N21,VIIRS,n,2.0NRT,286.86,1.35,N,2025-01-09 10:21:00,0.0020327212513822123,0.0016843334531081568,34.04545433345311,-118.52342272125138,34.04545433345311,-118.51935727874861,34.042085666546896,-118.51935727874861,34.042085666546896,-118.52342272125138,0.140625,86,0.2409,2909.494873046875,50,2.7200000286102295,0.0,0.004189999774098396,25.0,284.79998779296875,294.20001220703125,5.400000095367432,51.0
34.0446,-118.5248,301.38,0.32,0.55,2025-01-09,1021,N21,VIIRS,n,2.0NRT,285.72,1.35,N,2025-01-09 10:21:00,0.0020327411464335465,0.0016843334531081568,34.04628433345311,-118.52683274114644,34.04628433345311,-118.52276725885356,34.0429156665469,-118.52276725885356,34.0429156665469,-118.52683274114644,0.140625,86,0.2409,2909.494873046875,50,2.7200000286102295,0.0,0.004189999774098396,25.0,284.79998779296875,294.20001220703125,5.400000095367432,51.0
34.04464,-118.54644,313.96,0.32,0.55,2025-01-09,1021,N21,VIIRS,n,2.0NRT,288.7,1.96,N,2025-01-09 10:21:00,0.0020327421052518113,0.0016843334531081568,34.04632433345311,-118.54847274210526,34.04632433345311,-118.54440725789475,34.042955666546895,-118.54440725789475,34.042955666546895,-118.54847274210526,0.140625,39,0.3049,851.7344360351562,10,,0.0,0.004129999782890081,25.0,285.0,295.0,5.599999904632568,52.0
34.04539,-118.52803,323.57,0.32,0.55,2025-01-09,1021,N21,VIIRS,n,2.0NRT,289.42,2.03,N,2025-01-09 10:21:00,0.0020327600834452093,0.0016843334531081568,34.047074333453104,-118.53006276008345,34.047074333453104,-118.52599723991655,34.04370566654689,-118.52599723991655,34.04370566654689,-118.53006276008345,0.140625,86,0.2409,2909.494873046875,50,2.7200000286102295,0.0,0.004189999774098396,25.0,284.79998779296875,294.20001220703125,5.400000095367432,51.0
34.04546,-118.54979,314.58,0.32,0.55,2025-01-09,1021,N21,VIIRS,n,2.0NRT,284.13,2.61,N,2025-01-09 10:21:00,0.0020327617614439237,0.0016843334531081568,34.047144333453105,-118.55182276176144,34.047144333453105,-118.54775723823856,34.04377566654689,-118.54775723823856,34.04377566654689,-118.55182276176144,0.140625,39,0.3049,851.7344360351562,10,,0.0,0.004129999782890081,25.0,285.0,295.0,5.599999904632568,52.0
34.04782,-118.51646,308.32,0.32,0.55,2025-01-09,1021,N21,VIIRS,n,2.0NRT,285.69,1.26,N,2025-01-09 10:21:00,0.0020328183373688013,0.0016843334531081568,34.04950433345311,-118.51849281833736,34.04950433345311,-118.51442718166263,34.046135666546895,-118.51442718166263,34.046135666546895,-118.51849281833736,0.140625,101,0.2454,211.2073211669922,10,1.850000023841858,0.0,0.0036800000816583633,25.0,285.6000061035156,294.1000061035156,5.900000095367432,54.0
34.04788,-118.53822,318.48,0.32,0.55,2025-01-09,1021,N21,VIIRS,n,2.0NRT,288.56,2.75,N,2025-01-09 10:21:00,0.0020328197758257807,0.0016843334531081568,34.049564333453105,-118.54025281977582,34.049564333453105,-118.53618718022418,34.04619566654689,-118.53618718022418,34.04619566654689,-118.54025281977582,0.140625,105,0.2659,1420.3568115234375,10,1.6399999856948853,0.0,0.0035600000992417336,25.0,285.8999938964844,292.6000061035156,6.0,62.0
34.04869,-118.51998,311.6,0.32,0.55,2025-01-09,1021,N21,VIIRS,n,2.0NRT,288.53,1.35,N,2025-01-09 10:21:00,0.0020328391954124356,0.0016843334531081568,34.05037433345311,-118.52201283919541,34.05037433345311,-118.5179471608046,34.047005666546895,-118.5179471608046,34.047005666546895,-118.52201283919541,0.140625,120,0.26480000000000004,1493.949951171875,50,1.850000023841858,0.0,0.0036800000816583633,25.0,285.6000061035156,294.1000061035156,5.900000095367432,54.0
34.04873,-118.54168,308.44,0.32,0.55,2025-01-09,1021,N21,VIIRS,n,2.0NRT,287.27,1.69,N,2025-01-09 10:21:00,0.00203284015442451,0.0016843334531081568,34.050414333453105,-118.54371284015443,34.050414333453105,-118.53964715984557,34.04704566654689,-118.53964715984557,34.04704566654689,-118.54371284015443,0.140625,105,0.2659,1420.3568115234375,10,1.6399999856948853,0.0,0.0035600000992417336,25.0,285.8999938964844,292.6000061035156,6.0,62.0
34.0495,-118.52335,304.16,0.32,0.55,2025-01-09,1021,N21,VIIRS,n,2.0NRT,287.17,1.35,N,2025-01-09 10:21:00,0.002032858615776416,0.0016843334531081568,34.05118433345311,-118.52538285861577,34.05118433345311,-118.52131714138422,34.047815666546896,-118.52131714138422,34.047815666546896,-118.52538285861577,0.140625,120,0.26480000000000004,1493.949951171875,50,1.850000023841858,0.0,0.0036800000816583633,25.0,285.6000061035156,294.1000061035156,5.900000095367432,54.0
34.04961,-118.54531,302.74,0.32,0.55,2025-01-09,1021,N21,VIIRS,n,2.0NRT,286.26,1.69,N,2025-01-09 10:21:00,0.002032861253169747,0.0016843334531081568,34.05129433345311,-118.54734286125317,34.05129433345311,-118.54327713874683,34.047925666546895,-118.54327713874683,34.047925666546895,-118.54734286125317,0.140625,105,0.2659,1420.3568115234375,10,1.6399999856948853,0.0,0.0035600000992417336,25.0,285.8999938964844,292.6000061035156,6.0,62.0
34.05032,-118.52666,308.87,0.32,0.55,2025-01-09,1021,N21,VIIRS,n,2.0NRT,286.9,2.03,N,2025-01-09 10:21:00,0.0020328782766897866,0.0016843334531081568,34.052004333453105,-118.5286928782767,34.052004333453105,-118.52462712172331,34.04863566654689,-118.52462712172331,34.04863566654689,-118.5286928782767,0.140625,120,0.26480000000000004,1493.949951171875,50,1.850000023841858,0.0,0.0036800000816583633,25.0,285.6000061035156,294.1000061035156,5.900000095367432,54.0
34.05445,-118.52207,296.64,0.32,0.55,2025-01-09,1021,N21,VIIRS,n,2.0NRT,284.9,0.57,N,2025-01-09 10:21:00,0.0020329773126703137,0.0016843334531081568,34.05613433345311,-118.52410297731267,34.05613433345311,-118.52003702268733,34.0527656665469,-118.52003702268733,34.0527656665469,-118.52410297731267,0.140625,120,0.26480000000000004,1493.949951171875,50,1.850000023841858,0.0,0.0036800000816583633,25.0,285.6000061035156,294.1000061035156,5.900000095367432,54.0
34.05539,-118.54749,310.23,0.32,0.55,2025-01-09,1021,N21,VIIRS,n,2.0NRT,284.55,1.63,N,2025-01-09 10:21:00,0.00203299985637105,0.0016843334531081568,34.05707433345311,-118.54952299985636,34.05707433345311,-118.54545700014363,34.0537056665469,-118.54545700014363,34.0537056665469,-118.54952299985636,0.140625,120,0.2564,341.0213317871094,10,1.6399999856948853,0.0,0.0035600000992417336,25.0,285.8999938964844,292.6000061035156,6.0,62.0
34.06043,-118.54664,315.02,0.32,0.55,2025-01-09,1021,N21,VIIRS,n,2.0NRT,282.31,1.29,N,2025-01-09 10:21:00,0.0020331207468400852,0.0016843334531081568,34.0621143334531,-118.54867312074684,34.0621143334531,-118.54460687925315,34.05874566654689,-118.54460687925315,34.05874566654689,-118.54867312074684,0.140625,225,0.2838,445.96746826171875,10,1.6399999856948853,0.0,0.0035600000992417336,25.0,285.8999938964844,292.6000061035156,6.0,62.0
34.06125,-118.55,307.45,0.32,0.55,2025-01-09,1021,N21,VIIRS,n,2.0NRT,283.43,1.29,N,2025-01-09 10:21:00,0.0020331404183754316,0.0016843334531081568,34.06293433345311,-118.55203314041837,34.06293433345311,-118.54796685958162,34.059565666546895,-118.54796685958162,34.059565666546895,-118.55203314041837,0.140625,225,0.2838,445.96746826171875,10,1.6399999856948853,0.0,0.0035600000992417336,25.0,285.8999938964844,292.6000061035156,6.0,62.0
34.06517,-118.6734,310.45,0.63,0.54,2025-01-09,1021,N21,VIIRS,n,2.0NRT,286.45,3.56,N,2025-01-09 10:21:00,0.0020332344689243534,0.0016843334531081568,34.06685433345311,-118.67543323446893,34.06685433345311,-118.67136676553108,34.063485666546896,-118.67136676553108,34.063485666546896,-118.67543323446893,0.140625,392,0.2717,9.55606460571289,10,2.0399999618530273,0.0,0.0034000000450760126,20.0,285.20001220703125,291.70001220703125,6.300000190734863,68.0
34.06654,-118.67905,318.15,0.63,0.54,2025-01-09,1021,N21,VIIRS,n,2.0NRT,284.39,3.56,N,2025-01-09 10:21:00,0.0020332673429278845,0.0016843334531081568,34.06822433345311,-118.68108326734293,34.06822433345311,-118.67701673265708,34.0648556665469,-118.67701673265708,34.0648556665469,-118.68108326734293,0.140625,495,0.3247,7.851822853088379,10,2.0399999618530273,0.0,0.0034000000450760126,20.0,285.20001220703125,291.70001220703125,6.300000190734863,68.0
34.06707,-118.55235,301.43,0.32,0.55,2025-01-09,1021,N21,VIIRS,n,2.0NRT,283.59,0.69,N,2025-01-09 10:21:00,0.0020332800612051127,0.0016843334531081568,34.06875433345311,-118.5543832800612,34.06875433345311,-118.5503167199388,34.065385666546895,-118.5503167199388,34.065385666546895,-118.5543832800612,0.140625,335,0.278,1099.7293701171875,50,1.6399999856948853,0.0,0.0035600000992417336,25.0,285.8999938964844,292.6000061035156,6.0,62.0
34.06784,-118.5555,298.12,0.32,0.55,2025-01-09,1021,N21,VIIRS,n,2.0NRT,283.14,0.69,N,2025-01-09 10:21:00,0.002033298539295717,0.0016843334531081568,34.0695243334531,-118.5575332985393,34.0695243334531,-118.55346670146069,34.06615566654689,-118.55346670146069,34.06615566654689,-118.5575332985393,0.140625,258,0.2856,989.7855224609375,10,1.6399999856948853,0.0,0.0035600000992417336,25.0,285.8999938964844,292.6000061035156,6.0,62.0
34.06844,-118.6011,367.0,0.32,0.54,2025-01-09,1021,N21,VIIRS,h,2.0NRT,288.95,6.2,N,2025-01-09 10:21:00,0.0020333129382952586,0.0016843334531081568,34.07012433345311,-118.6031333129383,34.07012433345311,-118.59906668706171,34.0667556665469,-118.59906668706171,34.0667556665469,-118.6031333129383,0.140625,516,0.4539,298.1758117675781,10,1.5299999713897705,0.0,0.003379999892786145,25.0,285.1000061035156,293.0,6.099999904632568,59.0
34.06845,-118.67316,337.53,0.63,0.54,2025-01-09,1021,N21,VIIRS,n,2.0NRT,293.43,11.95,N,2025-01-09 10:21:00,0.0020333131782822008,0.0016843334531081568,34.070134333453105,-118.67519331317828,34.070134333453105,-118.67112668682171,34.06676566654689,-118.67112668682171,34.06676566654689,-118.67519331317828,0.140625,495,0.3247,7.851822853088379,10,2.0399999618530273,0.0,0.0034000000450760126,20.0,285.20001220703125,291.70001220703125,6.300000190734863,68.0
34.06931,-118.56159,306.55,0.32,0.55,2025-01-09,1021,N21,VIIRS,n,2.0NRT,284.39,1.94,N,2025-01-09 10:21:00,0.0020333338176029103,0.0016843334531081568,34.07099433345311,-118.5636233338176,34.07099433345311,-118.55955666618239,34.067625666546896,-118.55955666618239,34.067625666546896,-118.5636233338176,0.140625,258,0.2856,989.7855224609375,10,1.6399999856948853,0.0,0.0035600000992417336,25.0,285.8999938964844,292.6000061035156,6.0,62.0
34.06935,-118.60486,295.81,0.32,0.54,2025-01-09,1021,N21,VIIRS,n,2.0NRT,284.23,6.09,N,2025-01-09 10:21:00,0.002033334777592662,0.0016843334531081568,34.071034333453106,-118.6068933347776,34.071034333453106,-118.60282666522241,34.067665666546894,-118.60282666522241,34.067665666546894,-118.6068933347776,0.140625,516,0.4539,298.1758117675781,10,1.5299999713897705,0.0,0.003379999892786145,25.0,285.1000061035156,293.0,6.099999904632568,59.0
34.06973,-118.6785,313.67,0.63,0.54,2025-01-09,1021,N21,VIIRS,n,2.0NRT,284.62,7.36,N,2025-01-09 10:21:00,0.0020333438975899403,0.0016843334531081568,34.071414333453106,-118.6805333438976,34.071414333453106,-118.6764666561024,34.068045666546894,-118.6764666561024,34.068045666546894,-118.6805333438976,0.140625,495,0.3247,7.851822853088379,10,2.0399999618530273,0.0,0.0034000000450760126,20.0,285.20001220703125,291.70001220703125,6.300000190734863,68.0
34.07003,-118.67194,317.56,0.63,0.54,2025-01-09,1021,N21,VIIRS,n,2.0NRT,288.55,11.31,N,2025-01-09 10:21:00,0.002033351097708759,0.0016843334531081568,34.07171433345311,-118.67397335109771,34.07171433345311,-118.6699066489023,34.0683456665469,-118.6699066489023,34.0683456665469,-118.67397335109771,0.140625,601,0.2665,51.55775833129883,10,2.0399999618530273,0.0,0.0034000000450760126,20.0,285.20001220703125,291.70001220703125,6.300000190734863,68.0
34.07018,-118.56517,328.81,0.32,0.55,2025-01-09,1021,N21,VIIRS,n,2.0NRT,288.14,3.36,N,2025-01-09 10:21:00,0.002033354697808195,0.0016843334531081568,34.07186433345311,-118.56720335469781,34.07186433345311,-118.56313664530218,34.068495666546895,-118.56313664530218,34.068495666546895,-118.56720335469781,0.140625,284,0.2856,7.91660213470459,10,1.6399999856948853,0.0,0.0035600000992417336,25.0,285.8999938964844,292.6000061035156,6.0,62.0
34.07027,-118.60863,318.04,0.32,0.54,2025-01-09,1021,N21,VIIRS,n,2.0NRT,287.22,6.09,N,2025-01-09 10:21:00,0.002033356857880665,0.0016843334531081568,34.07195433345311,-118.61066335685788,34.07195433345311,-118.60659664314213,34.068585666546895,-118.60659664314213,34.068585666546895,-118.61066335685788,0.140625,516,0.4539,298.1758117675781,10,1.5299999713897705,0.0,0.003379999892786145,25.0,285.1000061035156,293.0,6.099999904632568,59.0
34.07131,-118.67722,345.44,0.63,0.54,2025-01-09,1021,N21,VIIRS,n,2.0NRT,292.03,11.31,N,2025-01-09 10:21:00,0.0020333818194149945,0.0016843334531081568,34.0729943334531,-118.67925338181942,34.0729943334531,-118.67518661818059,34.06962566654689,-118.67518661818059,34.06962566654689,-118.67925338181942,0.140625,495,0.3247,7.851822853088379,10,2.0399999618530273,0.0,0.0034000000450760126,20.0,285.20001220703125,291.70001220703125,6.300000190734863,68.0
34.07162,-118.61418,321.09,0.64,0.54,2025-01-09,1021,N21,VIIRS,n,2.0NRT,286.05,3.72,N,2025-01-09 10:21:00,0.0020333892601205198,0.0016843334531081568,34.07330433345311,-118.61621338926012,34.07330433345311,-118.61214661073988,34.0699356665469,-118.61214661073988,34.0699356665469,-118.61621338926012,0.140625,524,0.3655,127.57647705078125,10,1.5299999713897705,0.0,0.003379999892786145,25.0,285.1000061035156,293.0,6.099999904632568,59.0
34.07209,-118.55145,301.25,0.32,0.55,2025-01-09,1021,N21,VIIRS,n,2.0NRT,284.12,1.02,N,2025-01-09 10:21:00,0.0020334005414075935,0.0016843334531081568,34.07377433345311,-118.55348340054141,34.07377433345311,-118.5494165994586,34.0704056665469,-118.5494165994586,34.0704056665469,-118.55348340054141,0.140625,335,0.278,1099.7293701171875,50,1.6399999856948853,0.0,0.0035600000992417336,25.0,285.8999938964844,292.6000061035156,6.0,62.0
34.07333,-118.67181,313.92,0.63,0.54,2025-01-09,1021,N21,VIIRS,n,2.0NRT,287.34,6.19,N,2025-01-09 10:21:00,0.0020334303060607854,0.0016843334531081568,34.075014333453105,-118.67384343030605,34.075014333453105,-118.66977656969394,34.07164566654689,-118.66977656969394,34.07164566654689,-118.67384343030605,0.140625,601,0.2665,51.55775833129883,10,2.0399999618530273,0.0,0.0034000000450760126,20.0,285.20001220703125,291.70001220703125,6.300000190734863,68.0
34.07352,-118.55734,311.28,0.32,0.55,2025-01-09,1021,N21,VIIRS,n,2.0NRT,286.26,1.2,N,2025-01-09 10:21:00,0.0020334348669349116,0.0016843334531081568,34.07520433345311,-118.55937343486693,34.07520433345311,-118.55530656513307,34.071835666546896,-118.55530656513307,34.071835666546896,-118.55937343486693,0.140625,258,0.2856,989.7855224609375,10,1.6399999856948853,0.0,0.0035600000992417336,25.0,285.8999938964844,292.6000061035156,6.0,62.0
34.07423,-118.56024,324.19,0.32,0.55,2025-01-09,1021,N21,VIIRS,n,2.0NRT,287.21,1.2,N,2025-01-09 10:21:00,0.0020334519105803684,0.0016843334531081568,34.075914333453106,-118.56227345191057,34.075914333453106,-118.55820654808942,34.072545666546894,-118.55820654808942,34.072545666546894,-118.56227345191057,0.140625,258,0.2856,989.7855224609375,10,1.6399999856948853,0.0,0.0035600000992417336,25.0,285.8999938964844,292.6000061035156,6.0,62.0
34.07454,-118.67684,337.67,0.63,0.54,2025-01-09,1021,N21,VIIRS,n,2.0NRT,290.51,15.64,N,2025-01-09 10:21:00,0.0020334593523595856,0.0016843334531081568,34.076224333453105,-118.67887345935236,34.076224333453105,-118.67480654064764,34.07285566654689,-118.67480654064764,34.07285566654689,-118.67887345935236,0.140625,495,0.3247,7.851822853088379,10,2.0399999618530273,0.0,0.0034000000450760126,20.0,285.20001220703125,291.70001220703125,6.300000190734863,68.0
34.07499,-118.56335,295.14,0.32,0.55,2025-01-09,1021,N21,VIIRS,n,2.0NRT,284.35,1.18,N,2025-01-09 10:21:00,0.0020334701551451657,0.0016843334531081568,34.076674333453106,-118.56538347015514,34.076674333453106,-118.56131652984486,34.073305666546894,-118.56131652984486,34.073305666546894,-118.56538347015514,0.140625,335,0.25520000000000004,1176.1966552734375,10,1.6399999856948853,0.0,0.0035600000992417336,25.0,285.8999938964844,292.6000061035156,6.0,62.0
34.07616,-118.67571,332.86,0.63,0.54,2025-01-09,1021,N21,VIIRS,n,2.0NRT,286.68,11.31,N,2025-01-09 10:21:00,0.0020334982435119015,0.0016843334531081568,34.07784433345311,-118.6777434982435,34.07784433345311,-118.67367650175649,34.074475666546896,-118.67367650175649,34.074475666546896,-118.6777434982435,0.140625,349,0.38020000000000004,24.989290237426758,10,2.0399999618530273,0.0,0.0034000000450760126,20.0,285.20001220703125,291.70001220703125,6.300000190734863,68.0
34.07637,-118.54749,295.65,0.32,0.55,2025-01-09,1021,N21,VIIRS,n,2.0NRT,284.66,0.8,N,2025-01-09 10:21:00,0.002033503285185518,0.0016843334531081568,34.0780543334531,-118.54952350328519,34.0780543334531,-118.5454564967148,34.07468566654689,-118.5454564967148,34.07468566654689,-118.54952350328519,0.140625,459,0.2436,538.1364135742188,10,1.6399999856948853,0.0,0.0035600000992417336,25.0,285.8999938964844,292.6000061035156,6.0,62.0
34.07666,-118.57028,306.69,0.32,0.55,2025-01-09,1021,N21,VIIRS,n,2.0NRT,287.12,8.26,N,2025-01-09 10:21:00,0.0020335102475827122,0.0016843334531081568,34.0783443334531,-118.57231351024758,34.0783443334531,-118.56824648975241,34.07497566654689,-118.56824648975241,34.07497566654689,-118.57231351024758,0.140625,222,0.29700000000000004,467.368896484375,10,1.6399999856948853,0.0,0.0035600000992417336,25.0,285.8999938964844,292.6000061035156,6.0,62.0
34.07693,-118.66508,337.12,0.63,0.54,2025-01-09,1021,N21,VIIRS,n,2.0NRT,284.23,6.19,N,2025-01-09 10:21:00,0.0020335167299042715,0.0016843334531081568,34.0786143334531,-118.66711351672991,34.0786143334531,-118.6630464832701,34.07524566654689,-118.6630464832701,34.07524566654689,-118.66711351672991,0.140625,571,0.4268,24.989290237426758,10,2.0399999618530273,0.0,0.0034000000450760126,20.0,285.20001220703125,291.70001220703125,6.300000190734863,68.0
34.07711,-118.55051,296.26,0.32,0.55,2025-01-09,1021,N21,VIIRS,n,2.0NRT,284.56,1.02,N,2025-01-09 10:21:00,0.0020335210515000247,0.0016843334531081568,34.078794333453104,-118.5525435210515,34.078794333453104,-118.5484764789485,34.07542566654689,-118.5484764789485,34.07542566654689,-118.5525435210515,0.140625,459,0.2436,538.1364135742188,10,1.6399999856948853,0.0,0.0035600000992417336,25.0,285.8999938964844,292.6000061035156,6.0,62.0
34.07758,-118.59562,320.4,0.32,0.54,2025-01-09,1021,N21,VIIRS,n,2.0NRT,283.6,2.07,N,2025-01-09 10:21:00,0.0020335323358479343,0.0016843334531081568,34.079264333453104,-118.59765353233584,34.079264333453104,-118.59358646766415,34.07589566654689,-118.59358646766415,34.07589566654689,-118.59765353233584,0.140625,363,0.5322,349.26922607421875,10,1.5299999713897705,0.0,0.003379999892786145,25.0,285.1000061035156,293.0,6.099999904632568,59.0
34.07761,-118.57417,296.44,0.32,0.55,2025-01-09,1021,N21,VIIRS,n,2.0NRT,285.82,8.26,N,2025-01-09 10:21:00,0.002033533056134358,0.0016843334531081568,34.079294333453106,-118.57620353305613,34.079294333453106,-118.57213646694386,34.075925666546894,-118.57213646694386,34.075925666546894,-118.57620353305613,0.140625,308,0.2657,16.355701446533203,10,1.6399999856948853,0.0,0.0035600000992417336,25.0,285.8999938964844,292.6000061035156,6.0,62.0
34.07821,-118.67048,322.46,0.63,0.54,2025-01-09,1021,N21,VIIRS,n,2.0NRT,285.86,6.19,N,2025-01-09 10:21:00,0.002033547462087072,0.0016843334531081568,34.079894333453105,-118.67251354746209,34.079894333453105,-118.6684464525379,34.07652566654689,-118.6684464525379,34.07652566654689,-118.67251354746209,0.140625,571,0.4268,24.989290237426758,10,2.0399999618530273,0.0,0.0034000000450760126,20.0,285.20001220703125,291.70001220703125,6.300000190734863,68.0
34.07848,-118.66393,327.69,0.63,0.54,2025-01-09,1021,N21,VIIRS,n,2.0NRT,283.04,7.08,N,2025-01-09 10:21:00,0.0020335539449051394,0.0016843334531081568,34.080164333453105,-118.6659635539449,34.080164333453105,-118.66189644605508,34.07679566654689,-118.66189644605508,34.07679566654689,-118.6659635539449,0.140625,571,0.4268,24.989290237426758,10,2.0399999618530273,0.0,0.0034000000450760126,20.0,285.20001220703125,291.70001220703125,6.300000190734863,68.0
34.07854,-118.57801,304.8,0.32,0.54,2025-01-09,1021,N21,VIIRS,n,2.0NRT,286.81,16.67,N,2025-01-09 10:21:00,0.002033555385543122,0.0016843334531081568,34.0802243334531,-118.58004355538554,34.0802243334531,-118.57597644461447,34.07685566654689,-118.57597644461447,34.07685566654689,-118.58004355538554,0.140625,308,0.2657,16.355701446533203,10,1.6399999856948853,0.0,0.0035600000992417336,25.0,285.8999938964844,292.6000061035156,6.0,62.0
34.07922,-118.55923,295.17,0.32,0.55,2025-01-09,1021,N21,VIIRS,n,2.0NRT,284.57,1.2,N,2025-01-09 10:21:00,0.0020335717130721123,0.0016843334531081568,34.080904333453105,-118.56126357171307,34.080904333453105,-118.55719642828693,34.07753566654689,-118.55719642828693,34.07753566654689,-118.56126357171307,0.140625,335,0.25520000000000004,1176.1966552734375,10,1.6399999856948853,0.0,0.0035600000992417336,25.0,285.8999938964844,292.6000061035156,6.0,62.0
34.07937,-118.58145,299.59,0.32,0.54,2025-01-09,1021,N21,VIIRS,n,2.0NRT,285.45,16.67,N,2025-01-09 10:21:00,0.002033575314806777,0.0016843334531081568,34.0810543334531,-118.58348357531482,34.0810543334531,-118.57941642468519,34.07768566654689,-118.57941642468519,34.07768566654689,-118.58348357531482,0.140625,308,0.2657,16.355701446533203,10,1.6399999856948853,0.0,0.0035600000992417336,25.0,285.8999938964844,292.6000061035156,6.0,62.0
34.07979,-118.66927,322.21,0.63,0.54,2025-01-09,1021,N21,VIIRS,n,2.0NRT,285.04,4.94,N,2025-01-09 10:21:00,0.0020335853998058647,0.0016843334531081568,34.08147433345311,-118.6713035853998,34.08147433345311,-118.6672364146002,34.0781056665469,-118.6672364146002,34.0781056665469,-118.6713035853998,0.140625,571,0.4268,24.989290237426758,10,2.0399999618530273,0.0,0.0034000000450760126,20.0,285.20001220703125,291.70001220703125,6.300000190734863,68.0
34.07992,-118.56213,302.45,0.32,0.55,2025-01-09,1021,N21,VIIRS,n,2.0NRT,285.15,1.18,N,2025-01-09 10:21:00,0.002033588521395619,0.0016843334531081568,34.08160433345311,-118.5641635885214,34.08160433345311,-118.5600964114786,34.078235666546895,-118.5600964114786,34.078235666546895,-118.5641635885214,0.140625,335,0.25520000000000004,1176.1966552734375,10,1.6399999856948853,0.0,0.0035600000992417336,25.0,285.8999938964844,292.6000061035156,6.0,62.0
34.08012,-118.58453,300.69,0.32,0.54,2025-01-09,1021,N21,VIIRS,n,2.0NRT,285.49,14.19,N,2025-01-09 10:21:00,0.002033593323880552,0.0016843334531081568,34.08180433345311,-118.58656359332389,34.08180433345311,-118.58249640667611,34.078435666546895,-118.58249640667611,34.078435666546895,-118.58656359332389,0.140625,251,0.2619,1.8366374969482422,10,1.5299999713897705,0.0,0.003379999892786145,25.0,285.1000061035156,293.0,6.099999904632568,59.0
34.08068,-118.56522,309.59,0.32,0.55,2025-01-09,1021,N21,VIIRS,n,2.0NRT,287.22,1.18,N,2025-01-09 10:21:00,0.00203360677109086,0.0016843334531081568,34.08236433345311,-118.56725360677109,34.08236433345311,-118.5631863932289,34.078995666546895,-118.5631863932289,34.078995666546895,-118.56725360677109,0.140625,222,0.29700000000000004,467.368896484375,10,1.6399999856948853,0.0,0.0035600000992417336,25.0,285.8999938964844,292.6000061035156,6.0,62.0
34.08088,-118.58765,329.33,0.32,0.54,2025-01-09,1021,N21,VIIRS,n,2.0NRT,286.0,14.19,N,2025-01-09 10:21:00,0.0020336115737561496,0.0016843334531081568,34.08256433345311,-118.58968361157375,34.08256433345311,-118.58561638842625,34.079195666546894,-118.58561638842625,34.079195666546894,-118.58968361157375,0.140625,251,0.2619,1.8366374969482422,10,1.5299999713897705,0.0,0.003379999892786145,25.0,285.1000061035156,293.0,6.099999904632568,59.0
34.08146,-118.56845,307.84,0.32,0.55,2025-01-09,1021,N21,VIIRS,n,2.0NRT,287.3,8.26,N,2025-01-09 10:21:00,0.002033625501753897,0.0016843334531081568,34.083144333453106,-118.57048362550175,34.083144333453106,-118.56641637449825,34.079775666546894,-118.56641637449825,34.079775666546894,-118.57048362550175,0.140625,222,0.29700000000000004,467.368896484375,10,1.6399999856948853,0.0,0.0035600000992417336,25.0,285.8999938964844,292.6000061035156,6.0,62.0
34.08165,-118.59083,352.56,0.32,0.54,2025-01-09,1021,N21,VIIRS,n,2.0NRT,292.08,23.55,N,2025-01-09 10:21:00,0.0020336300644606493,0.0016843334531081568,34.08333433345311,-118.59286363006446,34.08333433345311,-118.58879636993554,34.0799656665469,-118.58879636993554,34.0799656665469,-118.59286363006446,0.140625,251,0.2619,1.8366374969482422,10,1.5299999713897705,0.0,0.003379999892786145,25.0,285.1000061035156,293.0,6.099999904632568,59.0
34.08231,-118.57195,348.18,0.32,0.55,2025-01-09,1021,N21,VIIRS,n,2.0NRT,309.65,8.26,N,2025-01-09 10:21:00,0.0020336459141959058,0.0016843334531081568,34.083994333453106,-118.5739836459142,34.083994333453106,-118.5699163540858,34.080625666546894,-118.5699163540858,34.080625666546894,-118.5739836459142,0.140625,222,0.29700000000000004,467.368896484375,10,1.6399999856948853,0.0,0.0035600000992417336,25.0,285.8999938964844,292.6000061035156,6.0,62.0
34.08241,-118.59397,339.71,0.32,0.54,2025-01-09,1021,N21,VIIRS,n,2.0NRT,314.58,23.55,N,2025-01-09 10:21:00,0.0020336483157160374,0.0016843334531081568,34.08409433345311,-118.59600364831572,34.08409433345311,-118.59193635168428,34.0807256665469,-118.59193635168428,34.0807256665469,-118.59600364831572,0.140625,363,0.5322,349.26922607421875,10,1.5299999713897705,0.0,0.003379999892786145,25.0,285.1000061035156,293.0,6.099999904632568,59.0
34.08319,-118.64033,316.17,0.63,0.54,2025-01-09,1021,N21,VIIRS,n,2.0NRT,284.52,4.26,N,2025-01-09 10:21:00,0.002033667047980337,0.0016843334531081568,34.08487433345311,-118.64236366704799,34.08487433345311,-118.63829633295202,34.081505666546896,-118.63829633295202,34.081505666546896,-118.64236366704799,0.140625,625,0.30760000000000004,30.51580047607422,10,1.7100000381469727,0.0,0.0033599999733269215,20.0,285.0,290.79998779296875,6.199999809265137,70.0
34.0832,-118.59726,342.93,0.32,0.54,2025-01-09,1021,N21,VIIRS,n,2.0NRT,283.57,49.87,N,2025-01-09 10:21:00,0.002033667288142259,0.0016843334531081568,34.084884333453104,-118.59929366728815,34.084884333453104,-118.59522633271186,34.08151566654689,-118.59522633271186,34.08151566654689,-118.59929366728815,0.140625,363,0.5322,349.26922607421875,10,1.5299999713897705,0.0,0.003379999892786145,25.0,285.1000061035156,293.0,6.099999904632568,59.0
34.08321,-118.57568,367.0,0.32,0.54,2025-01-09,1021,N21,VIIRS,h,2.0NRT,300.65,16.67,N,2025-01-09 10:21:00,0.0020336675283043,0.0016843334531081568,34.08489433345311,-118.57771366752831,34.08489433345311,-118.5736463324717,34.081525666546895,-118.5736463324717,34.081525666546895,-118.57771366752831,0.140625,308,0.2657,16.355701446533203,10,1.6399999856948853,0.0,0.0035600000992417336,25.0,285.8999938964844,292.6000061035156,6.0,62.0
34.08409,-118.57932,350.83,0.32,0.54,2025-01-09,1021,N21,VIIRS,n,2.0NRT,308.34,16.67,N,2025-01-09 10:21:00,0.0020336886630286134,0.0016843334531081568,34.08577433345311,-118.58135368866303,34.08577433345311,-118.57728631133696,34.0824056665469,-118.57728631133696,34.0824056665469,-118.58135368866303,0.140625,272,0.3592,10.960784912109375,10,0.8999999761581421,0.0,0.0028899998869746923,25.0,284.8999938964844,290.8999938964844,6.5,70.0
34.08494,-118.58285,367.0,0.32,0.54,2025-01-09,1021,N21,VIIRS,h,2.0NRT,294.71,14.19,N,2025-01-09 10:21:00,0.0020337090781235344,0.0016843334531081568,34.08662433345311,-118.58488370907811,34.08662433345311,-118.58081629092187,34.0832556665469,-118.58081629092187,34.0832556665469,-118.58488370907811,0.140625,356,0.42210000000000003,120.58776092529297,10,1.0099999904632568,0.0,0.0027799999807029963,25.0,284.3999938964844,291.3999938964844,6.599999904632568,70.0
34.08557,-118.52043,345.24,0.32,0.55,2025-01-09,1021,N21,VIIRS,n,2.0NRT,288.57,5.78,N,2025-01-09 10:21:00,0.0020337242098648267,0.0016843334531081568,34.0872543334531,-118.52246372420987,34.0872543334531,-118.51839627579014,34.08388566654689,-118.51839627579014,34.08388566654689,-118.52246372420987,0.140625,278,0.2156,0.4342634677886963,10,1.1799999475479126,0.0,0.003060000017285347,25.0,285.20001220703125,291.6000061035156,6.400000095367432,69.0
34.08562,-118.56403,302.1,0.32,0.55,2025-01-09,1021,N21,VIIRS,n,2.0NRT,288.22,1.29,N,2025-01-09 10:21:00,0.0020337254108168516,0.0016843334531081568,34.087304333453105,-118.56606372541081,34.087304333453105,-118.56199627458919,34.08393566654689,-118.56199627458919,34.08393566654689,-118.56606372541081,0.140625,434,0.233,10.674381256103516,10,0.8999999761581421,0.0,0.0028899998869746923,25.0,284.8999938964844,290.8999938964844,6.5,70.0
34.08579,-118.58636,339.7,0.32,0.54,2025-01-09,1021,N21,VIIRS,n,2.0NRT,303.23,14.19,N,2025-01-09 10:21:00,0.002033729494075931,0.0016843334531081568,34.08747433345311,-118.58839372949407,34.08747433345311,-118.58432627050593,34.0841056665469,-118.58432627050593,34.0841056665469,-118.58839372949407,0.140625,356,0.42210000000000003,120.58776092529297,10,1.0099999904632568,0.0,0.0027799999807029963,25.0,284.3999938964844,291.3999938964844,6.599999904632568,70.0
34.08636,-118.56709,332.97,0.32,0.55,2025-01-09,1021,N21,VIIRS,n,2.0NRT,291.39,10.28,N,2025-01-09 10:21:00,0.0020337431852537435,0.0016843334531081568,34.088044333453105,-118.56912374318524,34.088044333453105,-118.56505625681474,34.08467566654689,-118.56505625681474,34.08467566654689,-118.56912374318524,0.140625,283,0.3778,16.49759292602539,10,0.8999999761581421,0.0,0.0028899998869746923,25.0,284.8999938964844,290.8999938964844,6.5,70.0
34.0866,-118.58971,367.0,0.32,0.54,2025-01-09,1021,N21,VIIRS,h,2.0NRT,287.12,23.55,N,2025-01-09 10:21:00,0.0020337489500755566,0.0016843334531081568,34.0882843334531,-118.59174374895007,34.0882843334531,-118.58767625104993,34.08491566654689,-118.58767625104993,34.08491566654689,-118.59174374895007,0.140625,356,0.42210000000000003,120.58776092529297,10,1.0099999904632568,0.0,0.0027799999807029963,25.0,284.3999938964844,291.3999938964844,6.599999904632568,70.0
34.08715,-118.5703,367.0,0.32,0.55,2025-01-09,1021,N21,VIIRS,h,2.0NRT,296.56,10.28,N,2025-01-09 10:21:00,0.0020337621613834038,0.0016843334531081568,34.08883433345311,-118.57233376216139,34.08883433345311,-118.56826623783861,34.085465666546895,-118.56826623783861,34.085465666546895,-118.57233376216139,0.140625,283,0.3778,16.49759292602539,10,0.8999999761581421,0.0,0.0028899998869746923,25.0,284.8999938964844,290.8999938964844,6.5,70.0
34.08724,-118.52734,299.73,0.32,0.55,2025-01-09,1021,N21,VIIRS,n,2.0NRT,288.17,20.96,N,2025-01-09 10:21:00,0.0020337643232679623,0.0016843334531081568,34.08892433345311,-118.52937376432327,34.08892433345311,-118.52530623567672,34.085555666546895,-118.52530623567672,34.085555666546895,-118.52937376432327,0.140625,278,0.2156,0.4342634677886963,10,1.1799999475479126,0.0,0.003060000017285347,25.0,285.20001220703125,291.6000061035156,6.400000095367432,69.0
34.08798,-118.57376,295.49,0.32,0.54,2025-01-09,1021,N21,VIIRS,n,2.0NRT,284.59,6.29,N,2025-01-09 10:21:00,0.0020337820991277377,0.0016843334531081568,34.08966433345311,-118.57579378209913,34.08966433345311,-118.57172621790086,34.086295666546896,-118.57172621790086,34.086295666546896,-118.57579378209913,0.140625,272,0.3592,10.960784912109375,10,0.8999999761581421,0.0,0.0028899998869746923,25.0,284.8999938964844,290.8999938964844,6.5,70.0
34.08814,-118.53107,304.73,0.32,0.55,2025-01-09,1021,N21,VIIRS,n,2.0NRT,288.8,37.29,N,2025-01-09 10:21:00,0.002033785942642341,0.0016843334531081568,34.08982433345311,-118.53310378594264,34.08982433345311,-118.52903621405736,34.0864556665469,-118.52903621405736,34.0864556665469,-118.53310378594264,0.140625,342,0.2156,0.6009741425514221,10,1.1799999475479126,0.0,0.003060000017285347,25.0,285.20001220703125,291.6000061035156,6.400000095367432,69.0
34.08912,-118.53513,316.0,0.32,0.55,2025-01-09,1021,N21,VIIRS,n,2.0NRT,291.48,37.29,N,2025-01-09 10:21:00,0.002033809484832353,0.0016843334531081568,34.09080433345311,-118.53716380948482,34.09080433345311,-118.53309619051517,34.087435666546895,-118.53309619051517,34.087435666546895,-118.53716380948482,0.140625,342,0.2156,0.6009741425514221,10,1.1799999475479126,0.0,0.003060000017285347,25.0,285.20001220703125,291.6000061035156,6.400000095367432,69.0
34.08994,-118.56024,298.12,0.32,0.55,2025-01-09,1021,N21,VIIRS,n,2.0NRT,287.39,1.29,N,2025-01-09 10:21:00,0.00203382918427555,0.0016843334531081568,34.091624333453105,-118.56227382918426,34.091624333453105,-118.55820617081572,34.08825566654689,-118.55820617081572,34.08825566654689,-118.56227382918426,0.140625,434,0.233,10.674381256103516,10,0.8999999761581421,0.0,0.0028899998869746923,25.0,284.8999938964844,290.8999938964844,6.5,70.0
34.09008,-118.53915,319.47,0.32,0.55,2025-01-09,1021,N21,VIIRS,n,2.0NRT,290.87,21.23,N,2025-01-09 10:21:00,0.0020338325476748926,0.0016843334531081568,34.091764333453106,-118.54118383254769,34.091764333453106,-118.53711616745233,34.088395666546894,-118.53711616745233,34.088395666546894,-118.54118383254769,0.140625,452,0.2129,0.9667723774909973,10,0.8999999761581421,0.0,0.0028899998869746923,25.0,284.8999938964844,290.8999938964844,6.5,70.0
34.09053,-118.51926,342.17,0.32,0.55,2025-01-09,1021,N21,VIIRS,n,2.0NRT,287.11,5.78,N,2025-01-09 10:21:00,0.0020338433587589405,0.0016843334531081568,34.09221433345311,-118.52129384335876,34.09221433345311,-118.51722615664124,34.088845666546895,-118.51722615664124,34.088845666546895,-118.52129384335876,0.140625,320,0.1986,109.09176635742188,10,1.1799999475479126,0.0,0.003060000017285347,25.0,285.20001220703125,291.6000061035156,6.400000095367432,69.0
34.09101,-118.54301,352.37,0.32,0.55,2025-01-09,1021,N21,VIIRS,n,2.0NRT,294.45,21.23,N,2025-01-09 10:21:00,0.002033854890846894,0.0016843334531081568,34.0926943334531,-118.54504385489084,34.0926943334531,-118.54097614510916,34.08932566654689,-118.54097614510916,34.08932566654689,-118.54504385489084,0.140625,452,0.2129,0.9667723774909973,10,0.8999999761581421,0.0,0.0028899998869746923,25.0,284.8999938964844,290.8999938964844,6.5,70.0
34.09132,-118.52251,367.0,0.32,0.55,2025-01-09,1021,N21,VIIRS,h,2.0NRT,295.09,20.96,N,2025-01-09 10:21:00,0.0020338623387990643,0.0016843334531081568,34.09300433345311,-118.5245438623388,34.09300433345311,-118.52047613766119,34.0896356665469,-118.52047613766119,34.0896356665469,-118.5245438623388,0.140625,278,0.2156,0.4342634677886963,10,1.1799999475479126,0.0,0.003060000017285347,25.0,285.20001220703125,291.6000061035156,6.400000095367432,69.0
34.09191,-118.54675,367.0,0.32,0.55,2025-01-09,1021,N21,VIIRS,h,2.0NRT,297.77,15.16,N,2025-01-09 10:21:00,0.002033876514249039,0.0016843334531081568,34.093594333453105,-118.54878387651425,34.093594333453105,-118.54471612348576,34.09022566654689,-118.54471612348576,34.09022566654689,-118.54878387651425,0.140625,507,0.2151,8.477612495422363,10,0.8999999761581421,0.0,0.0028899998869746923,25.0,284.8999938964844,290.8999938964844,6.5,70.0
34.09211,-118.5258,320.88,0.32,0.55,2025-01-09,1021,N21,VIIRS,n,2.0NRT,304.85,20.96,N,2025-01-09 10:21:00,0.002033881319580108,0.0016843334531081568,34.093794333453104,-118.52783388131958,34.093794333453104,-118.52376611868043,34.09042566654689,-118.52376611868043,34.09042566654689,-118.52783388131958,0.140625,278,0.2156,0.4342634677886963,10,1.1799999475479126,0.0,0.003060000017285347,25.0,285.20001220703125,291.6000061035156,6.400000095367432,69.0
34.09274,-118.55019,367.0,0.32,0.55,2025-01-09,1021,N21,VIIRS,h,2.0NRT,293.81,15.16,N,2025-01-09 10:21:00,0.0020338964566833763,0.0016843334531081568,34.094424333453105,-118.55222389645668,34.094424333453105,-118.54815610354332,34.09105566654689,-118.54815610354332,34.09105566654689,-118.55222389645668,0.140625,542,0.21400000000000002,10.64715576171875,10,0.8999999761581421,0.0,0.0028899998869746923,25.0,284.8999938964844,290.8999938964844,6.5,70.0
34.09295,-118.52926,346.19,0.32,0.55,2025-01-09,1021,N21,VIIRS,n,2.0NRT,332.53,37.29,N,2025-01-09 10:21:00,0.0020339015024891816,0.0016843334531081568,34.09463433345311,-118.53129390150248,34.09463433345311,-118.52722609849751,34.091265666546896,-118.52722609849751,34.091265666546896,-118.53129390150248,0.140625,331,0.21830000000000002,0.6009743213653564,10,1.1799999475479126,0.0,0.003060000017285347,25.0,285.20001220703125,291.6000061035156,6.400000095367432,69.0
34.09354,-118.55348,351.32,0.32,0.55,2025-01-09,1021,N21,VIIRS,n,2.0NRT,289.64,9.69,N,2025-01-09 10:21:00,0.0020339156790809276,0.0016843334531081568,34.0952243334531,-118.55551391567907,34.0952243334531,-118.55144608432092,34.09185566654689,-118.55144608432092,34.09185566654689,-118.55551391567907,0.140625,542,0.21400000000000002,10.64715576171875,10,0.8999999761581421,0.0,0.0028899998869746923,25.0,284.8999938964844,290.8999938964844,6.5,70.0
34.09386,-118.53306,346.24,0.32,0.55,2025-01-09,1021,N21,VIIRS,n,2.0NRT,324.6,37.29,N,2025-01-09 10:21:00,0.0020339233682527117,0.0016843334531081568,34.095544333453105,-118.53509392336827,34.095544333453105,-118.53102607663175,34.09217566654689,-118.53102607663175,34.09217566654689,-118.53509392336827,0.140625,331,0.21830000000000002,0.6009743213653564,10,1.1799999475479126,0.0,0.003060000017285347,25.0,285.20001220703125,291.6000061035156,6.400000095367432,69.0
34.09428,-118.55653,367.0,0.32,0.55,2025-01-09,1021,N21,VIIRS,h,2.0NRT,289.86,9.69,N,2025-01-09 10:21:00,0.0020339334604751887,0.0016843334531081568,34.095964333453104,-118.55856393346048,34.095964333453104,-118.55449606653951,34.09259566654689,-118.55449606653951,34.09259566654689,-118.55856393346048,0.140625,506,0.4088,10.960787773132324,10,0.8999999761581421,0.0,0.0028899998869746923,25.0,284.8999938964844,290.8999938964844,6.5,70.0
34.09481,-118.53698,367.0,0.32,0.55,2025-01-09,1021,N21,VIIRS,h,2.0NRT,309.64,21.23,N,2025-01-09 10:21:00,0.0020339461961977065,0.0016843334531081568,34.09649433345311,-118.53901394619619,34.09649433345311,-118.53494605380381,34.0931256665469,-118.53494605380381,34.0931256665469,-118.53901394619619,0.140625,331,0.21830000000000002,0.6009743213653564,10,1.1799999475479126,0.0,0.003060000017285347,25.0,285.20001220703125,291.6000061035156,6.400000095367432,69.0
34.09579,-118.54109,343.43,0.32,0.55,2025-01-09,1021,N21,VIIRS,n,2.0NRT,299.36,21.23,N,2025-01-09 10:21:00,0.0020339697461480783,0.0016843334531081568,34.09747433345311,-118.54312396974615,34.09747433345311,-118.53905603025385,34.094105666546895,-118.53905603025385,34.094105666546895,-118.54312396974615,0.140625,420,0.19390000000000002,0.9146744608879089,10,0.8999999761581421,0.0,0.0028899998869746923,25.0,284.8999938964844,290.8999938964844,6.5,70.0
34.09628,-118.52134,354.35,0.32,0.55,2025-01-09,1021,N21,VIIRS,n,2.0NRT,288.08,13.32,N,2025-01-09 10:21:00,0.002033981521550915,0.0016843334531081568,34.097964333453106,-118.52337398152154,34.097964333453106,-118.51930601847845,34.094595666546894,-118.51930601847845,34.094595666546894,-118.52337398152154,0.140625,372,0.21450000000000002,7.281891345977783,10,1.1799999475479126,0.0,0.003060000017285347,25.0,285.20001220703125,291.6000061035156,6.400000095367432,69.0
34.09677,-118.54516,367.0,0.32,0.55,2025-01-09,1021,N21,VIIRS,h,2.0NRT,297.79,15.16,N,2025-01-09 10:21:00,0.0020339932972388616,0.0016843334531081568,34.098454333453105,-118.54719399329723,34.098454333453105,-118.54312600670276,34.09508566654689,-118.54312600670276,34.09508566654689,-118.54719399329723,0.140625,420,0.19390000000000002,0.9146744608879089,10,0.8999999761581421,0.0,0.0028899998869746923,25.0,284.8999938964844,290.8999938964844,6.5,70.0
34.09705,-118.52452,367.0,0.32,0.55,2025-01-09,1021,N21,VIIRS,h,2.0NRT,291.54,13.32,N,2025-01-09 10:21:00,0.002034000026331413,0.0016843334531081568,34.09873433345311,-118.52655400002632,34.09873433345311,-118.52248599997367,34.0953656665469,-118.52248599997367,34.0953656665469,-118.52655400002632,0.140625,372,0.21450000000000002,7.281891345977783,10,1.1799999475479126,0.0,0.003060000017285347,25.0,285.20001220703125,291.6000061035156,6.400000095367432,69.0
34.09764,-118.54879,295.49,0.32,0.55,2025-01-09,1021,N21,VIIRS,n,2.0NRT,284.56,15.16,N,2025-01-09 10:21:00,0.002034014205795493,0.0016843334531081568,34.099324333453104,-118.55082401420579,34.099324333453104,-118.5467559857942,34.09595566654689,-118.5467559857942,34.09595566654689,-118.55082401420579,0.140625,542,0.21400000000000002,10.64715576171875,10,0.8999999761581421,0.0,0.0028899998869746923,25.0,284.8999938964844,290.8999938964844,6.5,70.0
34.09785,-118.52782,318.91,0.32,0.55,2025-01-09,1021,N21,VIIRS,n,2.0NRT,286.44,4.24,N,2025-01-09 10:21:00,0.0020340192528231385,0.0016843334531081568,34.09953433345311,-118.52985401925282,34.09953433345311,-118.52578598074719,34.096165666546895,-118.52578598074719,34.096165666546895,-118.52985401925282,0.140625,372,0.21450000000000002,7.281891345977783,10,1.1799999475479126,0.0,0.003060000017285347,25.0,285.20001220703125,291.6000061035156,6.400000095367432,69.0
34.09872,-118.53149,301.27,0.32,0.55,2025-01-09,1021,N21,VIIRS,n,2.0NRT,284.98,4.24,N,2025-01-09 10:21:00,0.002034040162495587,0.0016843334531081568,34.100404333453106,-118.5335240401625,34.100404333453106,-118.5294559598375,34.097035666546894,-118.5294559598375,34.097035666546894,-118.5335240401625,0.140625,331,0.21830000000000002,0.6009743213653564,10,1.1799999475479126,0.0,0.003060000017285347,25.0,285.20001220703125,291.6000061035156,6.400000095367432,69.0
34.0424,-118.54356,327.79,0.52,0.67,2025-01-09,2001,N21,VIIRS,n,2.0NRT,295.42,2.06,D,2025-01-09 20:01:00,0.0020326884143475493,0.0016843334531081568,34.04408433345311,-118.54559268841435,34.04408433345311,-118.54152731158565,34.040715666546895,-118.54152731158565,34.040715666546895,-118.54559268841435,0.140625,56,0.3049,2464.794921875,10,,0.0,0.004129999782890081,25.0,285.0,295.0,5.599999904632568,52.0
34.06622,-118.64459,340.63,0.52,0.67,2025-01-09,2001,N21,VIIRS,n,2.0NRT,293.56,5.6,D,2025-01-09 20:01:00,0.0020332596641293144,0.0016843334531081568,34.06790433345311,-118.64662325966412,34.06790433345311,-118.64255674033586,34.064535666546895,-118.64255674033586,34.064535666546895,-118.64662325966412,0.140625,420,0.2543,45.71382522583008,10,1.7100000381469727,0.0,0.0033599999733269215,20.0,285.0,290.79998779296875,6.199999809265137,70.0
34.06882,-118.6822,341.04,0.53,0.67,2025-01-09,2001,N21,VIIRS,n,2.0NRT,294.49,18.73,D,2025-01-09 20:01:00,0.0020333220578824455,0.0016843334531081568,34.07050433345311,-118.68423332205788,34.07050433345311,-118.68016667794211,34.067135666546896,-118.68016667794211,34.067135666546896,-118.68423332205788,0.140625,367,0.42500000000000004,9.617043495178223,10,2.0399999618530273,0.0,0.0034000000450760126,20.0,285.20001220703125,291.70001220703125,6.300000190734863,68.0
34.07033,-118.68095,367.0,0.53,0.67,2025-01-09,2001,N21,VIIRS,h,2.0NRT,296.97,15.75,D,2025-01-09 20:01:00,0.0020333582979343155,0.0016843334531081568,34.072014333453104,-118.68298335829793,34.072014333453104,-118.67891664170206,34.06864566654689,-118.67891664170206,34.06864566654689,-118.68298335829793,0.140625,495,0.3247,7.851822853088379,10,2.0399999618530273,0.0,0.0034000000450760126,20.0,285.20001220703125,291.70001220703125,6.300000190734863,68.0
34.07085,-118.67485,367.0,0.53,0.67,2025-01-09,2001,N21,VIIRS,h,2.0NRT,299.71,22.44,D,2025-01-09 20:01:00,0.002033370778578134,0.0016843334531081568,34.072534333453106,-118.67688337077858,34.072534333453106,-118.67281662922143,34.069165666546894,-118.67281662922143,34.069165666546894,-118.67688337077858,0.140625,495,0.3247,7.851822853088379,10,2.0399999618530273,0.0,0.0034000000450760126,20.0,285.20001220703125,291.70001220703125,6.300000190734863,68.0
34.07264,-118.67283,338.21,0.52,0.67,2025-01-09,2001,N21,VIIRS,n,2.0NRT,298.15,13.51,D,2025-01-09 20:01:00,0.0020334137432464422,0.0016843334531081568,34.074324333453106,-118.67486341374325,34.074324333453106,-118.67079658625676,34.070955666546894,-118.67079658625676,34.070955666546894,-118.67486341374325,0.140625,495,0.3247,7.851822853088379,10,2.0399999618530273,0.0,0.0034000000450760126,20.0,285.20001220703125,291.70001220703125,6.300000190734863,68.0
34.0743,-118.61536,367.0,0.52,0.67,2025-01-09,2001,N21,VIIRS,h,2.0NRT,296.76,13.56,D,2025-01-09 20:01:00,0.0020334535909721633,0.0016843334531081568,34.07598433345311,-118.61739345359096,34.07598433345311,-118.61332654640903,34.072615666546895,-118.61332654640903,34.072615666546895,-118.61739345359096,0.140625,524,0.3655,127.57647705078125,10,1.5299999713897705,0.0,0.003379999892786145,25.0,285.1000061035156,293.0,6.099999904632568,59.0
34.0755,-118.61103,350.83,0.52,0.67,2025-01-09,2001,N21,VIIRS,n,2.0NRT,295.71,13.56,D,2025-01-09 20:01:00,0.0020334823985925523,0.0016843334531081568,34.077184333453104,-118.61306348239859,34.077184333453104,-118.60899651760141,34.07381566654689,-118.60899651760141,34.07381566654689,-118.61306348239859,0.140625,627,0.6373,48.49842834472656,10,1.5299999713897705,0.0,0.003379999892786145,25.0,285.1000061035156,293.0,6.099999904632568,59.0
34.08023,-118.59391,326.89,0.52,0.67,2025-01-09,2001,N21,VIIRS,n,2.0NRT,287.83,9.57,D,2025-01-09 20:01:00,0.002033595965267495,0.0016843334531081568,34.081914333453106,-118.59594359596527,34.081914333453106,-118.59187640403472,34.078545666546894,-118.59187640403472,34.078545666546894,-118.59594359596527,0.140625,363,0.5322,349.26922607421875,10,1.5299999713897705,0.0,0.003379999892786145,25.0,285.1000061035156,293.0,6.099999904632568,59.0
34.08191,-118.58784,339.57,0.52,0.67,2025-01-09,2001,N21,VIIRS,n,2.0NRT,290.68,33.06,D,2025-01-09 20:01:00,0.0020336363082340443,0.0016843334531081568,34.08359433345311,-118.58987363630824,34.08359433345311,-118.58580636369176,34.080225666546895,-118.58580636369176,34.080225666546895,-118.58987363630824,0.140625,251,0.2619,1.8366374969482422,10,1.5299999713897705,0.0,0.003379999892786145,25.0,285.1000061035156,293.0,6.099999904632568,59.0
34.08344,-118.58231,342.72,0.52,0.67,2025-01-09,2001,N21,VIIRS,n,2.0NRT,297.9,33.06,D,2025-01-09 20:01:00,0.0020336730520639913,0.0016843334531081568,34.08512433345311,-118.58434367305208,34.08512433345311,-118.58027632694794,34.0817556665469,-118.58027632694794,34.0817556665469,-118.58434367305208,0.140625,308,0.2657,16.355701446533203,10,1.6399999856948853,0.0,0.0035600000992417336,25.0,285.8999938964844,292.6000061035156,6.0,62.0
34.08474,-118.57758,367.0,0.52,0.67,2025-01-09,2001,N21,VIIRS,h,2.0NRT,312.29,41.76,D,2025-01-09 20:01:00,0.0020337042744946457,0.0016843334531081568,34.0864243334531,-118.5796137042745,34.0864243334531,-118.5755462957255,34.08305566654689,-118.5755462957255,34.08305566654689,-118.5796137042745,0.140625,272,0.3592,10.960784912109375,10,0.8999999761581421,0.0,0.0028899998869746923,25.0,284.8999938964844,290.8999938964844,6.5,70.0
34.08604,-118.57288,367.0,0.52,0.67,2025-01-09,2001,N21,VIIRS,h,2.0NRT,300.37,41.76,D,2025-01-09 20:01:00,0.0020337354989310046,0.0016843334531081568,34.0877243334531,-118.57491373549892,34.0877243334531,-118.57084626450107,34.08435566654689,-118.57084626450107,34.08435566654689,-118.57491373549892,0.140625,283,0.3778,16.49759292602539,10,0.8999999761581421,0.0,0.0028899998869746923,25.0,284.8999938964844,290.8999938964844,6.5,70.0
34.08625,-118.59557,345.15,0.52,0.67,2025-01-09,2001,N21,VIIRS,n,2.0NRT,289.04,15.84,D,2025-01-09 20:01:00,0.0020337405430665935,0.0016843334531081568,34.087934333453106,-118.59760374054306,34.087934333453106,-118.59353625945693,34.084565666546894,-118.59353625945693,34.084565666546894,-118.59760374054306,0.140625,280,0.527,643.9362182617188,10,1.0099999904632568,0.0,0.0027799999807029963,25.0,284.3999938964844,291.3999938964844,6.599999904632568,70.0
34.0876,-118.56721,348.49,0.52,0.67,2025-01-09,2001,N21,VIIRS,n,2.0NRT,294.96,18.97,D,2025-01-09 20:01:00,0.00203377297090234,0.0016843334531081568,34.08928433345311,-118.5692437729709,34.08928433345311,-118.5651762270291,34.085915666546896,-118.5651762270291,34.085915666546896,-118.5692437729709,0.140625,283,0.3778,16.49759292602539,10,0.8999999761581421,0.0,0.0028899998869746923,25.0,284.8999938964844,290.8999938964844,6.5,70.0
34.08778,-118.51979,346.9,0.51,0.66,2025-01-09,2001,N21,VIIRS,n,2.0NRT,312.65,35.35,D,2025-01-09 20:01:00,0.0020337772947772153,0.0016843334531081568,34.08946433345311,-118.52182377729478,34.08946433345311,-118.51775622270522,34.086095666546896,-118.51775622270522,34.086095666546896,-118.52182377729478,0.140625,278,0.2156,0.4342634677886963,10,1.1799999475479126,0.0,0.003060000017285347,25.0,285.20001220703125,291.6000061035156,6.400000095367432,69.0
34.08791,-118.58953,367.0,0.52,0.67,2025-01-09,2001,N21,VIIRS,h,2.0NRT,294.85,40.03,D,2025-01-09 20:01:00,0.0020337804175996543,0.0016843334531081568,34.08959433345311,-118.5915637804176,34.08959433345311,-118.58749621958239,34.086225666546895,-118.58749621958239,34.086225666546895,-118.5915637804176,0.140625,356,0.42210000000000003,120.58776092529297,10,1.0099999904632568,0.0,0.0027799999807029963,25.0,284.3999938964844,291.3999938964844,6.599999904632568,70.0
34.08939,-118.5842,338.08,0.52,0.67,2025-01-09,2001,N21,VIIRS,n,2.0NRT,302.74,40.03,D,2025-01-09 20:01:00,0.0020338159711462407,0.0016843334531081568,34.09107433345311,-118.58623381597114,34.09107433345311,-118.58216618402885,34.087705666546896,-118.58216618402885,34.087705666546896,-118.58623381597114,0.140625,356,0.42210000000000003,120.58776092529297,10,1.0099999904632568,0.0,0.0027799999807029963,25.0,284.3999938964844,291.3999938964844,6.599999904632568,70.0
34.08947,-118.51366,330.7,0.51,0.66,2025-01-09,2001,N21,VIIRS,n,2.0NRT,295.45,35.35,D,2025-01-09 20:01:00,0.0020338178930336412,0.0016843334531081568,34.091154333453105,-118.51569381789304,34.091154333453105,-118.51162618210697,34.08778566654689,-118.51162618210697,34.08778566654689,-118.51569381789304,0.140625,320,0.1986,109.09176635742188,10,1.1799999475479126,0.0,0.003060000017285347,25.0,285.20001220703125,291.6000061035156,6.400000095367432,69.0
34.08968,-118.55968,355.58,0.52,0.67,2025-01-09,2001,N21,VIIRS,n,2.0NRT,298.67,18.97,D,2025-01-09 20:01:00,0.0020338229380242145,0.0016843334531081568,34.09136433345311,-118.56171382293802,34.09136433345311,-118.55764617706198,34.087995666546895,-118.55764617706198,34.087995666546895,-118.56171382293802,0.140625,434,0.233,10.674381256103516,10,0.8999999761581421,0.0,0.0028899998869746923,25.0,284.8999938964844,290.8999938964844,6.5,70.0
34.09081,-118.57904,367.0,0.52,0.67,2025-01-09,2001,N21,VIIRS,h,2.0NRT,297.68,38.06,D,2025-01-09 20:01:00,0.002033850085777007,0.0016843334531081568,34.092494333453104,-118.58107385008579,34.092494333453104,-118.57700614991423,34.08912566654689,-118.57700614991423,34.08912566654689,-118.58107385008579,0.140625,272,0.3592,10.960784912109375,10,0.8999999761581421,0.0,0.0028899998869746923,25.0,284.8999938964844,290.8999938964844,6.5,70.0
34.0917,-118.55236,367.0,0.52,0.67,2025-01-09,2001,N21,VIIRS,h,2.0NRT,302.51,18.82,D,2025-01-09 20:01:00,0.002033871468702526,0.0016843334531081568,34.09338433345311,-118.55439387146869,34.09338433345311,-118.5503261285313,34.0900156665469,-118.5503261285313,34.0900156665469,-118.55439387146869,0.140625,507,0.2151,8.477612495422363,10,0.8999999761581421,0.0,0.0028899998869746923,25.0,284.8999938964844,290.8999938964844,6.5,70.0
34.09223,-118.52702,328.8,0.51,0.66,2025-01-09,2001,N21,VIIRS,n,2.0NRT,300.62,62.54,D,2025-01-09 20:01:00,0.0020338842028015435,0.0016843334531081568,34.09391433345311,-118.5290538842028,34.09391433345311,-118.52498611579719,34.090545666546895,-118.52498611579719,34.090545666546895,-118.5290538842028,0.140625,278,0.2156,0.4342634677886963,10,1.1799999475479126,0.0,0.003060000017285347,25.0,285.20001220703125,291.6000061035156,6.400000095367432,69.0
34.09234,-118.57348,350.23,0.52,0.67,2025-01-09,2001,N21,VIIRS,n,2.0NRT,291.59,38.06,D,2025-01-09 20:01:00,0.002033886845769545,0.0016843334531081568,34.094024333453106,-118.57551388684577,34.094024333453106,-118.57144611315424,34.090655666546894,-118.57144611315424,34.090655666546894,-118.57551388684577,0.140625,272,0.3592,10.960784912109375,10,0.8999999761581421,0.0,0.0028899998869746923,25.0,284.8999938964844,290.8999938964844,6.5,70.0
34.09322,-118.54684,344.97,0.52,0.67,2025-01-09,2001,N21,VIIRS,n,2.0NRT,303.47,18.82,D,2025-01-09 20:01:00,0.0020339079900307234,0.0016843334531081568,34.09490433345311,-118.54887390799003,34.09490433345311,-118.54480609200998,34.091535666546896,-118.54480609200998,34.091535666546896,-118.54887390799003,0.140625,542,0.21400000000000002,10.64715576171875,10,0.8999999761581421,0.0,0.0028899998869746923,25.0,284.8999938964844,290.8999938964844,6.5,70.0
34.09386,-118.52114,352.58,0.51,0.66,2025-01-09,2001,N21,VIIRS,n,2.0NRT,321.77,97.81,D,2025-01-09 20:01:00,0.0020339233682527117,0.0016843334531081568,34.095544333453105,-118.52317392336826,34.095544333453105,-118.51910607663174,34.09217566654689,-118.51910607663174,34.09217566654689,-118.52317392336826,0.140625,372,0.21450000000000002,7.281891345977783,10,1.1799999475479126,0.0,0.003060000017285347,25.0,285.20001220703125,291.6000061035156,6.400000095367432,69.0
34.094,-118.56744,367.0,0.52,0.67,2025-01-09,2001,N21,VIIRS,h,2.0NRT,293.07,198.99,D,2025-01-09 20:01:00,0.002033926732303599,0.0016843334531081568,34.09568433345311,-118.56947392673231,34.09568433345311,-118.5654060732677,34.092315666546895,-118.5654060732677,34.092315666546895,-118.56947392673231,0.140625,381,0.5193,10.960786819458008,10,0.8999999761581421,0.0,0.0028899998869746923,25.0,284.8999938964844,290.8999938964844,6.5,70.0
34.09451,-118.5422,348.66,0.52,0.67,2025-01-09,2001,N21,VIIRS,n,2.0NRT,304.28,13.48,D,2025-01-09 20:01:00,0.0020339389872572043,0.0016843334531081568,34.096194333453106,-118.54423393898725,34.096194333453106,-118.54016606101274,34.092825666546894,-118.54016606101274,34.092825666546894,-118.54423393898725,0.140625,420,0.19390000000000002,0.9146744608879089,10,0.8999999761581421,0.0,0.0028899998869746923,25.0,284.8999938964844,290.8999938964844,6.5,70.0
34.09569,-118.53792,335.36,0.52,0.66,2025-01-09,2001,N21,VIIRS,n,2.0NRT,300.53,13.48,D,2025-01-09 20:01:00,0.0020339673430396716,0.0016843334531081568,34.097374333453104,-118.53995396734304,34.097374333453104,-118.53588603265696,34.09400566654689,-118.53588603265696,34.09400566654689,-118.53995396734304,0.140625,420,0.19390000000000002,0.9146744608879089,10,0.8999999761581421,0.0,0.0028899998869746923,25.0,284.8999938964844,290.8999938964844,6.5,70.0
34.09584,-118.56078,207.38,0.52,0.67,2025-01-09,2001,N21,VIIRS,l,2.0NRT,305.84,198.99,D,2025-01-09 20:01:00,0.0020339709477067342,0.0016843334531081568,34.09752433345311,-118.5628139709477,34.09752433345311,-118.55874602905229,34.0941556665469,-118.55874602905229,34.0941556665469,-118.5628139709477,0.140625,506,0.4088,10.960787773132324,10,0.8999999761581421,0.0,0.0028899998869746923,25.0,284.8999938964844,290.8999938964844,6.5,70.0
34.09692,-118.53345,352.9,0.52,0.66,2025-01-09,2001,N21,VIIRS,n,2.0NRT,310.36,62.54,D,2025-01-09 20:01:00,0.002033996902098293,0.0016843334531081568,34.0986043334531,-118.5354839969021,34.0986043334531,-118.5314160030979,34.09523566654689,-118.5314160030979,34.09523566654689,-118.5354839969021,0.140625,331,0.21830000000000002,0.6009743213653564,10,1.1799999475479126,0.0,0.003060000017285347,25.0,285.20001220703125,291.6000061035156,6.400000095367432,69.0
34.09774,-118.55389,367.0,0.52,0.67,2025-01-09,2001,N21,VIIRS,l,2.0NRT,369.9,417.94,D,2025-01-09 20:01:00,0.0020340166091354596,0.0016843334531081568,34.09942433345311,-118.55592401660913,34.09942433345311,-118.55185598339087,34.096055666546896,-118.55185598339087,34.096055666546896,-118.55592401660913,0.140625,542,0.21400000000000002,10.64715576171875,10,0.8999999761581421,0.0,0.0028899998869746923,25.0,284.8999938964844,290.8999938964844,6.5,70.0
34.09825,-118.5286,367.0,0.51,0.66,2025-01-09,2001,N21,VIIRS,h,2.0NRT,332.23,62.54,D,2025-01-09 20:01:00,0.0020340288663540113,0.0016843334531081568,34.099934333453106,-118.53063402886634,34.099934333453106,-118.52656597113365,34.096565666546894,-118.52656597113365,34.096565666546894,-118.53063402886634,0.140625,331,0.21830000000000002,0.6009743213653564,10,1.1799999475479126,0.0,0.003060000017285347,25.0,285.20001220703125,291.6000061035156,6.400000095367432,69.0
34.09925,-118.54841,367.0,0.52,0.67,2025-01-09,2001,N21,VIIRS,l,2.0NRT,370.38,417.94,D,2025-01-09 20:01:00,0.002034052901012503,0.0016843334531081568,34.100934333453104,-118.55044405290101,34.100934333453104,-118.546375947099,34.09756566654689,-118.546375947099,34.09756566654689,-118.55044405290101,0.140625,542,0.21400000000000002,10.64715576171875,10,0.8999999761581421,0.0,0.0028899998869746923,25.0,284.8999938964844,290.8999938964844,6.5,70.0
34.0998,-118.52299,367.0,0.51,0.66,2025-01-09,2001,N21,VIIRS,h,2.0NRT,315.43,97.81,D,2025-01-09 20:01:00,0.0020340661205808974,0.0016843334531081568,34.10148433345311,-118.52502406612058,34.10148433345311,-118.5209559338794,34.098115666546896,-118.5209559338794,34.098115666546896,-118.52502406612058,0.140625,372,0.21450000000000002,7.281891345977783,10,1.1799999475479126,0.0,0.003060000017285347,25.0,285.20001220703125,291.6000061035156,6.400000095367432,69.0
34.10061,-118.5435,367.0,0.52,0.67,2025-01-09,2001,N21,VIIRS,h,2.0NRT,356.6,123.11,D,2025-01-09 20:01:00,0.0020340855900539715,0.0016843334531081568,34.10229433345311,-118.54553408559005,34.10229433345311,-118.54146591440994,34.0989256665469,-118.54146591440994,34.0989256665469,-118.54553408559005,0.140625,420,0.19390000000000002,0.9146744608879089,10,0.8999999761581421,0.0,0.0028899998869746923,25.0,284.8999938964844,290.8999938964844,6.5,70.0
34.1019,-118.5388,351.98,0.52,0.66,2025-01-09,2001,N21,VIIRS,n,2.0NRT,324.1,123.11,D,2025-01-09 20:01:00,0.0020341165986013324,0.0016843334531081568,34.10358433345311,-118.5408341165986,34.10358433345311,-118.53676588340139,34.100215666546895,-118.53676588340139,34.100215666546895,-118.5408341165986,0.140625,514,0.195,0.6009741425514221,10,0.8999999761581421,0.0,0.0028899998869746923,25.0,284.8999938964844,290.8999938964844,6.5,70.0
34.10199,-118.5619,346.23,0.52,0.67,2025-01-09,2001,N21,VIIRS,n,2.0NRT,292.31,198.99,D,2025-01-09 20:01:00,0.0020341187620621175,0.0016843334531081568,34.10367433345311,-118.56393411876206,34.10367433345311,-118.55986588123793,34.100305666546895,-118.55986588123793,34.100305666546895,-118.56393411876206,0.140625,587,0.4302,8.322295188903809,10,0.8999999761581421,0.0,0.0028899998869746923,25.0,284.8999938964844,290.8999938964844,6.5,70.0
34.10312,-118.53436,367.0,0.52,0.66,2025-01-09,2001,N21,VIIRS,h,2.0NRT,336.41,275.51,D,2025-01-09 20:01:00,0.002034145926332949,0.0016843334531081568,34.1048043334531,-118.53639414592634,34.1048043334531,-118.53232585407368,34.10143566654689,-118.53232585407368,34.10143566654689,-118.53639414592634,0.140625,384,0.1922,0.5866392254829407,10,1.1799999475479126,0.0,0.003060000017285347,25.0,285.20001220703125,291.6000061035156,6.400000095367432,69.0
34.10367,-118.55583,367.0,0.52,0.67,2025-01-09,2001,N21,VIIRS,h,2.0NRT,333.85,417.94,D,2025-01-09 20:01:00,0.0020341591484294803,0.0016843334531081568,34.10535433345311,-118.55786415914842,34.10535433345311,-118.55379584085158,34.101985666546895,-118.55379584085158,34.101985666546895,-118.55786415914842,0.140625,587,0.4302,8.322295188903809,10,0.8999999761581421,0.0,0.0028899998869746923,25.0,284.8999938964844,290.8999938964844,6.5,70.0
34.10513,-118.55048,367.0,0.52,0.67,2025-01-09,2001,N21,VIIRS,h,2.0NRT,319.31,417.94,D,2025-01-09 20:01:00,0.0020341942488287298,0.0016843334531081568,34.10681433345311,-118.55251419424883,34.10681433345311,-118.54844580575116,34.1034456665469,-118.54844580575116,34.1034456665469,-118.55251419424883,0.140625,577,0.2417,3.778350830078125,10,0.8999999761581421,0.0,0.0028899998869746923,25.0,284.8999938964844,290.8999938964844,6.5,70.0
34.10574,-118.52482,343.11,0.51,0.66,2025-01-09,2001,N21,VIIRS,n,2.0NRT,295.44,49.87,D,2025-01-09 20:01:00,0.002034208914814043,0.0016843334531081568,34.1074243334531,-118.52685420891481,34.1074243334531,-118.5227857910852,34.10405566654689,-118.5227857910852,34.10405566654689,-118.52685420891481,0.140625,405,0.1852,27.84345245361328,10,1.1799999475479126,0.0,0.003060000017285347,25.0,285.20001220703125,291.6000061035156,6.400000095367432,69.0
34.10587,-118.55505,325.43,0.52,0.67,2025-01-09,2001,N21,VIIRS,n,2.0NRT,290.59,6.2,D,2025-01-09 20:01:00,0.002034212040409039,0.0016843334531081568,34.10755433345311,-118.55708421204041,34.10755433345311,-118.55301578795958,34.1041856665469,-118.55301578795958,34.1041856665469,-118.55708421204041,0.140625,577,0.2417,3.778350830078125,10,0.8999999761581421,0.0,0.0028899998869746923,25.0,284.8999938964844,290.8999938964844,6.5,70.0
34.10645,-118.54573,337.81,0.52,0.67,2025-01-09,2001,N21,VIIRS,n,2.0NRT,306.64,123.11,D,2025-01-09 20:01:00,0.002034225985615941,0.0016843334531081568,34.10813433345311,-118.54776422598562,34.10813433345311,-118.5436957740144,34.104765666546896,-118.5436957740144,34.104765666546896,-118.54776422598562,0.140625,514,0.195,0.6009741425514221,10,0.8999999761581421,0.0,0.0028899998869746923,25.0,284.8999938964844,290.8999938964844,6.5,70.0
34.1077,-118.54116,367.0,0.52,0.66,2025-01-09,2001,N21,VIIRS,h,2.0NRT,297.42,123.11,D,2025-01-09 20:01:00,0.002034256041299994,0.0016843334531081568,34.10938433345311,-118.5431942560413,34.10938433345311,-118.5391257439587,34.106015666546895,-118.5391257439587,34.106015666546895,-118.5431942560413,0.140625,514,0.195,0.6009741425514221,10,0.8999999761581421,0.0,0.0028899998869746923,25.0,284.8999938964844,290.8999938964844,6.5,70.0
34.06419,-118.67932,342.38,0.4,0.6,2025-01-09,2142,N21,VIIRS,n,2.0NRT,301.6,23.29,D,2025-01-09 21:42:00,0.002033210954579139,0.0016843334531081568,34.06587433345311,-118.68135321095458,34.06587433345311,-118.67728678904543,34.0625056665469,-118.67728678904543,34.0625056665469,-118.68135321095458,0.140625,392,0.2717,9.55606460571289,10,2.0399999618530273,0.0,0.0034000000450760126,20.0,285.20001220703125,291.70001220703125,6.300000190734863,68.0
34.06955,-118.68285,346.59,0.4,0.6,2025-01-09,2142,N21,VIIRS,n,2.0NRT,297.73,28.42,D,2025-01-09 21:42:00,0.0020333395775698824,0.0016843334531081568,34.071234333453106,-118.68488333957757,34.071234333453106,-118.68081666042244,34.06786566654689,-118.68081666042244,34.06786566654689,-118.68488333957757,0.140625,367,0.42500000000000004,9.617043495178223,10,2.0399999618530273,0.0,0.0034000000450760126,20.0,285.20001220703125,291.70001220703125,6.300000190734863,68.0
34.06977,-118.67912,367.0,0.4,0.6,2025-01-09,2142,N21,VIIRS,h,2.0NRT,315.64,23.29,D,2025-01-09 21:42:00,0.0020333448575996158,0.0016843334531081568,34.071454333453104,-118.68115334485759,34.071454333453104,-118.6770866551424,34.06808566654689,-118.6770866551424,34.06808566654689,-118.68115334485759,0.140625,495,0.3247,7.851822853088379,10,2.0399999618530273,0.0,0.0034000000450760126,20.0,285.20001220703125,291.70001220703125,6.300000190734863,68.0
34.07382,-118.61012,331.27,0.41,0.6,2025-01-09,2142,N21,VIIRS,n,2.0NRT,296.55,2.73,D,2025-01-09 21:42:00,0.002033442068402295,0.0016843334531081568,34.075504333453104,-118.6121534420684,34.075504333453104,-118.60808655793159,34.07213566654689,-118.60808655793159,34.07213566654689,-118.6121534420684,0.140625,524,0.3655,127.57647705078125,10,1.5299999713897705,0.0,0.003379999892786145,25.0,285.1000061035156,293.0,6.099999904632568,59.0
34.07534,-118.679,327.55,0.4,0.6,2025-01-09,2142,N21,VIIRS,n,2.0NRT,299.04,6.37,D,2025-01-09 21:42:00,0.0020334785574778035,0.0016843334531081568,34.0770243334531,-118.68103347855748,34.0770243334531,-118.67696652144252,34.07365566654689,-118.67696652144252,34.07365566654689,-118.68103347855748,0.140625,349,0.38020000000000004,24.989290237426758,10,2.0399999618530273,0.0,0.0034000000450760126,20.0,285.20001220703125,291.70001220703125,6.300000190734863,68.0
34.07553,-118.67583,367.0,0.4,0.6,2025-01-09,2142,N21,VIIRS,h,2.0NRT,302.1,6.37,D,2025-01-09 21:42:00,0.0020334831188049485,0.0016843334531081568,34.07721433345311,-118.67786348311881,34.07721433345311,-118.6737965168812,34.073845666546895,-118.6737965168812,34.073845666546895,-118.67786348311881,0.140625,349,0.38020000000000004,24.989290237426758,10,2.0399999618530273,0.0,0.0034000000450760126,20.0,285.20001220703125,291.70001220703125,6.300000190734863,68.0
34.07572,-118.67272,325.8,0.4,0.6,2025-01-09,2142,N21,VIIRS,n,2.0NRT,298.27,4.56,D,2025-01-09 21:42:00,0.002033487680174918,0.0016843334531081568,34.0774043334531,-118.67475348768018,34.0774043334531,-118.67068651231982,34.07403566654689,-118.67068651231982,34.07403566654689,-118.67475348768018,0.140625,349,0.38020000000000004,24.989290237426758,10,2.0399999618530273,0.0,0.0034000000450760126,20.0,285.20001220703125,291.70001220703125,6.300000190734863,68.0
34.0801,-118.59816,335.87,0.41,0.6,2025-01-09,2142,N21,VIIRS,n,2.0NRT,294.66,70.95,D,2025-01-09 21:42:00,0.0020335928436299227,0.0016843334531081568,34.08178433345311,-118.60019359284362,34.08178433345311,-118.59612640715636,34.078415666546896,-118.59612640715636,34.078415666546896,-118.60019359284362,0.140625,363,0.5322,349.26922607421875,10,1.5299999713897705,0.0,0.003379999892786145,25.0,285.1000061035156,293.0,6.099999904632568,59.0
34.08541,-118.6031,327.18,0.41,0.6,2025-01-09,2142,N21,VIIRS,n,2.0NRT,292.87,46.94,D,2025-01-09 21:42:00,0.0020337203668382865,0.0016843334531081568,34.08709433345311,-118.60513372036684,34.08709433345311,-118.60106627963316,34.0837256665469,-118.60106627963316,34.0837256665469,-118.60513372036684,0.140625,372,0.5637,259.1208801269531,10,1.0099999904632568,0.0,0.0027799999807029963,25.0,284.3999938964844,291.3999938964844,6.599999904632568,70.0
34.08567,-118.59876,367.0,0.41,0.6,2025-01-09,2142,N21,VIIRS,h,2.0NRT,344.24,70.95,D,2025-01-09 21:42:00,0.0020337266117718437,0.0016843334531081568,34.087354333453106,-118.60079372661177,34.087354333453106,-118.59672627338823,34.083985666546894,-118.59672627338823,34.083985666546894,-118.60079372661177,0.140625,280,0.527,643.9362182617188,10,1.0099999904632568,0.0,0.0027799999807029963,25.0,284.3999938964844,291.3999938964844,6.599999904632568,70.0
34.08591,-118.59465,367.0,0.41,0.6,2025-01-09,2142,N21,VIIRS,h,2.0NRT,302.78,70.95,D,2025-01-09 21:42:00,0.0020337323763971087,0.0016843334531081568,34.087594333453104,-118.5966837323764,34.087594333453104,-118.5926162676236,34.08422566654689,-118.5926162676236,34.08422566654689,-118.5966837323764,0.140625,280,0.527,643.9362182617188,10,1.0099999904632568,0.0,0.0027799999807029963,25.0,284.3999938964844,291.3999938964844,6.599999904632568,70.0
34.08614,-118.59064,367.0,0.41,0.61,2025-01-09,2142,N21,VIIRS,h,2.0NRT,316.14,31.25,D,2025-01-09 21:42:00,0.0020337379008938047,0.0016843334531081568,34.087824333453106,-118.59267373790088,34.087824333453106,-118.5886062620991,34.084455666546894,-118.5886062620991,34.084455666546894,-118.59267373790088,0.140625,356,0.42210000000000003,120.58776092529297,10,1.0099999904632568,0.0,0.0027799999807029963,25.0,284.3999938964844,291.3999938964844,6.599999904632568,70.0
34.0864,-118.58632,353.74,0.41,0.61,2025-01-09,2142,N21,VIIRS,n,2.0NRT,307.36,31.25,D,2025-01-09 21:42:00,0.0020337441460526315,0.0016843334531081568,34.088084333453104,-118.58835374414605,34.088084333453104,-118.58428625585395,34.08471566654689,-118.58428625585395,34.08471566654689,-118.58835374414605,0.140625,356,0.42210000000000003,120.58776092529297,10,1.0099999904632568,0.0,0.0027799999807029963,25.0,284.3999938964844,291.3999938964844,6.599999904632568,70.0
34.08669,-118.5814,367.0,0.41,0.61,2025-01-09,2142,N21,VIIRS,h,2.0NRT,312.75,15.62,D,2025-01-09 21:42:00,0.0020337511119013617,0.0016843334531081568,34.0883743334531,-118.5834337511119,34.0883743334531,-118.5793662488881,34.08500566654689,-118.5793662488881,34.08500566654689,-118.5834337511119,0.140625,272,0.3592,10.960784912109375,10,0.8999999761581421,0.0,0.0028899998869746923,25.0,284.8999938964844,290.8999938964844,6.5,70.0
34.08698,-118.57635,335.31,0.41,0.61,2025-01-09,2142,N21,VIIRS,n,2.0NRT,299.43,15.62,D,2025-01-09 21:42:00,0.002033758077849913,0.0016843334531081568,34.0886643334531,-118.57838375807785,34.0886643334531,-118.57431624192216,34.08529566654689,-118.57431624192216,34.08529566654689,-118.57838375807785,0.140625,272,0.3592,10.960784912109375,10,0.8999999761581421,0.0,0.0028899998869746923,25.0,284.8999938964844,290.8999938964844,6.5,70.0
34.08726,-118.57166,335.9,0.41,0.61,2025-01-09,2142,N21,VIIRS,n,2.0NRT,298.66,5.86,D,2025-01-09 21:42:00,0.0020337648036880583,0.0016843334531081568,34.08894433345311,-118.57369376480368,34.08894433345311,-118.56962623519631,34.085575666546895,-118.56962623519631,34.085575666546895,-118.57369376480368,0.140625,283,0.3778,16.49759292602539,10,0.8999999761581421,0.0,0.0028899998869746923,25.0,284.8999938964844,290.8999938964844,6.5,70.0
34.08952,-118.53313,325.74,0.41,0.61,2025-01-09,2142,N21,VIIRS,n,2.0NRT,293.19,2.89,D,2025-01-09 21:42:00,0.0020338190942171246,0.0016843334531081568,34.091204333453106,-118.53516381909422,34.091204333453106,-118.53109618090578,34.087835666546894,-118.53109618090578,34.087835666546894,-118.53516381909422,0.140625,342,0.2156,0.6009741425514221,10,1.1799999475479126,0.0,0.003060000017285347,25.0,285.20001220703125,291.6000061035156,6.400000095367432,69.0
34.08982,-118.52784,334.53,0.41,0.61,2025-01-09,2142,N21,VIIRS,n,2.0NRT,295.2,2.22,D,2025-01-09 21:42:00,0.0020338263013803468,0.0016843334531081568,34.09150433345311,-118.52987382630138,34.09150433345311,-118.52580617369861,34.0881356665469,-118.52580617369861,34.0881356665469,-118.52987382630138,0.140625,278,0.2156,0.4342634677886963,10,1.1799999475479126,0.0,0.003060000017285347,25.0,285.20001220703125,291.6000061035156,6.400000095367432,69.0
34.09008,-118.5234,328.19,0.41,0.61,2025-01-09,2142,N21,VIIRS,n,2.0NRT,295.22,2.22,D,2025-01-09 21:42:00,0.0020338325476748926,0.0016843334531081568,34.091764333453106,-118.52543383254768,34.091764333453106,-118.52136616745231,34.088395666546894,-118.52136616745231,34.088395666546894,-118.52543383254768,0.140625,278,0.2156,0.4342634677886963,10,1.1799999475479126,0.0,0.003060000017285347,25.0,285.20001220703125,291.6000061035156,6.400000095367432,69.0
34.09195,-118.58703,339.71,0.41,0.61,2025-01-09,2142,N21,VIIRS,n,2.0NRT,295.81,8.9,D,2025-01-09 21:42:00,0.0020338774753114537,0.0016843334531081568,34.0936343334531,-118.58906387747531,34.0936343334531,-118.58499612252469,34.09026566654689,-118.58499612252469,34.09026566654689,-118.58906387747531,0.140625,356,0.42210000000000003,120.58776092529297,10,1.0099999904632568,0.0,0.0027799999807029963,25.0,284.3999938964844,291.3999938964844,6.599999904632568,70.0
34.09221,-118.58264,367.0,0.41,0.61,2025-01-09,2142,N21,VIIRS,h,2.0NRT,302.48,15.43,D,2025-01-09 21:42:00,0.0020338837222634502,0.0016843334531081568,34.09389433345311,-118.58467388372226,34.09389433345311,-118.58060611627774,34.090525666546895,-118.58060611627774,34.090525666546895,-118.58467388372226,0.140625,356,0.42210000000000003,120.58776092529297,10,1.0099999904632568,0.0,0.0027799999807029963,25.0,284.3999938964844,291.3999938964844,6.599999904632568,70.0
34.09368,-118.55779,367.0,0.41,0.61,2025-01-09,2142,N21,VIIRS,h,2.0NRT,299.38,45.11,D,2025-01-09 21:42:00,0.002033919043078623,0.0016843334531081568,34.095364333453105,-118.55982391904307,34.095364333453105,-118.55575608095693,34.09199566654689,-118.55575608095693,34.09199566654689,-118.55982391904307,0.140625,506,0.4088,10.960787773132324,10,0.8999999761581421,0.0,0.0028899998869746923,25.0,284.8999938964844,290.8999938964844,6.5,70.0
34.09391,-118.55402,367.0,0.41,0.61,2025-01-09,2142,N21,VIIRS,h,2.0NRT,317.29,45.11,D,2025-01-09 21:42:00,0.0020339245696967857,0.0016843334531081568,34.09559433345311,-118.5560539245697,34.09559433345311,-118.55198607543029,34.092225666546895,-118.55198607543029,34.092225666546895,-118.5560539245697,0.140625,542,0.21400000000000002,10.64715576171875,10,0.8999999761581421,0.0,0.0028899998869746923,25.0,284.8999938964844,290.8999938964844,6.5,70.0
34.09415,-118.54983,335.8,0.41,0.61,2025-01-09,2142,N21,VIIRS,n,2.0NRT,300.22,29.31,D,2025-01-09 21:42:00,0.00203393033666966,0.0016843334531081568,34.095834333453105,-118.55186393033667,34.095834333453105,-118.54779606966333,34.09246566654689,-118.54779606966333,34.09246566654689,-118.55186393033667,0.140625,542,0.21400000000000002,10.64715576171875,10,0.8999999761581421,0.0,0.0028899998869746923,25.0,284.8999938964844,290.8999938964844,6.5,70.0
34.09444,-118.54504,336.2,0.41,0.61,2025-01-09,2142,N21,VIIRS,n,2.0NRT,298.16,29.31,D,2025-01-09 21:42:00,0.002033937305186463,0.0016843334531081568,34.096124333453105,-118.54707393730519,34.096124333453105,-118.54300606269481,34.09275566654689,-118.54300606269481,34.09275566654689,-118.54707393730519,0.140625,420,0.19390000000000002,0.9146744608879089,10,0.8999999761581421,0.0,0.0028899998869746923,25.0,284.8999938964844,290.8999938964844,6.5,70.0
34.09476,-118.53945,329.94,0.41,0.61,2025-01-09,2142,N21,VIIRS,n,2.0NRT,293.73,25.06,D,2025-01-09 21:42:00,0.0020339449947002017,0.0016843334531081568,34.09644433345311,-118.5414839449947,34.09644433345311,-118.53741605500531,34.093075666546895,-118.53741605500531,34.093075666546895,-118.5414839449947,0.140625,420,0.19390000000000002,0.9146744608879089,10,0.8999999761581421,0.0,0.0028899998869746923,25.0,284.8999938964844,290.8999938964844,6.5,70.0
34.09509,-118.53389,328.38,0.41,0.61,2025-01-09,2142,N21,VIIRS,n,2.0NRT,297.01,25.06,D,2025-01-09 21:42:00,0.0020339529246385904,0.0016843334531081568,34.096774333453105,-118.53592395292463,34.096774333453105,-118.53185604707537,34.09340566654689,-118.53185604707537,34.09340566654689,-118.53592395292463,0.140625,331,0.21830000000000002,0.6009743213653564,10,1.1799999475479126,0.0,0.003060000017285347,25.0,285.20001220703125,291.6000061035156,6.400000095367432,69.0
34.09539,-118.52881,330.54,0.41,0.61,2025-01-09,2142,N21,VIIRS,n,2.0NRT,297.1,89.19,D,2025-01-09 21:42:00,0.002033960133785697,0.0016843334531081568,34.09707433345311,-118.53084396013378,34.09707433345311,-118.5267760398662,34.093705666546896,-118.5267760398662,34.093705666546896,-118.53084396013378,0.140625,331,0.21830000000000002,0.6009743213653564,10,1.1799999475479126,0.0,0.003060000017285347,25.0,285.20001220703125,291.6000061035156,6.400000095367432,69.0
34.09564,-118.52448,337.17,0.41,0.61,2025-01-09,2142,N21,VIIRS,n,2.0NRT,296.16,89.19,D,2025-01-09 21:42:00,0.0020339661414899212,0.0016843334531081568,34.09732433345311,-118.5265139661415,34.09732433345311,-118.5224460338585,34.0939556665469,-118.5224460338585,34.0939556665469,-118.5265139661415,0.140625,372,0.21450000000000002,7.281891345977783,10,1.1799999475479126,0.0,0.003060000017285347,25.0,285.20001220703125,291.6000061035156,6.400000095367432,69.0
34.09588,-118.52039,338.53,0.41,0.61,2025-01-09,2142,N21,VIIRS,n,2.0NRT,291.12,17.32,D,2025-01-09 21:42:00,0.002033971908955797,0.0016843334531081568,34.09756433345311,-118.52242397190896,34.09756433345311,-118.51835602809105,34.094195666546895,-118.51835602809105,34.094195666546895,-118.52242397190896,0.140625,372,0.21450000000000002,7.281891345977783,10,1.1799999475479126,0.0,0.003060000017285347,25.0,285.20001220703125,291.6000061035156,6.400000095367432,69.0
34.09611,-118.51646,331.78,0.41,0.61,2025-01-09,2142,N21,VIIRS,n,2.0NRT,290.74,17.32,D,2025-01-09 21:42:00,0.002033977436174775,0.0016843334531081568,34.09779433345311,-118.51849397743617,34.09779433345311,-118.51442602256382,34.0944256665469,-118.51442602256382,34.0944256665469,-118.51849397743617,0.140625,424,0.2528,111.19847106933594,10,1.1799999475479126,0.0,0.003060000017285347,25.0,285.20001220703125,291.6000061035156,6.400000095367432,69.0
34.09636,-118.51229,332.67,0.41,0.61,2025-01-09,2142,N21,VIIRS,n,2.0NRT,290.59,6.61,D,2025-01-09 21:42:00,0.002033983444092738,0.0016843334531081568,34.0980443334531,-118.51432398344409,34.0980443334531,-118.5102560165559,34.09467566654689,-118.5102560165559,34.09467566654689,-118.51432398344409,0.140625,424,0.2528,111.19847106933594,10,1.1799999475479126,0.0,0.003060000017285347,25.0,285.20001220703125,291.6000061035156,6.400000095367432,69.0
34.09667,-118.50691,334.23,0.41,0.61,2025-01-09,2142,N21,VIIRS,n,2.0NRT,287.32,6.61,D,2025-01-09 21:42:00,0.002033990894014084,0.0016843334531081568,34.09835433345311,-118.50894399089402,34.09835433345311,-118.50487600910598,34.0949856665469,-118.50487600910598,34.0949856665469,-118.50894399089402,0.140625,339,0.5083,141.34152221679688,10,1.1799999475479126,0.0,0.003060000017285347,25.0,285.20001220703125,291.6000061035156,6.400000095367432,69.0
34.09922,-118.55898,344.72,0.41,0.61,2025-01-09,2142,N21,VIIRS,n,2.0NRT,302.47,45.11,D,2025-01-09 21:42:00,0.002034052179955469,0.0016843334531081568,34.10090433345311,-118.56101405217996,34.10090433345311,-118.55694594782005,34.0975356665469,-118.55694594782005,34.0975356665469,-118.56101405217996,0.140625,506,0.4088,10.960787773132324,10,0.8999999761581421,0.0,0.0028899998869746923,25.0,284.8999938964844,290.8999938964844,6.5,70.0
34.09946,-118.55505,367.0,0.41,0.61,2025-01-09,2142,N21,VIIRS,h,2.0NRT,356.13,45.11,D,2025-01-09 21:42:00,0.002034057948441673,0.0016843334531081568,34.10114433345311,-118.55708405794843,34.10114433345311,-118.55301594205156,34.097775666546895,-118.55301594205156,34.097775666546895,-118.55708405794843,0.140625,542,0.21400000000000002,10.64715576171875,10,0.8999999761581421,0.0,0.0028899998869746923,25.0,284.8999938964844,290.8999938964844,6.5,70.0
34.09971,-118.55079,355.04,0.41,0.61,2025-01-09,2142,N21,VIIRS,n,2.0NRT,328.58,29.31,D,2025-01-09 21:42:00,0.002034063957354212,0.0016843334531081568,34.10139433345311,-118.55282406395736,34.10139433345311,-118.54875593604265,34.098025666546896,-118.54875593604265,34.098025666546896,-118.55282406395736,0.140625,542,0.21400000000000002,10.64715576171875,10,0.8999999761581421,0.0,0.0028899998869746923,25.0,284.8999938964844,290.8999938964844,6.5,70.0
34.09998,-118.54611,367.0,0.41,0.61,2025-01-09,2142,N21,VIIRS,h,2.0NRT,316.78,29.31,D,2025-01-09 21:42:00,0.002034070447063128,0.0016843334531081568,34.10166433345311,-118.54814407044707,34.10166433345311,-118.54407592955293,34.098295666546896,-118.54407592955293,34.098295666546896,-118.54814407044707,0.140625,420,0.19390000000000002,0.9146744608879089,10,0.8999999761581421,0.0,0.0028899998869746923,25.0,284.8999938964844,290.8999938964844,6.5,70.0
34.10028,-118.54096,367.0,0.41,0.61,2025-01-09,2142,N21,VIIRS,h,2.0NRT,306.25,25.06,D,2025-01-09 21:42:00,0.002034077657952358,0.0016843334531081568,34.101964333453104,-118.54299407765795,34.101964333453104,-118.53892592234205,34.09859566654689,-118.53892592234205,34.09859566654689,-118.54299407765795,0.140625,420,0.19390000000000002,0.9146744608879089,10,0.8999999761581421,0.0,0.0028899998869746923,25.0,284.8999938964844,290.8999938964844,6.5,70.0
34.10061,-118.53546,342.45,0.41,0.61,2025-01-09,2142,N21,VIIRS,n,2.0NRT,310.98,25.06,D,2025-01-09 21:42:00,0.0020340855900539715,0.0016843334531081568,34.10229433345311,-118.53749408559005,34.10229433345311,-118.53342591440995,34.0989256665469,-118.53342591440995,34.0989256665469,-118.53749408559005,0.140625,331,0.21830000000000002,0.6009743213653564,10,1.1799999475479126,0.0,0.003060000017285347,25.0,285.20001220703125,291.6000061035156,6.400000095367432,69.0
34.10093,-118.53,367.0,0.41,0.61,2025-01-09,2142,N21,VIIRS,h,2.0NRT,338.34,89.19,D,2025-01-09 21:42:00,0.002034093281912391,0.0016843334531081568,34.102614333453104,-118.53203409328191,34.102614333453104,-118.5279659067181,34.09924566654689,-118.5279659067181,34.09924566654689,-118.53203409328191,0.140625,331,0.21830000000000002,0.6009743213653564,10,1.1799999475479126,0.0,0.003060000017285347,25.0,285.20001220703125,291.6000061035156,6.400000095367432,69.0
34.10145,-118.52121,367.0,0.41,0.61,2025-01-09,2142,N21,VIIRS,h,2.0NRT,297.22,17.32,D,2025-01-09 21:42:00,0.002034105781441722,0.0016843334531081568,34.103134333453106,-118.52324410578144,34.103134333453106,-118.51917589421855,34.099765666546894,-118.51917589421855,34.099765666546894,-118.52324410578144,0.140625,372,0.21450000000000002,7.281891345977783,10,1.1799999475479126,0.0,0.003060000017285347,25.0,285.20001220703125,291.6000061035156,6.400000095367432,69.0
34.10168,-118.51725,367.0,0.41,0.61,2025-01-09,2142,N21,VIIRS,h,2.0NRT,292.04,17.32,D,2025-01-09 21:42:00,0.0020341113101821394,0.0016843334531081568,34.10336433345311,-118.51928411131018,34.10336433345311,-118.51521588868982,34.099995666546896,-118.51521588868982,34.099995666546896,-118.51928411131018,0.140625,424,0.2528,111.19847106933594,10,1.1799999475479126,0.0,0.003060000017285347,25.0,285.20001220703125,291.6000061035156,6.400000095367432,69.0
34.10191,-118.51338,367.0,0.41,0.61,2025-01-09,2142,N21,VIIRS,h,2.0NRT,290.65,6.61,D,2025-01-09 21:42:00,0.002034116838985389,0.0016843334531081568,34.1035943334531,-118.51541411683898,34.1035943334531,-118.51134588316101,34.10022566654689,-118.51134588316101,34.10022566654689,-118.51541411683898,0.140625,477,0.26990000000000003,114.23930358886719,10,1.1799999475479126,0.0,0.003060000017285347,25.0,285.20001220703125,291.6000061035156,6.400000095367432,69.0
34.10224,-118.5079,335.46,0.41,0.61,2025-01-09,2142,N21,VIIRS,n,2.0NRT,290.6,6.61,D,2025-01-09 21:42:00,0.00203412477172589,0.0016843334531081568,34.10392433345311,-118.50993412477173,34.10392433345311,-118.50586587522828,34.100555666546896,-118.50586587522828,34.100555666546896,-118.50993412477173,0.140625,352,0.4766,139.25531005859375,10,1.1799999475479126,0.0,0.003060000017285347,25.0,285.20001220703125,291.6000061035156,6.400000095367432,69.0
34.10501,-118.55579,348.31,0.41,0.61,2025-01-09,2142,N21,VIIRS,n,2.0NRT,304.11,47.66,D,2025-01-09 21:42:00,0.0020341913637688977,0.0016843334531081568,34.106694333453106,-118.55782419136376,34.106694333453106,-118.55375580863624,34.103325666546894,-118.55375580863624,34.103325666546894,-118.55782419136376,0.140625,587,0.4302,8.322295188903809,10,0.8999999761581421,0.0,0.0028899998869746923,25.0,284.8999938964844,290.8999938964844,6.5,70.0
34.10528,-118.55135,207.38,0.41,0.61,2025-01-09,2142,N21,VIIRS,l,2.0NRT,318.56,264.17,D,2025-01-09 21:42:00,0.0020341978551775756,0.0016843334531081568,34.10696433345311,-118.55338419785518,34.10696433345311,-118.54931580214482,34.103595666546894,-118.54931580214482,34.103595666546894,-118.55338419785518,0.140625,577,0.2417,3.778350830078125,10,0.8999999761581421,0.0,0.0028899998869746923,25.0,284.8999938964844,290.8999938964844,6.5,70.0
34.10557,-118.54664,367.0,0.41,0.61,2025-01-09,2142,N21,VIIRS,l,2.0NRT,369.29,264.17,D,2025-01-09 21:42:00,0.0020342048275278036,0.0016843334531081568,34.107254333453106,-118.54867420482752,34.107254333453106,-118.54460579517247,34.103885666546894,-118.54460579517247,34.103885666546894,-118.54867420482752,0.140625,577,0.2417,3.778350830078125,10,0.8999999761581421,0.0,0.0028899998869746923,25.0,284.8999938964844,290.8999938964844,6.5,70.0
34.10585,-118.54176,367.0,0.41,0.61,2025-01-09,2142,N21,VIIRS,h,2.0NRT,341.38,270.55,D,2025-01-09 21:42:00,0.0020342115595469636,0.0016843334531081568,34.1075343334531,-118.54379421155954,34.1075343334531,-118.53972578844045,34.10416566654689,-118.53972578844045,34.10416566654689,-118.54379421155954,0.140625,514,0.195,0.6009741425514221,10,0.8999999761581421,0.0,0.0028899998869746923,25.0,284.8999938964844,290.8999938964844,6.5,70.0
34.10616,-118.53654,207.38,0.41,0.61,2025-01-09,2142,N21,VIIRS,l,2.0NRT,308.8,270.55,D,2025-01-09 21:42:00,0.0020342190129625337,0.0016843334531081568,34.10784433345311,-118.53857421901297,34.10784433345311,-118.53450578098703,34.1044756665469,-118.53450578098703,34.1044756665469,-118.53857421901297,0.140625,384,0.1922,0.5866392254829407,10,1.1799999475479126,0.0,0.003060000017285347,25.0,285.20001220703125,291.6000061035156,6.400000095367432,69.0
34.10648,-118.53113,367.0,0.41,0.61,2025-01-09,2142,N21,VIIRS,l,2.0NRT,372.35,867.27,D,2025-01-09 21:42:00,0.002034226706930616,0.0016843334531081568,34.108164333453104,-118.53316422670693,34.108164333453104,-118.52909577329308,34.10479566654689,-118.52909577329308,34.10479566654689,-118.53316422670693,0.140625,384,0.1922,0.5866392254829407,10,1.1799999475479126,0.0,0.003060000017285347,25.0,285.20001220703125,291.6000061035156,6.400000095367432,69.0
34.10677,-118.52631,367.0,0.41,0.61,2025-01-09,2142,N21,VIIRS,l,2.0NRT,372.82,867.27,D,2025-01-09 21:42:00,0.002034233679694274,0.0016843334531081568,34.1084543334531,-118.52834423367969,34.1084543334531,-118.5242757663203,34.10508566654689,-118.5242757663203,34.10508566654689,-118.52834423367969,0.140625,405,0.1852,27.84345245361328,10,1.1799999475479126,0.0,0.003060000017285347,25.0,285.20001220703125,291.6000061035156,6.400000095367432,69.0
34.10702,-118.52205,367.0,0.41,0.61,2025-01-09,2142,N21,VIIRS,h,2.0NRT,315.46,215.66,D,2025-01-09 21:42:00,0.0020342396907776206,0.0016843334531081568,34.108704333453105,-118.52408423969077,34.108704333453105,-118.52001576030922,34.10533566654689,-118.52001576030922,34.10533566654689,-118.52408423969077,0.140625,405,0.1852,27.84345245361328,10,1.1799999475479126,0.0,0.003060000017285347,25.0,285.20001220703125,291.6000061035156,6.400000095367432,69.0
34.10726,-118.51801,367.0,0.41,0.61,2025-01-09,2142,N21,VIIRS,h,2.0NRT,293.75,215.66,D,2025-01-09 21:42:00,0.002034245461487492,0.0016843334531081568,34.1089443334531,-118.52004424546149,34.1089443334531,-118.51597575453852,34.10557566654689,-118.51597575453852,34.10557566654689,-118.52004424546149,0.140625,477,0.26990000000000003,114.23930358886719,10,1.1799999475479126,0.0,0.003060000017285347,25.0,285.20001220703125,291.6000061035156,6.400000095367432,69.0
34.10749,-118.51414,332.12,0.41,0.61,2025-01-09,2142,N21,VIIRS,n,2.0NRT,292.55,9.38,D,2025-01-09 21:42:00,0.0020342509918153343,0.0016843334531081568,34.109174333453105,-118.51617425099181,34.109174333453105,-118.51210574900819,34.10580566654689,-118.51210574900819,34.10580566654689,-118.51617425099181,0.140625,477,0.26990000000000003,114.23930358886719,10,1.1799999475479126,0.0,0.003060000017285347,25.0,285.20001220703125,291.6000061035156,6.400000095367432,69.0
34.06877,-118.68398,336.34,0.53,0.42,2025-01-10,1004,N21,VIIRS,n,2.0NRT,301.3,16.28,N,2025-01-10 10:04:00,0.0020333208579269794,0.0016843334531081568,34.07045433345311,-118.68601332085794,34.07045433345311,-118.68194667914207,34.067085666546895,-118.68194667914207,34.067085666546895,-118.68601332085794,0.140625,367,0.42500000000000004,9.617043495178223,10,2.0399999618530273,0.0,0.003370000049471855,9.0,286.6000061035156,294.79998779296875,2.9000000953674316,71.0
34.0725,-118.68278,343.77,0.53,0.42,2025-01-10,1004,N21,VIIRS,n,2.0NRT,290.94,16.28,N,2025-01-10 10:04:00,0.0020334103827443304,0.0016843334531081568,34.074184333453104,-118.68481341038274,34.074184333453104,-118.68074658961724,34.07081566654689,-118.68074658961724,34.07081566654689,-118.68481341038274,0.140625,367,0.42500000000000004,9.617043495178223,10,2.0399999618530273,0.0,0.003370000049471855,9.0,286.6000061035156,294.79998779296875,2.9000000953674316,71.0
34.07524,-118.6766,308.94,0.53,0.42,2025-01-10,1004,N21,VIIRS,n,2.0NRT,287.02,1.43,N,2025-01-10 10:04:00,0.0020334761567965074,0.0016843334531081568,34.07692433345311,-118.67863347615679,34.07692433345311,-118.6745665238432,34.073555666546895,-118.6745665238432,34.073555666546895,-118.67863347615679,0.140625,349,0.38020000000000004,24.989290237426758,10,2.0399999618530273,0.0,0.003370000049471855,9.0,286.6000061035156,294.79998779296875,2.9000000953674316,71.0
34.07568,-118.59861,303.33,0.53,0.42,2025-01-10,1004,N21,VIIRS,n,2.0NRT,286.91,1.53,N,2025-01-10 10:04:00,0.0020334867198829446,0.0016843334531081568,34.077364333453104,-118.60064348671987,34.077364333453104,-118.59657651328011,34.07399566654689,-118.59657651328011,34.07399566654689,-118.60064348671987,0.140625,363,0.5322,349.26922607421875,10,1.5299999713897705,0.0,0.003379999892786145,18.0,285.3999938964844,296.6000061035156,2.799999952316284,61.0
34.07622,-118.6815,300.21,0.53,0.42,2025-01-10,1004,N21,VIIRS,n,2.0NRT,284.01,1.43,N,2025-01-10 10:04:00,0.002033499683984739,0.0016843334531081568,34.077904333453105,-118.68353349968399,34.077904333453105,-118.67946650031601,34.07453566654689,-118.67946650031601,34.07453566654689,-118.68353349968399,0.140625,253,0.5504,252.83680725097656,10,2.0399999618530273,0.0,0.003370000049471855,9.0,286.6000061035156,294.79998779296875,2.9000000953674316,71.0
34.07805,-118.67082,321.38,0.53,0.42,2025-01-10,1004,N21,VIIRS,n,2.0NRT,286.25,3.15,N,2025-01-10 10:04:00,0.0020335436204579195,0.0016843334531081568,34.0797343334531,-118.67285354362046,34.0797343334531,-118.66878645637955,34.07636566654689,-118.66878645637955,34.07636566654689,-118.67285354362046,0.140625,571,0.4268,24.989290237426758,10,2.0399999618530273,0.0,0.003370000049471855,9.0,286.6000061035156,294.79998779296875,2.9000000953674316,71.0
34.079,-118.67559,301.59,0.53,0.42,2025-01-10,1004,N21,VIIRS,n,2.0NRT,285.57,1.43,N,2025-01-10 10:04:00,0.0020335664305762267,0.0016843334531081568,34.08068433345311,-118.67762356643058,34.08068433345311,-118.67355643356942,34.077315666546895,-118.67355643356942,34.077315666546895,-118.67762356643058,0.140625,349,0.38020000000000004,24.989290237426758,10,2.0399999618530273,0.0,0.003370000049471855,9.0,286.6000061035156,294.79998779296875,2.9000000953674316,71.0
34.08314,-118.5961,304.58,0.53,0.42,2025-01-10,1004,N21,VIIRS,n,2.0NRT,286.97,3.25,N,2025-01-10 10:04:00,0.0020336658471725067,0.0016843334531081568,34.084824333453106,-118.59813366584719,34.084824333453106,-118.59406633415283,34.081455666546894,-118.59406633415283,34.081455666546894,-118.59813366584719,0.140625,363,0.5322,349.26922607421875,10,1.5299999713897705,0.0,0.003379999892786145,18.0,285.3999938964844,296.6000061035156,2.799999952316284,61.0
34.08387,-118.64011,298.79,0.53,0.42,2025-01-10,1004,N21,VIIRS,n,2.0NRT,284.12,0.85,N,2025-01-10 10:04:00,0.002033683379261377,0.0016843334531081568,34.0855543334531,-118.64214368337927,34.0855543334531,-118.63807631662074,34.08218566654689,-118.63807631662074,34.08218566654689,-118.64214368337927,0.140625,654,0.661,22.943681716918945,10,1.5800000429153442,0.0,0.002589999930933118,9.0,286.6000061035156,294.20001220703125,3.200000047683716,77.0
34.08427,-118.6018,295.32,0.53,0.42,2025-01-10,1004,N21,VIIRS,n,2.0NRT,284.13,27.35,N,2025-01-10 10:04:00,0.0020336929861536216,0.0016843334531081568,34.0859543334531,-118.60383369298616,34.0859543334531,-118.59976630701384,34.08258566654689,-118.59976630701384,34.08258566654689,-118.60383369298616,0.140625,372,0.5637,259.1208801269531,10,1.0099999904632568,0.0,0.00267999991774559,18.0,285.5,295.5,3.200000047683716,73.0
34.08587,-118.58976,306.29,0.53,0.42,2025-01-10,1004,N21,VIIRS,n,2.0NRT,287.58,3.25,N,2025-01-10 10:04:00,0.002033731415621484,0.0016843334531081568,34.087554333453106,-118.59179373141562,34.087554333453106,-118.58772626858438,34.084185666546894,-118.58772626858438,34.084185666546894,-118.59179373141562,0.140625,356,0.42210000000000003,120.58776092529297,10,1.0099999904632568,0.0,0.00267999991774559,18.0,285.5,295.5,3.200000047683716,73.0
34.08695,-118.59524,301.76,0.53,0.42,2025-01-10,1004,N21,VIIRS,n,2.0NRT,285.05,3.25,N,2025-01-10 10:04:00,0.002033757357229917,0.0016843334531081568,34.08863433345311,-118.59727375735723,34.08863433345311,-118.59320624264278,34.085265666546896,-118.59320624264278,34.085265666546896,-118.59727375735723,0.140625,280,0.527,643.9362182617188,10,1.0099999904632568,0.0,0.00267999991774559,18.0,285.5,295.5,3.200000047683716,73.0
34.08802,-118.60062,324.33,0.53,0.42,2025-01-10,1004,N21,VIIRS,n,2.0NRT,296.71,27.35,N,2025-01-10 10:04:00,0.00203378306000354,0.0016843334531081568,34.089704333453106,-118.60265378306,34.089704333453106,-118.59858621694,34.086335666546894,-118.59858621694,34.086335666546894,-118.60265378306,0.140625,372,0.5637,259.1208801269531,10,1.0099999904632568,0.0,0.00267999991774559,18.0,285.5,295.5,3.200000047683716,73.0
34.08851,-118.58298,301.09,0.53,0.42,2025-01-10,1004,N21,VIIRS,n,2.0NRT,285.01,1.25,N,2025-01-10 10:04:00,0.002033794830886247,0.0016843334531081568,34.090194333453105,-118.58501379483089,34.090194333453105,-118.58094620516913,34.08682566654689,-118.58094620516913,34.08682566654689,-118.58501379483089,0.140625,356,0.42210000000000003,120.58776092529297,10,1.0099999904632568,0.0,0.00267999991774559,18.0,285.5,295.5,3.200000047683716,73.0
34.08965,-118.58874,297.84,0.53,0.42,2025-01-10,1004,N21,VIIRS,n,2.0NRT,285.35,0.83,N,2025-01-10 10:04:00,0.0020338222173080698,0.0016843334531081568,34.091334333453105,-118.59077382221732,34.091334333453105,-118.58670617778269,34.08796566654689,-118.58670617778269,34.08796566654689,-118.59077382221732,0.140625,356,0.42210000000000003,120.58776092529297,10,1.0099999904632568,0.0,0.00267999991774559,18.0,285.5,295.5,3.200000047683716,73.0
34.09429,-118.55772,300.95,0.53,0.42,2025-01-10,1004,N21,VIIRS,n,2.0NRT,285.63,1.08,N,2025-01-10 10:04:00,0.002033933700768753,0.0016843334531081568,34.09597433345311,-118.55975393370078,34.09597433345311,-118.55568606629923,34.092605666546895,-118.55568606629923,34.092605666546895,-118.55975393370078,0.140625,506,0.4088,10.960787773132324,10,0.8999999761581421,0.0,0.00279999990016222,18.0,286.20001220703125,294.79998779296875,3.0999999046325684,73.0
34.09479,-118.52081,321.17,0.54,0.42,2025-01-10,1004,N21,VIIRS,n,2.0NRT,289.25,4.04,N,2025-01-10 10:04:00,0.0020339457155983485,0.0016843334531081568,34.09647433345311,-118.5228439457156,34.09647433345311,-118.5187760542844,34.0931056665469,-118.5187760542844,34.0931056665469,-118.5228439457156,0.140625,372,0.21450000000000002,7.281891345977783,10,1.1799999475479126,0.0,0.0029800001066178083,18.0,286.20001220703125,296.0,3.0999999046325684,72.0
34.09554,-118.55808,297.46,0.53,0.42,2025-01-10,1004,N21,VIIRS,n,2.0NRT,284.23,1.02,N,2025-01-10 10:04:00,0.002033963738399326,0.0016843334531081568,34.097224333453106,-118.5601139637384,34.097224333453106,-118.5560460362616,34.093855666546894,-118.5560460362616,34.093855666546894,-118.5601139637384,0.140625,506,0.4088,10.960787773132324,10,0.8999999761581421,0.0,0.00279999990016222,18.0,286.20001220703125,294.79998779296875,3.0999999046325684,73.0
34.09624,-118.52107,329.3,0.54,0.42,2025-01-10,1004,N21,VIIRS,n,2.0NRT,292.12,5.29,N,2025-01-10 10:04:00,0.002033980560282854,0.0016843334531081568,34.09792433345311,-118.52310398056028,34.09792433345311,-118.51903601943971,34.094555666546896,-118.51903601943971,34.094555666546896,-118.52310398056028,0.140625,372,0.21450000000000002,7.281891345977783,10,1.1799999475479126,0.0,0.0029800001066178083,18.0,286.20001220703125,296.0,3.0999999046325684,72.0
34.09811,-118.55691,296.22,0.53,0.42,2025-01-10,1004,N21,VIIRS,n,2.0NRT,285.66,1.7,N,2025-01-10 10:04:00,0.002034025501596592,0.0016843334531081568,34.099794333453104,-118.5589440255016,34.099794333453104,-118.5548759744984,34.09642566654689,-118.5548759744984,34.09642566654689,-118.5589440255016,0.140625,506,0.4088,10.960787773132324,10,0.8999999761581421,0.0,0.00279999990016222,18.0,286.20001220703125,294.79998779296875,3.0999999046325684,73.0
34.0986,-118.51989,317.67,0.54,0.42,2025-01-10,1004,N21,VIIRS,n,2.0NRT,288.99,1.91,N,2025-01-10 10:04:00,0.0020340372783493946,0.0016843334531081568,34.100284333453104,-118.52192403727835,34.100284333453104,-118.51785596272165,34.09691566654689,-118.51785596272165,34.09691566654689,-118.52192403727835,0.140625,372,0.21450000000000002,7.281891345977783,10,1.1799999475479126,0.0,0.0029800001066178083,18.0,286.20001220703125,296.0,3.0999999046325684,72.0
34.09921,-118.56229,303.42,0.53,0.42,2025-01-10,1004,N21,VIIRS,n,2.0NRT,284.82,1.7,N,2025-01-10 10:04:00,0.0020340519396033615,0.0016843334531081568,34.100894333453105,-118.56432405193961,34.100894333453105,-118.5602559480604,34.09752566654689,-118.5602559480604,34.09752566654689,-118.56432405193961,0.140625,506,0.4088,10.960787773132324,10,0.8999999761581421,0.0,0.00279999990016222,18.0,286.20001220703125,294.79998779296875,3.0999999046325684,73.0
34.09972,-118.52541,298.29,0.54,0.42,2025-01-10,1004,N21,VIIRS,n,2.0NRT,286.41,1.91,N,2025-01-10 10:04:00,0.0020340641977122575,0.0016843334531081568,34.101404333453104,-118.52744406419771,34.101404333453104,-118.52337593580228,34.09803566654689,-118.52337593580228,34.09803566654689,-118.52744406419771,0.140625,372,0.21450000000000002,7.281891345977783,10,1.1799999475479126,0.0,0.0029800001066178083,18.0,286.20001220703125,296.0,3.0999999046325684,72.0
34.10043,-118.56268,314.71,0.53,0.42,2025-01-10,1004,N21,VIIRS,n,2.0NRT,286.78,1.73,N,2025-01-10 10:04:00,0.0020340812634370574,0.0016843334531081568,34.10211433345311,-118.56471408126343,34.10211433345311,-118.56064591873657,34.0987456665469,-118.56064591873657,34.0987456665469,-118.56471408126343,0.140625,506,0.4088,10.960787773132324,10,0.8999999761581421,0.0,0.00279999990016222,18.0,286.20001220703125,294.79998779296875,3.0999999046325684,73.0
34.10192,-118.55602,306.77,0.53,0.42,2025-01-10,1004,N21,VIIRS,n,2.0NRT,289.51,1.7,N,2025-01-10 10:04:00,0.0020341170793695645,0.0016843334531081568,34.103604333453106,-118.55805411707938,34.103604333453106,-118.55398588292063,34.100235666546894,-118.55398588292063,34.100235666546894,-118.55805411707938,0.140625,587,0.4302,8.322295188903809,10,0.8999999761581421,0.0,0.00279999990016222,18.0,286.20001220703125,294.79998779296875,3.0999999046325684,73.0
34.10205,-118.5507,313.67,0.53,0.42,2025-01-10,1004,N21,VIIRS,n,2.0NRT,286.91,10.18,N,2025-01-10 10:04:00,0.002034120204374652,0.0016843334531081568,34.103734333453104,-118.55273412020438,34.103734333453104,-118.54866587979564,34.10036566654689,-118.54866587979564,34.10036566654689,-118.55273412020438,0.140625,577,0.2417,3.778350830078125,10,0.8999999761581421,0.0,0.00279999990016222,18.0,286.20001220703125,294.79998779296875,3.0999999046325684,73.0
34.10303,-118.5615,321.96,0.53,0.42,2025-01-10,1004,N21,VIIRS,n,2.0NRT,289.07,1.7,N,2025-01-10 10:04:00,0.0020341437627513633,0.0016843334531081568,34.1047143334531,-118.56353414376275,34.1047143334531,-118.55946585623724,34.10134566654689,-118.55946585623724,34.10134566654689,-118.56353414376275,0.140625,587,0.4302,8.322295188903809,10,0.8999999761581421,0.0,0.00279999990016222,18.0,286.20001220703125,294.79998779296875,3.0999999046325684,73.0
34.10316,-118.55634,337.08,0.53,0.42,2025-01-10,1004,N21,VIIRS,n,2.0NRT,295.53,10.18,N,2025-01-10 10:04:00,0.0020341468879278533,0.0016843334531081568,34.10484433345311,-118.55837414688793,34.10484433345311,-118.55430585311208,34.1014756665469,-118.55430585311208,34.1014756665469,-118.55837414688793,0.140625,587,0.4302,8.322295188903809,10,0.8999999761581421,0.0,0.00279999990016222,18.0,286.20001220703125,294.79998779296875,3.0999999046325684,73.0
34.10339,-118.54353,322.06,0.53,0.42,2025-01-10,1004,N21,VIIRS,n,2.0NRT,286.55,20.08,N,2025-01-10 10:04:00,0.002034152417135436,0.0016843334531081568,34.1050743334531,-118.54556415241714,34.1050743334531,-118.54149584758287,34.10170566654689,-118.54149584758287,34.10170566654689,-118.54556415241714,0.140625,514,0.195,0.6009741425514221,10,0.8999999761581421,0.0,0.00279999990016222,18.0,286.20001220703125,294.79998779296875,3.0999999046325684,73.0
34.10352,-118.52442,308.31,0.54,0.42,2025-01-10,1004,N21,VIIRS,n,2.0NRT,289.0,1.91,N,2025-01-10 10:04:00,0.0020341555423675174,0.0016843334531081568,34.10520433345311,-118.52645415554237,34.10520433345311,-118.52238584445765,34.1018356665469,-118.52238584445765,34.1018356665469,-118.52645415554237,0.140625,405,0.1852,27.84345245361328,10,1.1799999475479126,0.0,0.0029800001066178083,18.0,286.20001220703125,296.0,3.0999999046325684,72.0
34.10424,-118.56184,307.45,0.53,0.42,2025-01-10,1004,N21,VIIRS,n,2.0NRT,285.38,1.73,N,2025-01-10 10:04:00,0.002034172851708693,0.0016843334531081568,34.1059243334531,-118.56387417285171,34.1059243334531,-118.5598058271483,34.10255566654689,-118.5598058271483,34.10255566654689,-118.56387417285171,0.140625,587,0.4302,8.322295188903809,10,0.8999999761581421,0.0,0.00279999990016222,18.0,286.20001220703125,294.79998779296875,3.0999999046325684,73.0
34.10456,-118.5493,328.89,0.53,0.42,2025-01-10,1004,N21,VIIRS,n,2.0NRT,294.32,20.08,N,2025-01-10 10:04:00,0.002034180544946883,0.0016843334531081568,34.106244333453105,-118.55133418054496,34.106244333453105,-118.54726581945505,34.10287566654689,-118.54726581945505,34.10287566654689,-118.55133418054496,0.140625,577,0.2417,3.778350830078125,10,0.8999999761581421,0.0,0.00279999990016222,18.0,286.20001220703125,294.79998779296875,3.0999999046325684,73.0
34.10468,-118.53019,302.14,0.54,0.42,2025-01-10,1004,N21,VIIRS,n,2.0NRT,288.46,11.55,N,2025-01-10 10:04:00,0.002034183429942566,0.0016843334531081568,34.10636433345311,-118.53222418342995,34.10636433345311,-118.52815581657006,34.102995666546896,-118.52815581657006,34.102995666546896,-118.53222418342995,0.140625,384,0.1922,0.5866392254829407,10,1.1799999475479126,0.0,0.0029800001066178083,18.0,286.20001220703125,296.0,3.0999999046325684,72.0
34.10569,-118.55494,336.57,0.53,0.42,2025-01-10,1004,N21,VIIRS,n,2.0NRT,303.77,42.0,N,2025-01-10 10:04:00,0.0020342077126674673,0.0016843334531081568,34.10737433345311,-118.55697420771267,34.10737433345311,-118.55290579228733,34.1040056665469,-118.55290579228733,34.1040056665469,-118.55697420771267,0.140625,577,0.2417,3.778350830078125,10,0.8999999761581421,0.0,0.00279999990016222,18.0,286.20001220703125,294.79998779296875,3.0999999046325684,73.0
34.10593,-118.53635,345.44,0.53,0.42,2025-01-10,1004,N21,VIIRS,n,2.0NRT,300.53,11.55,N,2025-01-10 10:04:00,0.0020342134829981168,0.0016843334531081568,34.10761433345311,-118.538384213483,34.10761433345311,-118.534315786517,34.104245666546895,-118.534315786517,34.104245666546895,-118.538384213483,0.140625,384,0.1922,0.5866392254829407,10,1.1799999475479126,0.0,0.0029800001066178083,18.0,286.20001220703125,296.0,3.0999999046325684,72.0
34.10711,-118.54218,344.63,0.53,0.42,2025-01-10,1004,N21,VIIRS,n,2.0NRT,293.14,20.08,N,2025-01-10 10:04:00,0.0020342418547858025,0.0016843334531081568,34.108794333453105,-118.54421424185479,34.108794333453105,-118.54014575814521,34.10542566654689,-118.54014575814521,34.10542566654689,-118.54421424185479,0.140625,514,0.195,0.6009741425514221,10,0.8999999761581421,0.0,0.00279999990016222,18.0,286.20001220703125,294.79998779296875,3.0999999046325684,73.0
34.10732,-118.52347,309.34,0.54,0.42,2025-01-10,1004,N21,VIIRS,n,2.0NRT,288.08,9.72,N,2025-01-10 10:04:00,0.0020342469041756523,0.0016843334531081568,34.10900433345311,-118.52550424690418,34.10900433345311,-118.52143575309583,34.105635666546895,-118.52143575309583,34.105635666546895,-118.52550424690418,0.140625,405,0.1852,27.84345245361328,10,1.1799999475479126,0.0,0.0029800001066178083,18.0,286.20001220703125,296.0,3.0999999046325684,72.0
34.10847,-118.52914,325.9,0.54,0.42,2025-01-10,1004,N21,VIIRS,n,2.0NRT,295.52,128.08,N,2025-01-10 10:04:00,0.002034274556525356,0.0016843334531081568,34.1101543334531,-118.53117427455652,34.1101543334531,-118.52710572544348,34.10678566654689,-118.52710572544348,34.10678566654689,-118.53117427455652,0.140625,384,0.1922,0.5866392254829407,10,1.1799999475479126,0.0,0.0029800001066178083,18.0,286.20001220703125,296.0,3.0999999046325684,72.0
34.10965,-118.535,327.04,0.53,0.42,2025-01-10,1004,N21,VIIRS,n,2.0NRT,324.5,128.08,N,2025-01-10 10:04:00,0.00203430293187406,0.0016843334531081568,34.11133433345311,-118.53703430293187,34.11133433345311,-118.53296569706812,34.107965666546896,-118.53296569706812,34.107965666546896,-118.53703430293187,0.140625,384,0.1922,0.5866392254829407,10,1.1799999475479126,0.0,0.0029800001066178083,18.0,286.20001220703125,296.0,3.0999999046325684,72.0
34.11112,-118.52251,320.97,0.54,0.42,2025-01-10,1004,N21,VIIRS,n,2.0NRT,285.41,9.72,N,2025-01-10 10:04:00,0.0020343382831397774,0.0016843334531081568,34.112804333453106,-118.52454433828314,34.112804333453106,-118.52047566171686,34.109435666546894,-118.52047566171686,34.109435666546894,-118.52454433828314,0.140625,444,0.1894,48.79419708251953,10,1.1799999475479126,0.0,0.0029800001066178083,18.0,286.20001220703125,296.0,3.0999999046325684,72.0
34.1134,-118.53381,334.82,0.53,0.42,2025-01-10,1004,N21,VIIRS,n,2.0NRT,299.43,128.08,N,2025-01-10 10:04:00,0.0020343931187544245,0.0016843334531081568,34.115084333453105,-118.53584439311875,34.115084333453105,-118.53177560688125,34.11171566654689,-118.53177560688125,34.11171566654689,-118.53584439311875,0.140625,431,0.2222,0.5303903818130493,10,1.1799999475479126,0.0,0.0029800001066178083,18.0,286.20001220703125,296.0,3.0999999046325684,72.0
34.11492,-118.52154,319.82,0.54,0.42,2025-01-10,1004,N21,VIIRS,n,2.0NRT,283.79,14.94,N,2025-01-10 10:04:00,0.002034429679263009,0.0016843334531081568,34.116604333453104,-118.52357442967927,34.116604333453104,-118.51950557032073,34.11323566654689,-118.51950557032073,34.11323566654689,-118.52357442967927,0.140625,444,0.1894,48.79419708251953,10,1.1799999475479126,0.0,0.0029800001066178083,18.0,286.20001220703125,296.0,3.0999999046325684,72.0
34.11607,-118.52724,326.73,0.54,0.42,2025-01-10,1004,N21,VIIRS,n,2.0NRT,296.52,33.53,N,2025-01-10 10:04:00,0.0020344573419987734,0.0016843334531081568,34.11775433345311,-118.529274457342,34.11775433345311,-118.52520554265801,34.114385666546895,-118.52520554265801,34.114385666546895,-118.529274457342,0.140625,444,0.1894,48.79419708251953,10,1.1799999475479126,0.0,0.0029800001066178083,18.0,286.20001220703125,296.0,3.0999999046325684,72.0
34.14662,-118.71876,296.11,0.52,0.42,2025-01-10,1004,N21,VIIRS,n,2.0NRT,284.0,0.68,N,2025-01-10 10:04:00,0.0020351927843913907,0.0016843334531081568,34.148304333453105,-118.7207951927844,34.148304333453105,-118.71672480721561,34.14493566654689,-118.71672480721561,34.14493566654689,-118.7207951927844,0.140625,269,0.3261,0.0,30,2.690000057220459,0.0,0.00203000009059906,13.0,284.70001220703125,295.70001220703125,3.799999952316284,72.0
34.17747,-118.67509,296.53,0.53,0.42,2025-01-10,1004,N21,VIIRS,n,2.0NRT,283.39,0.65,N,2025-01-10 10:04:00,0.002035936576158628,0.0016843334531081568,34.179154333453106,-118.67712593657616,34.179154333453106,-118.67305406342383,34.17578566654689,-118.67305406342383,34.17578566654689,-118.67712593657616,0.140625,378,0.2619,0.21841871738433838,30,2.109999895095825,0.0,0.001449999981559813,13.0,285.8999938964844,295.0,4.0,81.0
34.17857,-118.68063,295.44,0.53,0.42,2025-01-10,1004,N21,VIIRS,n,2.0NRT,283.75,0.65,N,2025-01-10 10:04:00,0.0020359631180347573,0.0016843334531081568,34.18025433345311,-118.68266596311803,34.18025433345311,-118.67859403688196,34.176885666546895,-118.67859403688196,34.176885666546895,-118.68266596311803,0.140625,378,0.2619,0.21841871738433838,30,2.109999895095825,0.0,0.001449999981559813,13.0,285.8999938964844,295.0,4.0,81.0
34.0743,-118.68219,331.24,0.43,0.46,2025-01-10,2125,N21,VIIRS,n,2.0NRT,301.0,3.45,D,2025-01-10 21:25:00,0.0020334535909721633,0.0016843334531081568,34.07598433345311,-118.68422345359097,34.07598433345311,-118.68015654640904,34.072615666546895,-118.68015654640904,34.072615666546895,-118.68422345359097,0.140625,367,0.42500000000000004,9.617043495178223,10,2.0399999618530273,0.0,0.003370000049471855,9.0,286.6000061035156,294.79998779296875,2.9000000953674316,71.0
34.07432,-118.5971,344.44,0.43,0.46,2025-01-10,2125,N21,VIIRS,n,2.0NRT,304.23,5.25,D,2025-01-10 21:25:00,0.002033454071085172,0.0016843334531081568,34.076004333453106,-118.59913345407108,34.076004333453106,-118.59506654592892,34.072635666546894,-118.59506654592892,34.072635666546894,-118.59913345407108,0.140625,482,0.4087,23.05508041381836,10,1.5299999713897705,0.0,0.003379999892786145,18.0,285.3999938964844,296.6000061035156,2.799999952316284,61.0
34.0747,-118.6781,336.74,0.43,0.46,2025-01-10,2125,N21,VIIRS,n,2.0NRT,303.81,9.08,D,2025-01-10 21:25:00,0.0020334631933224935,0.0016843334531081568,34.076384333453106,-118.68013346319333,34.076384333453106,-118.67606653680667,34.073015666546894,-118.67606653680667,34.073015666546894,-118.68013346319333,0.140625,495,0.3247,7.851822853088379,10,2.0399999618530273,0.0,0.003370000049471855,9.0,286.6000061035156,294.79998779296875,2.9000000953674316,71.0
34.07892,-118.67843,352.54,0.43,0.46,2025-01-10,2125,N21,VIIRS,n,2.0NRT,308.61,9.08,D,2025-01-10 21:25:00,0.00203356450968287,0.0016843334531081568,34.0806043334531,-118.6804635645097,34.0806043334531,-118.67639643549032,34.07723566654689,-118.67639643549032,34.07723566654689,-118.6804635645097,0.140625,349,0.38020000000000004,24.989290237426758,10,2.0399999618530273,0.0,0.003370000049471855,9.0,286.6000061035156,294.79998779296875,2.9000000953674316,71.0
34.0793,-118.67467,355.14,0.43,0.46,2025-01-10,2125,N21,VIIRS,n,2.0NRT,301.63,9.08,D,2025-01-10 21:25:00,0.002033573633993945,0.0016843334531081568,34.08098433345311,-118.676703573634,34.08098433345311,-118.67263642636601,34.0776156665469,-118.67263642636601,34.0776156665469,-118.676703573634,0.140625,349,0.38020000000000004,24.989290237426758,10,2.0399999618530273,0.0,0.003370000049471855,9.0,286.6000061035156,294.79998779296875,2.9000000953674316,71.0
34.07962,-118.67985,329.38,0.43,0.46,2025-01-10,2125,N21,VIIRS,n,2.0NRT,299.04,5.0,D,2025-01-10 21:25:00,0.002033581317757211,0.0016843334531081568,34.081304333453105,-118.68188358131776,34.081304333453105,-118.67781641868224,34.07793566654689,-118.67781641868224,34.07793566654689,-118.68188358131776,0.140625,349,0.38020000000000004,24.989290237426758,10,2.0399999618530273,0.0,0.003370000049471855,9.0,286.6000061035156,294.79998779296875,2.9000000953674316,71.0
34.07999,-118.67604,353.28,0.43,0.46,2025-01-10,2125,N21,VIIRS,n,2.0NRT,302.02,8.38,D,2025-01-10 21:25:00,0.002033590202259947,0.0016843334531081568,34.08167433345311,-118.67807359020226,34.08167433345311,-118.67400640979774,34.078305666546896,-118.67400640979774,34.078305666546896,-118.67807359020226,0.140625,349,0.38020000000000004,24.989290237426758,10,2.0399999618530273,0.0,0.003370000049471855,9.0,286.6000061035156,294.79998779296875,2.9000000953674316,71.0
34.08036,-118.67226,336.99,0.43,0.46,2025-01-10,2125,N21,VIIRS,n,2.0NRT,297.12,8.38,D,2025-01-10 21:25:00,0.00203359908692512,0.0016843334531081568,34.082044333453105,-118.67429359908692,34.082044333453105,-118.67022640091307,34.07867566654689,-118.67022640091307,34.07867566654689,-118.67429359908692,0.140625,349,0.38020000000000004,24.989290237426758,10,2.0399999618530273,0.0,0.003370000049471855,9.0,286.6000061035156,294.79998779296875,2.9000000953674316,71.0
34.08698,-118.59853,342.47,0.43,0.46,2025-01-10,2125,N21,VIIRS,n,2.0NRT,306.17,6.27,D,2025-01-10 21:25:00,0.002033758077849913,0.0016843334531081568,34.0886643334531,-118.60056375807784,34.0886643334531,-118.59649624192215,34.08529566654689,-118.59649624192215,34.08529566654689,-118.60056375807784,0.140625,280,0.527,643.9362182617188,10,1.0099999904632568,0.0,0.00267999991774559,18.0,285.5,295.5,3.200000047683716,73.0
34.08715,-118.60014,347.14,0.43,0.46,2025-01-10,2125,N21,VIIRS,n,2.0NRT,302.85,6.94,D,2025-01-10 21:25:00,0.0020337621613834038,0.0016843334531081568,34.08883433345311,-118.60217376216139,34.08883433345311,-118.5981062378386,34.085465666546895,-118.5981062378386,34.085465666546895,-118.60217376216139,0.140625,280,0.527,643.9362182617188,10,1.0099999904632568,0.0,0.00267999991774559,18.0,285.5,295.5,3.200000047683716,73.0
34.08788,-118.58969,353.12,0.43,0.46,2025-01-10,2125,N21,VIIRS,n,2.0NRT,309.85,24.53,D,2025-01-10 21:25:00,0.0020337796969465416,0.0016843334531081568,34.089564333453104,-118.59172377969695,34.089564333453104,-118.58765622030306,34.08619566654689,-118.58765622030306,34.08619566654689,-118.59172377969695,0.140625,356,0.42210000000000003,120.58776092529297,10,1.0099999904632568,0.0,0.00267999991774559,18.0,285.5,295.5,3.200000047683716,73.0
34.08799,-118.59123,343.11,0.43,0.46,2025-01-10,2125,N21,VIIRS,n,2.0NRT,306.99,13.26,D,2025-01-10 21:25:00,0.00203378233934651,0.0016843334531081568,34.089674333453104,-118.59326378233935,34.089674333453104,-118.58919621766064,34.08630566654689,-118.58919621766064,34.08630566654689,-118.59326378233935,0.140625,356,0.42210000000000003,120.58776092529297,10,1.0099999904632568,0.0,0.00267999991774559,18.0,285.5,295.5,3.200000047683716,73.0
34.08835,-118.58498,335.2,0.43,0.46,2025-01-10,2125,N21,VIIRS,n,2.0NRT,306.25,5.1,D,2025-01-10 21:25:00,0.0020337909873013728,0.0016843334531081568,34.090034333453104,-118.5870137909873,34.090034333453104,-118.5829462090127,34.08666566654689,-118.5829462090127,34.08666566654689,-118.5870137909873,0.140625,356,0.42210000000000003,120.58776092529297,10,1.0099999904632568,0.0,0.00267999991774559,18.0,285.5,295.5,3.200000047683716,73.0
34.08842,-118.58669,342.07,0.43,0.46,2025-01-10,2125,N21,VIIRS,n,2.0NRT,305.98,13.26,D,2025-01-10 21:25:00,0.002033792668866016,0.0016843334531081568,34.090104333453105,-118.58872379266887,34.090104333453105,-118.58465620733114,34.08673566654689,-118.58465620733114,34.08673566654689,-118.58872379266887,0.140625,356,0.42210000000000003,120.58776092529297,10,1.0099999904632568,0.0,0.00267999991774559,18.0,285.5,295.5,3.200000047683716,73.0
34.1036,-118.56188,335.56,0.44,0.46,2025-01-10,2125,N21,VIIRS,l,2.0NRT,305.96,7.59,D,2025-01-10 21:25:00,0.0020341574655972383,0.0016843334531081568,34.105284333453106,-118.5639141574656,34.105284333453106,-118.5598458425344,34.101915666546894,-118.5598458425344,34.101915666546894,-118.5639141574656,0.140625,587,0.4302,8.322295188903809,10,0.8999999761581421,0.0,0.00279999990016222,18.0,286.20001220703125,294.79998779296875,3.0999999046325684,73.0
34.10492,-118.54792,336.05,0.44,0.46,2025-01-10,2125,N21,VIIRS,n,2.0NRT,305.43,12.56,D,2025-01-10 21:25:00,0.00203418919998525,0.0016843334531081568,34.106604333453106,-118.5499541892,34.106604333453106,-118.54588581080002,34.103235666546894,-118.54588581080002,34.103235666546894,-118.5499541892,0.140625,577,0.2417,3.778350830078125,10,0.8999999761581421,0.0,0.00279999990016222,18.0,286.20001220703125,294.79998779296875,3.0999999046325684,73.0
34.10539,-118.54298,352.07,0.44,0.46,2025-01-10,2125,N21,VIIRS,n,2.0NRT,307.7,12.56,D,2025-01-10 21:25:00,0.002034200499850384,0.0016843334531081568,34.107074333453106,-118.54501420049985,34.107074333453106,-118.54094579950015,34.103705666546894,-118.54094579950015,34.103705666546894,-118.54501420049985,0.140625,514,0.195,0.6009741425514221,10,0.8999999761581421,0.0,0.00279999990016222,18.0,286.20001220703125,294.79998779296875,3.0999999046325684,73.0
34.10587,-118.5379,348.44,0.44,0.46,2025-01-10,2125,N21,VIIRS,n,2.0NRT,299.93,8.92,D,2025-01-10 21:25:00,0.002034212040409039,0.0016843334531081568,34.10755433345311,-118.53993421204041,34.10755433345311,-118.53586578795958,34.1041856665469,-118.53586578795958,34.1041856665469,-118.53993421204041,0.140625,514,0.195,0.6009741425514221,10,0.8999999761581421,0.0,0.00279999990016222,18.0,286.20001220703125,294.79998779296875,3.0999999046325684,73.0
34.10872,-118.55302,351.08,0.44,0.46,2025-01-10,2125,N21,VIIRS,n,2.0NRT,318.2,145.48,D,2025-01-10 21:25:00,0.0020342805681136506,0.0016843334531081568,34.110404333453104,-118.55505428056811,34.110404333453104,-118.55098571943189,34.10703566654689,-118.55098571943189,34.10703566654689,-118.55505428056811,0.140625,577,0.2417,3.778350830078125,10,0.8999999761581421,0.0,0.00279999990016222,18.0,286.20001220703125,294.79998779296875,3.0999999046325684,73.0
34.11013,-118.53804,342.01,0.44,0.46,2025-01-10,2125,N21,VIIRS,n,2.0NRT,308.13,106.96,D,2025-01-10 21:25:00,0.0020343144748621684,0.0016843334531081568,34.111814333453104,-118.54007431447485,34.111814333453104,-118.53600568552514,34.10844566654689,-118.53600568552514,34.10844566654689,-118.54007431447485,0.140625,514,0.195,0.6009741425514221,10,0.8999999761581421,0.0,0.00279999990016222,18.0,286.20001220703125,294.79998779296875,3.0999999046325684,73.0
34.11438,-118.53849,367.0,0.44,0.46,2025-01-10,2125,N21,VIIRS,l,2.0NRT,337.64,106.96,D,2025-01-10 21:25:00,0.0020344166903468034,0.0016843334531081568,34.1160643334531,-118.54052441669035,34.1160643334531,-118.53645558330965,34.11269566654689,-118.53645558330965,34.11269566654689,-118.54052441669035,0.140625,440,0.2214,0.6009742021560669,10,0.8999999761581421,0.0,0.00279999990016222,18.0,286.20001220703125,294.79998779296875,3.0999999046325684,73.0
34.11482,-118.53382,367.0,0.44,0.46,2025-01-10,2125,N21,VIIRS,h,2.0NRT,335.28,106.96,D,2025-01-10 21:25:00,0.0020344272738820088,0.0016843334531081568,34.11650433345311,-118.53585442727389,34.11650433345311,-118.53178557272612,34.113135666546896,-118.53178557272612,34.113135666546896,-118.53585442727389,0.140625,431,0.2222,0.5303903818130493,10,1.1799999475479126,0.0,0.0029800001066178083,18.0,286.20001220703125,296.0,3.0999999046325684,72.0
34.11526,-118.52923,367.0,0.44,0.46,2025-01-10,2125,N21,VIIRS,h,2.0NRT,342.6,242.71,D,2025-01-10 21:25:00,0.0020344378576473113,0.0016843334531081568,34.116944333453105,-118.53126443785764,34.116944333453105,-118.52719556214235,34.11357566654689,-118.52719556214235,34.11357566654689,-118.53126443785764,0.140625,431,0.2222,0.5303903818130493,10,1.1799999475479126,0.0,0.0029800001066178083,18.0,286.20001220703125,296.0,3.0999999046325684,72.0
34.11614,-118.51989,327.67,0.44,0.46,2025-01-10,2125,N21,VIIRS,n,2.0NRT,294.98,18.91,D,2025-01-10 21:25:00,0.002034459025868224,0.0016843334531081568,34.11782433345311,-118.52192445902587,34.11782433345311,-118.51785554097414,34.114455666546895,-118.51785554097414,34.114455666546895,-118.52192445902587,0.140625,444,0.1894,48.79419708251953,10,1.1799999475479126,0.0,0.0029800001066178083,18.0,286.20001220703125,296.0,3.0999999046325684,72.0
34.11859,-118.53923,337.41,0.44,0.46,2025-01-10,2125,N21,VIIRS,n,2.0NRT,298.07,217.97,D,2025-01-10 21:25:00,0.002034517964968301,0.0016843334531081568,34.120274333453104,-118.54126451796498,34.120274333453104,-118.53719548203503,34.11690566654689,-118.53719548203503,34.11690566654689,-118.54126451796498,0.140625,440,0.2214,0.6009742021560669,10,0.8999999761581421,0.0,0.00279999990016222,18.0,286.20001220703125,294.79998779296875,3.0999999046325684,73.0
34.11903,-118.53463,367.0,0.44,0.46,2025-01-10,2125,N21,VIIRS,h,2.0NRT,358.69,217.97,D,2025-01-10 21:25:00,0.0020345285507053085,0.0016843334531081568,34.12071433345311,-118.53666452855072,34.12071433345311,-118.5325954714493,34.117345666546896,-118.5325954714493,34.117345666546896,-118.53666452855072,0.140625,431,0.2222,0.5303903818130493,10,1.1799999475479126,0.0,0.0029800001066178083,18.0,286.20001220703125,296.0,3.0999999046325684,72.0
34.11947,-118.53004,346.16,0.44,0.46,2025-01-10,2125,N21,VIIRS,n,2.0NRT,313.42,50.8,D,2025-01-10 21:25:00,0.0020345391366724586,0.0016843334531081568,34.121154333453106,-118.53207453913667,34.121154333453106,-118.52800546086333,34.117785666546894,-118.52800546086333,34.117785666546894,-118.53207453913667,0.140625,431,0.2222,0.5303903818130493,10,1.1799999475479126,0.0,0.0029800001066178083,18.0,286.20001220703125,296.0,3.0999999046325684,72.0
34.11992,-118.52534,340.76,0.44,0.46,2025-01-10,2125,N21,VIIRS,n,2.0NRT,299.16,50.8,D,2025-01-10 21:25:00,0.0020345499634678243,0.0016843334531081568,34.12160433345311,-118.52737454996347,34.12160433345311,-118.52330545003653,34.118235666546894,-118.52330545003653,34.118235666546894,-118.52737454996347,0.140625,475,0.2011,18.44366455078125,10,1.1799999475479126,0.0,0.0029800001066178083,18.0,286.20001220703125,296.0,3.0999999046325684,72.0
34.09718,-118.51167,298.26,0.39,0.36,2025-01-11,945,N21,VIIRS,n,2.0NRT,282.38,0.8,N,2025-01-11 09:45:00,0.002034003150584602,0.0016843334531081568,34.09886433345311,-118.51370400315058,34.09886433345311,-118.50963599684941,34.095495666546896,-118.50963599684941,34.095495666546896,-118.51370400315058,0.140625,424,0.2528,111.19847106933594,10,0.9900000095367432,0.0,0.0029899999499320984,31.0,282.70001220703125,294.79998779296875,2.700000047683716,73.0
34.10112,-118.51504,333.81,0.39,0.36,2025-01-11,945,N21,VIIRS,n,2.0NRT,296.55,31.49,N,2025-01-11 09:45:00,0.0020340978490108724,0.0016843334531081568,34.10280433345311,-118.517074097849,34.10280433345311,-118.513005902151,34.099435666546896,-118.513005902151,34.099435666546896,-118.517074097849,0.140625,424,0.2528,111.19847106933594,10,0.9900000095367432,0.0,0.0029899999499320984,31.0,282.70001220703125,294.79998779296875,2.700000047683716,73.0
34.10306,-118.506,301.03,0.39,0.36,2025-01-11,945,N21,VIIRS,n,2.0NRT,281.39,52.91,N,2025-01-11 09:45:00,0.0020341444839441563,0.0016843334531081568,34.104744333453105,-118.50803414448394,34.104744333453105,-118.50396585551606,34.10137566654689,-118.50396585551606,34.10137566654689,-118.50803414448394,0.140625,352,0.4766,139.25531005859375,10,0.9900000095367432,0.0,0.0029899999499320984,31.0,282.70001220703125,294.79998779296875,2.700000047683716,73.0
34.10373,-118.51016,338.13,0.39,0.36,2025-01-11,945,N21,VIIRS,n,2.0NRT,310.46,52.91,N,2025-01-11 09:45:00,0.002034160590861749,0.0016843334531081568,34.105414333453105,-118.51219416059087,34.105414333453105,-118.50812583940913,34.10204566654689,-118.50812583940913,34.10204566654689,-118.51219416059087,0.140625,352,0.4766,139.25531005859375,10,0.9900000095367432,0.0,0.0029899999499320984,31.0,282.70001220703125,294.79998779296875,2.700000047683716,73.0
34.10439,-118.51429,329.69,0.39,0.36,2025-01-11,945,N21,VIIRS,n,2.0NRT,316.67,31.49,N,2025-01-11 09:45:00,0.002034176457898949,0.0016843334531081568,34.10607433345311,-118.5163241764579,34.10607433345311,-118.5122558235421,34.102705666546896,-118.5122558235421,34.102705666546896,-118.5163241764579,0.140625,477,0.26990000000000003,114.23930358886719,10,0.9900000095367432,0.0,0.0029899999499320984,31.0,282.70001220703125,294.79998779296875,2.700000047683716,73.0
34.10505,-118.5184,331.15,0.39,0.36,2025-01-11,945,N21,VIIRS,n,2.0NRT,285.67,31.49,N,2025-01-11 09:45:00,0.002034192325453608,0.0016843334531081568,34.106734333453105,-118.52043419232545,34.106734333453105,-118.51636580767455,34.10336566654689,-118.51636580767455,34.10336566654689,-118.52043419232545,0.140625,477,0.26990000000000003,114.23930358886719,10,0.9900000095367432,0.0,0.0029899999499320984,31.0,282.70001220703125,294.79998779296875,2.700000047683716,73.0
34.10575,-118.54393,298.46,0.39,0.36,2025-01-11,945,N21,VIIRS,n,2.0NRT,286.29,1.03,N,2025-01-11 09:45:00,0.0020342091552437145,0.0016843334531081568,34.10743433345311,-118.54596420915524,34.10743433345311,-118.54189579084476,34.104065666546894,-118.54189579084476,34.104065666546894,-118.54596420915524,0.140625,514,0.195,0.6009741425514221,10,0.7300000190734863,0.0,0.0028099999763071537,31.0,282.5,293.70001220703125,2.700000047683716,74.0
34.10634,-118.50524,318.68,0.39,0.36,2025-01-11,945,N21,VIIRS,n,2.0NRT,283.01,26.51,N,2025-01-11 09:45:00,0.002034223340804611,0.0016843334531081568,34.10802433345311,-118.5072742233408,34.10802433345311,-118.5032057766592,34.1046556665469,-118.5032057766592,34.1046556665469,-118.5072742233408,0.140625,352,0.4766,139.25531005859375,10,0.9900000095367432,0.0,0.0029899999499320984,31.0,282.70001220703125,294.79998779296875,2.700000047683716,73.0
34.10641,-118.54807,301.27,0.39,0.36,2025-01-11,945,N21,VIIRS,n,2.0NRT,287.49,0.92,N,2025-01-11 09:45:00,0.002034225023864703,0.0016843334531081568,34.1080943334531,-118.55010422502386,34.1080943334531,-118.54603577497613,34.10472566654689,-118.54603577497613,34.10472566654689,-118.55010422502386,0.140625,577,0.2417,3.778350830078125,10,0.7300000190734863,0.0,0.0028099999763071537,31.0,282.5,293.70001220703125,2.700000047683716,74.0
34.10701,-118.5094,347.84,0.39,0.36,2025-01-11,945,N21,VIIRS,n,2.0NRT,299.57,26.51,N,2025-01-11 09:45:00,0.002034239450332861,0.0016843334531081568,34.10869433345311,-118.51143423945034,34.10869433345311,-118.50736576054966,34.1053256665469,-118.50736576054966,34.1053256665469,-118.51143423945034,0.140625,352,0.4766,139.25531005859375,10,0.9900000095367432,0.0,0.0029899999499320984,31.0,282.70001220703125,294.79998779296875,2.700000047683716,73.0
34.10707,-118.55219,296.82,0.39,0.36,2025-01-11,945,N21,VIIRS,n,2.0NRT,286.52,0.92,N,2025-01-11 09:45:00,0.0020342408930032006,0.0016843334531081568,34.108754333453106,-118.55422424089299,34.108754333453106,-118.550155759107,34.105385666546894,-118.550155759107,34.105385666546894,-118.55422424089299,0.140625,577,0.2417,3.778350830078125,10,0.7300000190734863,0.0,0.0028099999763071537,31.0,282.5,293.70001220703125,2.700000047683716,74.0
34.10767,-118.51355,327.17,0.39,0.36,2025-01-11,945,N21,VIIRS,n,2.0NRT,308.54,22.93,N,2025-01-11 09:45:00,0.0020342553199418347,0.0016843334531081568,34.109354333453105,-118.51558425531994,34.109354333453105,-118.51151574468005,34.10598566654689,-118.51151574468005,34.10598566654689,-118.51558425531994,0.140625,477,0.26990000000000003,114.23930358886719,10,0.9900000095367432,0.0,0.0029899999499320984,31.0,282.70001220703125,294.79998779296875,2.700000047683716,73.0
34.10833,-118.51765,337.1,0.39,0.36,2025-01-11,945,N21,VIIRS,n,2.0NRT,301.2,22.93,N,2025-01-11 09:45:00,0.002034271190068348,0.0016843334531081568,34.11001433345311,-118.51968427119007,34.11001433345311,-118.51561572880993,34.106645666546896,-118.51561572880993,34.106645666546896,-118.51968427119007,0.140625,477,0.26990000000000003,114.23930358886719,10,0.9900000095367432,0.0,0.0029899999499320984,31.0,282.70001220703125,294.79998779296875,2.700000047683716,73.0
34.10836,-118.53902,302.37,0.39,0.36,2025-01-11,945,N21,VIIRS,n,2.0NRT,287.0,1.03,N,2025-01-11 09:45:00,0.0020342719114500325,0.0016843334531081568,34.110044333453104,-118.54105427191145,34.110044333453104,-118.53698572808854,34.10667566654689,-118.53698572808854,34.10667566654689,-118.54105427191145,0.140625,514,0.195,0.6009741425514221,10,0.7300000190734863,0.0,0.0028099999763071537,31.0,282.5,293.70001220703125,2.700000047683716,74.0
34.10899,-118.52174,304.12,0.39,0.36,2025-01-11,945,N21,VIIRS,n,2.0NRT,284.36,3.73,N,2025-01-11 09:45:00,0.002034287060712418,0.0016843334531081568,34.110674333453105,-118.5237742870607,34.110674333453105,-118.51970571293928,34.10730566654689,-118.51970571293928,34.10730566654689,-118.5237742870607,0.140625,405,0.1852,27.84345245361328,10,0.9900000095367432,0.0,0.0029899999499320984,31.0,282.70001220703125,294.79998779296875,2.700000047683716,73.0
34.10902,-118.54315,313.59,0.39,0.36,2025-01-11,945,N21,VIIRS,n,2.0NRT,290.21,1.03,N,2025-01-11 09:45:00,0.0020342877821176277,0.0016843334531081568,34.11070433345311,-118.54518428778212,34.11070433345311,-118.54111571221787,34.107335666546895,-118.54111571221787,34.107335666546895,-118.54518428778212,0.140625,514,0.195,0.6009741425514221,10,0.7300000190734863,0.0,0.0028099999763071537,31.0,282.5,293.70001220703125,2.700000047683716,74.0
34.10962,-118.50449,344.49,0.39,0.36,2025-01-11,945,N21,VIIRS,n,2.0NRT,298.05,26.51,N,2025-01-11 09:45:00,0.002034302210446393,0.0016843334531081568,34.111304333453106,-118.50652430221045,34.111304333453106,-118.50245569778956,34.107935666546894,-118.50245569778956,34.107935666546894,-118.50652430221045,0.140625,352,0.4766,139.25531005859375,10,0.9900000095367432,0.0,0.0029899999499320984,31.0,282.70001220703125,294.79998779296875,2.700000047683716,73.0
34.10965,-118.52587,296.29,0.39,0.36,2025-01-11,945,N21,VIIRS,n,2.0NRT,283.79,3.73,N,2025-01-11 09:45:00,0.00203430293187406,0.0016843334531081568,34.11133433345311,-118.52790430293187,34.11133433345311,-118.52383569706812,34.107965666546896,-118.52383569706812,34.107965666546896,-118.52790430293187,0.140625,405,0.1852,27.84345245361328,10,0.9900000095367432,0.0,0.0029899999499320984,31.0,282.70001220703125,294.79998779296875,2.700000047683716,73.0
34.10968,-118.54729,309.6,0.39,0.36,2025-01-11,945,N21,VIIRS,n,2.0NRT,287.49,0.92,N,2025-01-11 09:45:00,0.002034303653302796,0.0016843334531081568,34.1113643334531,-118.54932430365331,34.1113643334531,-118.5452556963467,34.10799566654689,-118.5452556963467,34.10799566654689,-118.54932430365331,0.140625,577,0.2417,3.778350830078125,10,0.7300000190734863,0.0,0.0028099999763071537,31.0,282.5,293.70001220703125,2.700000047683716,74.0
34.11028,-118.50866,333.34,0.39,0.36,2025-01-11,945,N21,VIIRS,n,2.0NRT,313.86,26.51,N,2025-01-11 09:45:00,0.0020343180821020966,0.0016843334531081568,34.11196433345311,-118.5106943180821,34.11196433345311,-118.50662568191791,34.1085956665469,-118.50662568191791,34.1085956665469,-118.5106943180821,0.140625,352,0.4766,139.25531005859375,10,0.9900000095367432,0.0,0.0029899999499320984,31.0,282.70001220703125,294.79998779296875,2.700000047683716,73.0
34.11031,-118.53,296.64,0.39,0.36,2025-01-11,945,N21,VIIRS,n,2.0NRT,283.62,0.99,N,2025-01-11 09:45:00,0.002034318803553291,0.0016843334531081568,34.111994333453104,-118.53203431880355,34.111994333453104,-118.52796568119645,34.10862566654689,-118.52796568119645,34.10862566654689,-118.53203431880355,0.140625,384,0.1922,0.5866392254829407,10,0.9900000095367432,0.0,0.0029899999499320984,31.0,282.70001220703125,294.79998779296875,2.700000047683716,73.0
34.11034,-118.55141,305.02,0.39,0.36,2025-01-11,945,N21,VIIRS,n,2.0NRT,288.89,0.92,N,2025-01-11 09:45:00,0.002034319525005554,0.0016843334531081568,34.11202433345311,-118.55344431952501,34.11202433345311,-118.549375680475,34.108655666546895,-118.549375680475,34.108655666546895,-118.55344431952501,0.140625,577,0.2417,3.778350830078125,10,0.7300000190734863,0.0,0.0028099999763071537,31.0,282.5,293.70001220703125,2.700000047683716,74.0
34.11095,-118.51279,325.51,0.39,0.36,2025-01-11,945,N21,VIIRS,n,2.0NRT,290.83,22.93,N,2025-01-11 09:45:00,0.0020343341947668602,0.0016843334531081568,34.11263433345311,-118.51482433419476,34.11263433345311,-118.51075566580523,34.1092656665469,-118.51075566580523,34.1092656665469,-118.51482433419476,0.140625,493,0.1794,111.84342193603516,10,0.9900000095367432,0.0,0.0029899999499320984,31.0,282.70001220703125,294.79998779296875,2.700000047683716,73.0
34.11097,-118.53412,300.96,0.39,0.36,2025-01-11,945,N21,VIIRS,n,2.0NRT,284.35,0.99,N,2025-01-11 09:45:00,0.002034334675750127,0.0016843334531081568,34.11265433345311,-118.53615433467576,34.11265433345311,-118.53208566532425,34.109285666546896,-118.53208566532425,34.109285666546896,-118.53615433467576,0.140625,431,0.2222,0.5303903818130493,10,0.9900000095367432,0.0,0.0029899999499320984,31.0,282.70001220703125,294.79998779296875,2.700000047683716,73.0
34.1116,-118.51691,367.0,0.39,0.36,2025-01-11,945,N21,VIIRS,h,2.0NRT,301.32,22.93,N,2025-01-11 09:45:00,0.0020343498269663335,0.0016843334531081568,34.11328433345311,-118.51894434982697,34.11328433345311,-118.51487565017302,34.1099156665469,-118.51487565017302,34.1099156665469,-118.51894434982697,0.140625,493,0.1794,111.84342193603516,10,0.9900000095367432,0.0,0.0029899999499320984,31.0,282.70001220703125,294.79998779296875,2.700000047683716,73.0
34.11163,-118.53825,312.52,0.39,0.36,2025-01-11,945,N21,VIIRS,n,2.0NRT,287.93,11.09,N,2025-01-11 09:45:00,0.002034350548464584,0.0016843334531081568,34.113314333453104,-118.54028435054848,34.113314333453104,-118.53621564945153,34.10994566654689,-118.53621564945153,34.10994566654689,-118.54028435054848,0.140625,440,0.2214,0.6009742021560669,10,0.7300000190734863,0.0,0.0028099999763071537,31.0,282.5,293.70001220703125,2.700000047683716,74.0
34.11226,-118.52101,342.2,0.39,0.36,2025-01-11,945,N21,VIIRS,n,2.0NRT,296.52,3.73,N,2025-01-11 09:45:00,0.002034365700174899,0.0016843334531081568,34.113944333453105,-118.52304436570017,34.113944333453105,-118.51897563429984,34.11057566654689,-118.51897563429984,34.11057566654689,-118.52304436570017,0.140625,444,0.1894,48.79419708251953,10,0.9900000095367432,0.0,0.0029899999499320984,31.0,282.70001220703125,294.79998779296875,2.700000047683716,73.0
34.11229,-118.54237,332.23,0.39,0.36,2025-01-11,945,N21,VIIRS,n,2.0NRT,291.59,11.09,N,2025-01-11 09:45:00,0.002034366421696679,0.0016843334531081568,34.11397433345311,-118.5444043664217,34.11397433345311,-118.54033563357831,34.110605666546896,-118.54033563357831,34.110605666546896,-118.5444043664217,0.140625,440,0.2214,0.6009742021560669,10,0.7300000190734863,0.0,0.0028099999763071537,31.0,282.5,293.70001220703125,2.700000047683716,74.0
34.11289,-118.50374,317.2,0.39,0.36,2025-01-11,945,N21,VIIRS,n,2.0NRT,286.76,1.84,N,2025-01-11 09:45:00,0.002034380852356878,0.0016843334531081568,34.114574333453106,-118.50577438085234,34.114574333453106,-118.50170561914764,34.111205666546894,-118.50170561914764,34.111205666546894,-118.50577438085234,0.140625,402,0.3835,113.79505157470703,10,0.9900000095367432,0.0,0.0029899999499320984,31.0,282.70001220703125,294.79998779296875,2.700000047683716,73.0
34.11293,-118.52512,300.36,0.39,0.36,2025-01-11,945,N21,VIIRS,n,2.0NRT,284.93,3.73,N,2025-01-11 09:45:00,0.0020343818144161027,0.0016843334531081568,34.114614333453105,-118.52715438181441,34.114614333453105,-118.52308561818559,34.11124566654689,-118.52308561818559,34.11124566654689,-118.52715438181441,0.140625,444,0.1894,48.79419708251953,10,0.9900000095367432,0.0,0.0029899999499320984,31.0,282.70001220703125,294.79998779296875,2.700000047683716,73.0
34.11295,-118.5465,333.63,0.39,0.36,2025-01-11,945,N21,VIIRS,n,2.0NRT,296.91,33.84,N,2025-01-11 09:45:00,0.002034382295446428,0.0016843334531081568,34.114634333453104,-118.54853438229544,34.114634333453104,-118.54446561770455,34.11126566654689,-118.54446561770455,34.11126566654689,-118.54853438229544,0.140625,465,0.2214,0.3971311151981354,10,0.7300000190734863,0.0,0.0028099999763071537,31.0,282.5,293.70001220703125,2.700000047683716,74.0
34.11356,-118.5079,321.62,0.39,0.36,2025-01-11,945,N21,VIIRS,n,2.0NRT,293.12,1.84,N,2025-01-11 09:45:00,0.0020343969670997076,0.0016843334531081568,34.115244333453106,-118.50993439696711,34.115244333453106,-118.5058656030329,34.111875666546894,-118.5058656030329,34.111875666546894,-118.50993439696711,0.140625,402,0.3835,113.79505157470703,10,0.9900000095367432,0.0,0.0029899999499320984,31.0,282.70001220703125,294.79998779296875,2.700000047683716,73.0
34.11358,-118.52924,302.39,0.39,0.36,2025-01-11,945,N21,VIIRS,n,2.0NRT,284.9,0.99,N,2025-01-11 09:45:00,0.0020343974481450066,0.0016843334531081568,34.115264333453105,-118.53127439744814,34.115264333453105,-118.52720560255186,34.11189566654689,-118.52720560255186,34.11189566654689,-118.53127439744814,0.140625,431,0.2222,0.5303903818130493,10,0.9900000095367432,0.0,0.0029899999499320984,31.0,282.70001220703125,294.79998779296875,2.700000047683716,73.0
34.11361,-118.55064,301.89,0.39,0.36,2025-01-11,945,N21,VIIRS,n,2.0NRT,284.54,33.84,N,2025-01-11 09:45:00,0.0020343981697138473,0.0016843334531081568,34.11529433345311,-118.55267439816971,34.11529433345311,-118.54860560183029,34.111925666546895,-118.54860560183029,34.111925666546895,-118.55267439816971,0.140625,465,0.2214,0.3971311151981354,10,0.7300000190734863,0.0,0.0028099999763071537,31.0,282.5,293.70001220703125,2.700000047683716,74.0
34.11422,-118.51203,313.84,0.39,0.36,2025-01-11,945,N21,VIIRS,n,2.0NRT,290.42,3.41,N,2025-01-11 09:45:00,0.002034412841845594,0.0016843334531081568,34.11590433345311,-118.51406441284185,34.11590433345311,-118.50999558715814,34.1125356665469,-118.50999558715814,34.1125356665469,-118.51406441284185,0.140625,493,0.1794,111.84342193603516,10,0.9900000095367432,0.0,0.0029899999499320984,31.0,282.70001220703125,294.79998779296875,2.700000047683716,73.0
34.11424,-118.53337,309.16,0.39,0.36,2025-01-11,945,N21,VIIRS,n,2.0NRT,285.39,0.99,N,2025-01-11 09:45:00,0.0020344133229065814,0.0016843334531081568,34.11592433345311,-118.53540441332291,34.11592433345311,-118.5313355866771,34.112555666546896,-118.5313355866771,34.112555666546896,-118.53540441332291,0.140625,431,0.2222,0.5303903818130493,10,0.9900000095367432,0.0,0.0029899999499320984,31.0,282.70001220703125,294.79998779296875,2.700000047683716,73.0
34.11488,-118.51616,319.42,0.39,0.36,2025-01-11,945,N21,VIIRS,n,2.0NRT,294.15,3.41,N,2025-01-11 09:45:00,0.002034428717109183,0.0016843334531081568,34.116564333453105,-118.51819442871711,34.116564333453105,-118.51412557128289,34.11319566654689,-118.51412557128289,34.11319566654689,-118.51819442871711,0.140625,493,0.1794,111.84342193603516,10,0.9900000095367432,0.0,0.0029899999499320984,31.0,282.70001220703125,294.79998779296875,2.700000047683716,73.0
34.1149,-118.53748,340.21,0.39,0.36,2025-01-11,945,N21,VIIRS,n,2.0NRT,292.22,11.09,N,2025-01-11 09:45:00,0.0020344291981858583,0.0016843334531081568,34.116584333453105,-118.53951442919819,34.116584333453105,-118.53544557080181,34.11321566654689,-118.53544557080181,34.11321566654689,-118.53951442919819,0.140625,440,0.2214,0.6009742021560669,10,0.7300000190734863,0.0,0.0028099999763071537,31.0,282.5,293.70001220703125,2.700000047683716,74.0
34.11554,-118.52026,318.54,0.39,0.36,2025-01-11,945,N21,VIIRS,n,2.0NRT,291.03,4.36,N,2025-01-11 09:45:00,0.0020344445928904896,0.0016843334531081568,34.11722433345311,-118.52229444459289,34.11722433345311,-118.5182255554071,34.1138556665469,-118.5182255554071,34.1138556665469,-118.52229444459289,0.140625,444,0.1894,48.79419708251953,10,0.9900000095367432,0.0,0.0029899999499320984,31.0,282.70001220703125,294.79998779296875,2.700000047683716,73.0
34.11557,-118.54161,354.96,0.39,0.36,2025-01-11,945,N21,VIIRS,n,2.0NRT,302.12,11.09,N,2025-01-11 09:45:00,0.002034445314529214,0.0016843334531081568,34.117254333453104,-118.54364444531454,34.117254333453104,-118.53957555468547,34.11388566654689,-118.53957555468547,34.11388566654689,-118.54364444531454,0.140625,440,0.2214,0.6009742021560669,10,0.7300000190734863,0.0,0.0028099999763071537,31.0,282.5,293.70001220703125,2.700000047683716,74.0
34.1162,-118.52438,319.79,0.39,0.36,2025-01-11,945,N21,VIIRS,n,2.0NRT,290.22,4.36,N,2025-01-11 09:45:00,0.002034460469189531,0.0016843334531081568,34.117884333453105,-118.52641446046918,34.117884333453105,-118.5223455395308,34.11451566654689,-118.5223455395308,34.11451566654689,-118.52641446046918,0.140625,444,0.1894,48.79419708251953,10,0.9900000095367432,0.0,0.0029899999499320984,31.0,282.70001220703125,294.79998779296875,2.700000047683716,73.0
34.11623,-118.54575,335.21,0.39,0.36,2025-01-11,945,N21,VIIRS,n,2.0NRT,313.18,33.84,N,2025-01-11 09:45:00,0.0020344611908517892,0.0016843334531081568,34.11791433345311,-118.54778446119084,34.11791433345311,-118.54371553880915,34.114545666546896,-118.54371553880915,34.114545666546896,-118.54778446119084,0.140625,440,0.2214,0.6009742021560669,10,0.7300000190734863,0.0,0.0028099999763071537,31.0,282.5,293.70001220703125,2.700000047683716,74.0
34.11683,-118.50714,306.32,0.39,0.36,2025-01-11,945,N21,VIIRS,n,2.0NRT,285.6,1.84,N,2025-01-11 09:45:00,0.0020344756243216005,0.0016843334531081568,34.118514333453106,-118.50917447562433,34.118514333453106,-118.50510552437568,34.115145666546894,-118.50510552437568,34.115145666546894,-118.50917447562433,0.140625,402,0.3835,113.79505157470703,10,0.9900000095367432,0.0,0.0029899999499320984,31.0,282.70001220703125,294.79998779296875,2.700000047683716,73.0
34.11686,-118.52851,317.72,0.39,0.36,2025-01-11,945,N21,VIIRS,n,2.0NRT,288.65,35.5,N,2025-01-11 09:45:00,0.0020344763460063238,0.0016843334531081568,34.11854433345311,-118.53054447634601,34.11854433345311,-118.52647552365399,34.1151756665469,-118.52647552365399,34.1151756665469,-118.53054447634601,0.140625,431,0.2222,0.5303903818130493,10,0.9900000095367432,0.0,0.0029899999499320984,31.0,282.70001220703125,294.79998779296875,2.700000047683716,73.0
34.11689,-118.54989,306.2,0.39,0.36,2025-01-11,945,N21,VIIRS,n,2.0NRT,284.42,33.84,N,2025-01-11 09:45:00,0.002034477067692116,0.0016843334531081568,34.118574333453104,-118.5519244770677,34.118574333453104,-118.54785552293231,34.11520566654689,-118.54785552293231,34.11520566654689,-118.5519244770677,0.140625,465,0.2214,0.3971311151981354,10,0.7300000190734863,0.0,0.0028099999763071537,31.0,282.5,293.70001220703125,2.700000047683716,74.0
34.1175,-118.51128,321.9,0.39,0.36,2025-01-11,945,N21,VIIRS,n,2.0NRT,290.68,3.41,N,2025-01-11 09:45:00,0.002034491742201925,0.0016843334531081568,34.119184333453106,-118.51331449174221,34.119184333453106,-118.50924550825779,34.115815666546894,-118.50924550825779,34.115815666546894,-118.51331449174221,0.140625,493,0.1794,111.84342193603516,10,0.9900000095367432,0.0,0.0029899999499320984,31.0,282.70001220703125,294.79998779296875,2.700000047683716,73.0
34.11752,-118.53262,323.31,0.39,0.36,2025-01-11,945,N21,VIIRS,n,2.0NRT,288.32,35.5,N,2025-01-11 09:45:00,0.002034492223340883,0.0016843334531081568,34.119204333453105,-118.53465449222334,34.119204333453105,-118.53058550777665,34.11583566654689,-118.53058550777665,34.11583566654689,-118.53465449222334,0.140625,431,0.2222,0.5303903818130493,10,0.9900000095367432,0.0,0.0029899999499320984,31.0,282.70001220703125,294.79998779296875,2.700000047683716,73.0
34.11816,-118.5154,347.38,0.39,0.36,2025-01-11,945,N21,VIIRS,n,2.0NRT,310.54,3.41,N,2025-01-11 09:45:00,0.0020345076200385774,0.0016843334531081568,34.11984433345311,-118.51743450762004,34.11984433345311,-118.51336549237996,34.1164756665469,-118.51336549237996,34.1164756665469,-118.51743450762004,0.140625,493,0.1794,111.84342193603516,10,0.9900000095367432,0.0,0.0029899999499320984,31.0,282.70001220703125,294.79998779296875,2.700000047683716,73.0
34.11818,-118.53674,341.4,0.39,0.36,2025-01-11,945,N21,VIIRS,n,2.0NRT,295.61,192.19,N,2025-01-11 09:45:00,0.0020345081011932257,0.0016843334531081568,34.11986433345311,-118.53877450810118,34.11986433345311,-118.5347054918988,34.116495666546896,-118.5347054918988,34.116495666546896,-118.53877450810118,0.140625,431,0.2222,0.5303903818130493,10,0.9900000095367432,0.0,0.0029899999499320984,31.0,282.70001220703125,294.79998779296875,2.700000047683716,73.0
34.11882,-118.51951,330.71,0.39,0.36,2025-01-11,945,N21,VIIRS,n,2.0NRT,296.73,4.36,N,2025-01-11 09:45:00,0.0020345234983930286,0.0016843334531081568,34.120504333453106,-118.52154452349839,34.120504333453106,-118.5174754765016,34.11713566654689,-118.5174754765016,34.11713566654689,-118.52154452349839,0.140625,444,0.1894,48.79419708251953,10,0.9900000095367432,0.0,0.0029899999499320984,31.0,282.70001220703125,294.79998779296875,2.700000047683716,73.0
34.11948,-118.52363,348.98,0.39,0.36,2025-01-11,945,N21,VIIRS,n,2.0NRT,297.66,4.36,N,2025-01-11 09:45:00,0.002034539377265296,0.0016843334531081568,34.12116433345311,-118.52566453937726,34.12116433345311,-118.52159546062273,34.1177956665469,-118.52159546062273,34.1177956665469,-118.52566453937726,0.140625,444,0.1894,48.79419708251953,10,0.9900000095367432,0.0,0.0029899999499320984,31.0,282.70001220703125,294.79998779296875,2.700000047683716,73.0
34.1195,-118.54498,349.89,0.39,0.36,2025-01-11,945,N21,VIIRS,n,2.0NRT,294.73,19.65,N,2025-01-11 09:45:00,0.002034539858451327,0.0016843334531081568,34.12118433345311,-118.54701453985845,34.12118433345311,-118.54294546014154,34.117815666546896,-118.54294546014154,34.117815666546896,-118.54701453985845,0.140625,440,0.2214,0.6009742021560669,10,0.7300000190734863,0.0,0.0028099999763071537,31.0,282.5,293.70001220703125,2.700000047683716,74.0
34.12014,-118.52776,348.75,0.39,0.36,2025-01-11,945,N21,VIIRS,n,2.0NRT,300.83,35.5,N,2025-01-11 09:45:00,0.0020345552566553952,0.0016843334531081568,34.121824333453105,-118.52979455525666,34.121824333453105,-118.52572544474334,34.11845566654689,-118.52572544474334,34.11845566654689,-118.52979455525666,0.140625,475,0.2011,18.44366455078125,10,0.9900000095367432,0.0,0.0029899999499320984,31.0,282.70001220703125,294.79998779296875,2.700000047683716,73.0
34.12016,-118.54911,302.85,0.39,0.36,2025-01-11,945,N21,VIIRS,n,2.0NRT,284.09,19.65,N,2025-01-11 09:45:00,0.0020345557378571187,0.0016843334531081568,34.121844333453105,-118.55114455573785,34.121844333453105,-118.54707544426215,34.11847566654689,-118.54707544426215,34.11847566654689,-118.55114455573785,0.140625,457,0.21300000000000002,0.26842057704925537,20,0.7300000190734863,0.0,0.0028099999763071537,31.0,282.5,293.70001220703125,2.700000047683716,74.0
34.12077,-118.51051,300.96,0.39,0.36,2025-01-11,945,N21,VIIRS,n,2.0NRT,284.17,6.77,N,2025-01-11 09:45:00,0.0020345704147381105,0.0016843334531081568,34.122454333453106,-118.51254457041473,34.122454333453106,-118.50847542958526,34.119085666546894,-118.50847542958526,34.119085666546894,-118.51254457041473,0.140625,507,0.273,138.32540893554688,10,0.9900000095367432,0.0,0.0029899999499320984,31.0,282.70001220703125,294.79998779296875,2.700000047683716,73.0
34.1208,-118.53187,367.0,0.39,0.36,2025-01-11,945,N21,VIIRS,h,2.0NRT,339.23,35.5,N,2025-01-11 09:45:00,0.002034571136563343,0.0016843334531081568,34.12248433345311,-118.53390457113656,34.12248433345311,-118.52983542886344,34.1191156665469,-118.52983542886344,34.1191156665469,-118.53390457113656,0.140625,488,0.2011,0.40967947244644165,10,0.9900000095367432,0.0,0.0029899999499320984,31.0,282.70001220703125,294.79998779296875,2.700000047683716,73.0
34.12143,-118.51464,355.66,0.39,0.36,2025-01-11,945,N21,VIIRS,n,2.0NRT,302.86,6.77,N,2025-01-11 09:45:00,0.0020345862951403827,0.0016843334531081568,34.1231143334531,-118.51667458629514,34.1231143334531,-118.51260541370486,34.11974566654689,-118.51260541370486,34.11974566654689,-118.51667458629514,0.140625,507,0.273,138.32540893554688,10,0.9900000095367432,0.0,0.0029899999499320984,31.0,282.70001220703125,294.79998779296875,2.700000047683716,73.0
34.12146,-118.536,345.37,0.39,0.36,2025-01-11,945,N21,VIIRS,n,2.0NRT,302.93,192.19,N,2025-01-11 09:45:00,0.002034587016989155,0.0016843334531081568,34.123144333453105,-118.538034587017,34.123144333453105,-118.53396541298301,34.11977566654689,-118.53396541298301,34.11977566654689,-118.538034587017,0.140625,488,0.2011,0.40967947244644165,10,0.9900000095367432,0.0,0.0029899999499320984,31.0,282.70001220703125,294.79998779296875,2.700000047683716,73.0
34.12209,-118.51877,340.27,0.39,0.36,2025-01-11,945,N21,VIIRS,n,2.0NRT,297.31,37.54,N,2025-01-11 09:45:00,0.0020346021760605363,0.0016843334531081568,34.123774333453106,-118.52080460217607,34.123774333453106,-118.51673539782394,34.120405666546894,-118.51673539782394,34.120405666546894,-118.52080460217607,0.140625,507,0.273,138.32540893554688,10,0.9900000095367432,0.0,0.0029899999499320984,31.0,282.70001220703125,294.79998779296875,2.700000047683716,73.0
34.12212,-118.54011,367.0,0.39,0.36,2025-01-11,945,N21,VIIRS,h,2.0NRT,346.01,192.19,N,2025-01-11 09:45:00,0.0020346028979328482,0.0016843334531081568,34.12380433345311,-118.54214460289793,34.12380433345311,-118.53807539710206,34.120435666546896,-118.53807539710206,34.120435666546896,-118.54214460289793,0.140625,452,0.20570000000000002,0.6009741425514221,10,0.7300000190734863,0.0,0.0028099999763071537,31.0,282.5,293.70001220703125,2.700000047683716,74.0
34.12275,-118.52288,367.0,0.39,0.36,2025-01-11,945,N21,VIIRS,h,2.0NRT,340.14,37.54,N,2025-01-11 09:45:00,0.0020346180574985855,0.0016843334531081568,34.12443433345311,-118.5249146180575,34.12443433345311,-118.52084538194251,34.1210656665469,-118.52084538194251,34.1210656665469,-118.5249146180575,0.140625,475,0.2011,18.44366455078125,10,0.9900000095367432,0.0,0.0029899999499320984,31.0,282.70001220703125,294.79998779296875,2.700000047683716,73.0
34.12278,-118.54422,343.3,0.39,0.36,2025-01-11,945,N21,VIIRS,n,2.0NRT,285.54,19.65,N,2025-01-11 09:45:00,0.0020346187793944385,0.0016843334531081568,34.124464333453105,-118.54625461877939,34.124464333453105,-118.5421853812206,34.12109566654689,-118.5421853812206,34.12109566654689,-118.54625461877939,0.140625,452,0.20570000000000002,0.6009741425514221,10,0.7300000190734863,0.0,0.0028099999763071537,31.0,282.5,293.70001220703125,2.700000047683716,74.0
34.12341,-118.52702,367.0,0.39,0.36,2025-01-11,945,N21,VIIRS,h,2.0NRT,334.49,54.13,N,2025-01-11 09:45:00,0.0020346339394545477,0.0016843334531081568,34.125094333453106,-118.52905463393945,34.125094333453106,-118.52498536606053,34.121725666546894,-118.52498536606053,34.121725666546894,-118.52905463393945,0.140625,475,0.2011,18.44366455078125,10,0.9900000095367432,0.0,0.0029899999499320984,31.0,282.70001220703125,294.79998779296875,2.700000047683716,73.0
34.12343,-118.54836,301.21,0.39,0.36,2025-01-11,945,N21,VIIRS,n,2.0NRT,283.35,19.65,N,2025-01-11 09:45:00,0.002034634420734026,0.0016843334531081568,34.125114333453105,-118.55039463442074,34.125114333453105,-118.54632536557926,34.12174566654689,-118.54632536557926,34.12174566654689,-118.55039463442074,0.140625,457,0.21300000000000002,0.26842057704925537,20,0.7300000190734863,0.0,0.0028099999763071537,31.0,282.5,293.70001220703125,2.700000047683716,74.0
34.12407,-118.53113,340.74,0.39,0.36,2025-01-11,945,N21,VIIRS,n,2.0NRT,311.54,54.13,N,2025-01-11 09:45:00,0.0020346498219284397,0.0016843334531081568,34.12575433345311,-118.53316464982193,34.12575433345311,-118.52909535017808,34.1223856665469,-118.52909535017808,34.1223856665469,-118.53316464982193,0.140625,488,0.2011,0.40967947244644165,10,0.9900000095367432,0.0,0.0029899999499320984,31.0,282.70001220703125,294.79998779296875,2.700000047683716,73.0
34.12471,-118.51389,321.55,0.39,0.36,2025-01-11,945,N21,VIIRS,n,2.0NRT,285.95,6.77,N,2025-01-11 09:45:00,0.0020346652236098843,0.0016843334531081568,34.126394333453106,-118.51592466522361,34.126394333453106,-118.5118553347764,34.123025666546894,-118.5118553347764,34.123025666546894,-118.51592466522361,0.140625,507,0.273,138.32540893554688,10,0.9900000095367432,0.0,0.0029899999499320984,31.0,282.70001220703125,294.79998779296875,2.700000047683716,73.0
34.12474,-118.53526,325.06,0.39,0.36,2025-01-11,945,N21,VIIRS,n,2.0NRT,286.16,47.79,N,2025-01-11 09:45:00,0.002034665945575652,0.0016843334531081568,34.12642433345311,-118.53729466594557,34.12642433345311,-118.53322533405442,34.1230556665469,-118.53322533405442,34.1230556665469,-118.53729466594557,0.140625,488,0.2011,0.40967947244644165,10,0.9900000095367432,0.0,0.0029899999499320984,31.0,282.70001220703125,294.79998779296875,2.700000047683716,73.0
34.12537,-118.51801,341.9,0.39,0.36,2025-01-11,945,N21,VIIRS,n,2.0NRT,290.4,37.54,N,2025-01-11 09:45:00,0.0020346811071039876,0.0016843334531081568,34.1270543334531,-118.52004468110711,34.1270543334531,-118.5159753188929,34.12368566654689,-118.5159753188929,34.12368566654689,-118.52004468110711,0.140625,507,0.273,138.32540893554688,10,0.9900000095367432,0.0,0.0029899999499320984,31.0,282.70001220703125,294.79998779296875,2.700000047683716,73.0
34.12539,-118.53937,367.0,0.39,0.36,2025-01-11,945,N21,VIIRS,h,2.0NRT,348.04,47.79,N,2025-01-11 09:45:00,0.0020346815884300764,0.0016843334531081568,34.12707433345311,-118.54140468158843,34.12707433345311,-118.53733531841158,34.1237056665469,-118.53733531841158,34.1237056665469,-118.54140468158843,0.140625,452,0.20570000000000002,0.6009741425514221,10,0.7300000190734863,0.0,0.0028099999763071537,31.0,282.5,293.70001220703125,2.700000047683716,74.0
34.12603,-118.52213,345.34,0.39,0.36,2025-01-11,945,N21,VIIRS,n,2.0NRT,318.44,37.54,N,2025-01-11 09:45:00,0.002034696991116069,0.0016843334531081568,34.127714333453106,-118.52416469699112,34.127714333453106,-118.52009530300889,34.124345666546894,-118.52009530300889,34.124345666546894,-118.52416469699112,0.140625,475,0.2011,18.44366455078125,10,0.9900000095367432,0.0,0.0029899999499320984,31.0,282.70001220703125,294.79998779296875,2.700000047683716,73.0
34.12605,-118.54346,336.67,0.39,0.36,2025-01-11,945,N21,VIIRS,n,2.0NRT,285.28,12.68,N,2025-01-11 09:45:00,0.0020346974724578543,0.0016843334531081568,34.127734333453105,-118.54549469747245,34.127734333453105,-118.54142530252754,34.12436566654689,-118.54142530252754,34.12436566654689,-118.54549469747245,0.140625,452,0.20570000000000002,0.6009741425514221,10,0.7300000190734863,0.0,0.0028099999763071537,31.0,282.5,293.70001220703125,2.700000047683716,74.0
34.12669,-118.52625,320.08,0.39,0.36,2025-01-11,945,N21,VIIRS,n,2.0NRT,285.38,54.13,N,2025-01-11 09:45:00,0.0020347128756461443,0.0016843334531081568,34.12837433345311,-118.52828471287565,34.12837433345311,-118.52421528712436,34.1250056665469,-118.52421528712436,34.1250056665469,-118.52828471287565,0.140625,475,0.2011,18.44366455078125,10,0.9900000095367432,0.0,0.0029899999499320984,31.0,282.70001220703125,294.79998779296875,2.700000047683716,73.0
34.12735,-118.53038,305.04,0.39,0.36,2025-01-11,945,N21,VIIRS,n,2.0NRT,283.88,54.13,N,2025-01-11 09:45:00,0.00203472876069423,0.0016843334531081568,34.129034333453106,-118.53241472876068,34.129034333453106,-118.5283452712393,34.125665666546894,-118.5283452712393,34.125665666546894,-118.53241472876068,0.140625,488,0.2011,0.40967947244644165,10,0.9900000095367432,0.0,0.0029899999499320984,31.0,282.70001220703125,294.79998779296875,2.700000047683716,73.0
34.12801,-118.53451,304.47,0.39,0.36,2025-01-11,945,N21,VIIRS,n,2.0NRT,283.81,47.79,N,2025-01-11 09:45:00,0.002034744646260343,0.0016843334531081568,34.12969433345311,-118.53654474464626,34.12969433345311,-118.53247525535373,34.1263256665469,-118.53247525535373,34.1263256665469,-118.53654474464626,0.140625,488,0.2011,0.40967947244644165,10,0.9900000095367432,0.0,0.0029899999499320984,31.0,282.70001220703125,294.79998779296875,2.700000047683716,73.0
34.12867,-118.53861,337.72,0.39,0.36,2025-01-11,945,N21,VIIRS,n,2.0NRT,293.98,47.79,N,2025-01-11 09:45:00,0.002034760532344499,0.0016843334531081568,34.130354333453106,-118.54064476053235,34.130354333453106,-118.53657523946767,34.126985666546894,-118.53657523946767,34.126985666546894,-118.54064476053235,0.140625,508,0.41440000000000005,38.57781219482422,10,1.0700000524520874,0.0,0.0023300000466406345,31.0,280.6000061035156,294.8999938964844,2.9000000953674316,73.0
34.1293,-118.52138,296.62,0.39,0.36,2025-01-11,945,N21,VIIRS,n,2.0NRT,283.79,0.7,N,2025-01-11 09:45:00,0.002034775696817193,0.0016843334531081568,34.13098433345311,-118.5234147756968,34.13098433345311,-118.51934522430318,34.127615666546895,-118.51934522430318,34.127615666546895,-118.5234147756968,0.140625,509,0.5513,174.7508087158203,10,1.0800000429153442,0.0,0.002420000033453107,31.0,280.8999938964844,294.79998779296875,2.9000000953674316,73.0
34.12933,-118.54272,308.99,0.39,0.36,2025-01-11,945,N21,VIIRS,n,2.0NRT,282.31,12.68,N,2025-01-11 09:45:00,0.002034776418946715,0.0016843334531081568,34.13101433345311,-118.54475477641896,34.13101433345311,-118.54068522358105,34.1276456665469,-118.54068522358105,34.1276456665469,-118.54475477641896,0.140625,508,0.41440000000000005,38.57781219482422,10,1.0700000524520874,0.0,0.0023300000466406345,31.0,280.6000061035156,294.8999938964844,2.9000000953674316,73.0
34.12996,-118.52551,299.37,0.39,0.36,2025-01-11,945,N21,VIIRS,n,2.0NRT,283.63,0.67,N,2025-01-11 09:45:00,0.002034791583913935,0.0016843334531081568,34.1316443334531,-118.5275447915839,34.1316443334531,-118.52347520841609,34.12827566654689,-118.52347520841609,34.12827566654689,-118.5275447915839,0.140625,509,0.5513,174.7508087158203,10,1.0800000429153442,0.0,0.002420000033453107,31.0,280.8999938964844,294.79998779296875,2.9000000953674316,73.0
34.13062,-118.52962,300.57,0.39,0.36,2025-01-11,945,N21,VIIRS,n,2.0NRT,283.28,0.67,N,2025-01-11 09:45:00,0.0020348074715287696,0.0016843334531081568,34.132304333453106,-118.53165480747153,34.132304333453106,-118.52758519252846,34.128935666546894,-118.52758519252846,34.128935666546894,-118.53165480747153,0.140625,525,0.45930000000000004,105.33247375488281,10,1.0800000429153442,0.0,0.002420000033453107,31.0,280.8999938964844,294.79998779296875,2.9000000953674316,73.0
34.13128,-118.53374,296.15,0.39,0.36,2025-01-11,945,N21,VIIRS,n,2.0NRT,283.3,0.42,N,2025-01-11 09:45:00,0.0020348233596617113,0.0016843334531081568,34.1329643334531,-118.53577482335966,34.1329643334531,-118.53170517664033,34.12959566654689,-118.53170517664033,34.12959566654689,-118.53577482335966,0.140625,525,0.45930000000000004,105.33247375488281,10,1.0800000429153442,0.0,0.002420000033453107,31.0,280.8999938964844,294.79998779296875,2.9000000953674316,73.0
34.13194,-118.53785,301.67,0.39,0.36,2025-01-11,945,N21,VIIRS,n,2.0NRT,282.15,0.42,N,2025-01-11 09:45:00,0.002034839248312777,0.0016843334531081568,34.133624333453106,-118.53988483924832,34.133624333453106,-118.5358151607517,34.130255666546894,-118.5358151607517,34.130255666546894,-118.53988483924832,0.140625,508,0.41440000000000005,38.57781219482422,10,1.0700000524520874,0.0,0.0023300000466406345,31.0,280.6000061035156,294.8999938964844,2.9000000953674316,73.0
34.13258,-118.52058,295.13,0.39,0.36,2025-01-11,945,N21,VIIRS,n,2.0NRT,281.67,0.7,N,2025-01-11 09:45:00,0.002034854655984395,0.0016843334531081568,34.1342643334531,-118.52261485465598,34.1342643334531,-118.518545145344,34.13089566654689,-118.518545145344,34.13089566654689,-118.52261485465598,0.140625,509,0.5513,174.7508087158203,10,1.0800000429153442,0.0,0.002420000033453107,31.0,280.8999938964844,294.79998779296875,2.9000000953674316,73.0
34.13521,-118.53706,299.53,0.39,0.36,2025-01-11,945,N21,VIIRS,n,2.0NRT,281.34,0.42,N,2025-01-11 09:45:00,0.0020349179770001225,0.0016843334531081568,34.13689433345311,-118.539094917977,34.13689433345311,-118.535025082023,34.133525666546895,-118.535025082023,34.133525666546895,-118.539094917977,0.140625,525,0.45930000000000004,105.33247375488281,10,1.0800000429153442,0.0,0.002420000033453107,31.0,280.8999938964844,294.79998779296875,2.9000000953674316,73.0
34.08134,-118.51671,338.71,0.41,0.37,2025-01-11,2103,N21,VIIRS,n,2.0NRT,299.12,22.52,D,2025-01-11 21:03:00,0.00203362262006644,0.0016843334531081568,34.0830243334531,-118.51874362262006,34.0830243334531,-118.51467637737994,34.07965566654689,-118.51467637737994,34.07965566654689,-118.51874362262006,0.140625,244,0.3044,55.50264358520508,10,1.6399999856948853,0.0,0.0036800000816583633,31.0,281.3999938964844,295.3999938964844,2.5,57.0
34.08194,-118.51232,347.85,0.41,0.37,2025-01-11,2103,N21,VIIRS,n,2.0NRT,321.09,22.52,D,2025-01-11 21:03:00,0.002033637028674598,0.0016843334531081568,34.08362433345311,-118.51435363702868,34.08362433345311,-118.51028636297133,34.0802556665469,-118.51028636297133,34.0802556665469,-118.51435363702868,0.140625,244,0.3044,55.50264358520508,10,1.6399999856948853,0.0,0.0036800000816583633,31.0,281.3999938964844,295.3999938964844,2.5,57.0
34.08244,-118.515,367.0,0.41,0.37,2025-01-11,2103,N21,VIIRS,l,2.0NRT,325.28,41.61,D,2025-01-11 21:03:00,0.0020336490361743905,0.0016843334531081568,34.084124333453104,-118.51703364903618,34.084124333453104,-118.51296635096382,34.08075566654689,-118.51296635096382,34.08075566654689,-118.51703364903618,0.140625,244,0.3044,55.50264358520508,10,1.6399999856948853,0.0,0.0036800000816583633,31.0,281.3999938964844,295.3999938964844,2.5,57.0
34.08303,-118.5106,350.16,0.41,0.37,2025-01-11,2103,N21,VIIRS,n,2.0NRT,314.21,41.61,D,2025-01-11 21:03:00,0.0020336632054057226,0.0016843334531081568,34.08471433345311,-118.5126336632054,34.08471433345311,-118.50856633679459,34.081345666546895,-118.50856633679459,34.081345666546895,-118.5126336632054,0.140625,244,0.3044,55.50264358520508,10,1.6399999856948853,0.0,0.0036800000816583633,31.0,281.3999938964844,295.3999938964844,2.5,57.0
34.0864,-118.51138,346.36,0.41,0.37,2025-01-11,2103,N21,VIIRS,n,2.0NRT,303.94,41.61,D,2025-01-11 21:03:00,0.0020337441460526315,0.0016843334531081568,34.088084333453104,-118.51341374414605,34.088084333453104,-118.50934625585396,34.08471566654689,-118.50934625585396,34.08471566654689,-118.51341374414605,0.140625,320,0.1986,109.09176635742188,10,0.9900000095367432,0.0,0.0029899999499320984,31.0,282.70001220703125,294.79998779296875,2.700000047683716,73.0
34.0892,-118.5165,350.07,0.41,0.37,2025-01-11,2103,N21,VIIRS,n,2.0NRT,314.78,8.78,D,2025-01-11 21:03:00,0.002033811406694113,0.0016843334531081568,34.090884333453104,-118.51853381140668,34.090884333453104,-118.5144661885933,34.08751566654689,-118.5144661885933,34.08751566654689,-118.51853381140668,0.140625,320,0.1986,109.09176635742188,10,0.9900000095367432,0.0,0.0029899999499320984,31.0,282.70001220703125,294.79998779296875,2.700000047683716,73.0
34.09037,-118.50768,367.0,0.41,0.37,2025-01-11,2103,N21,VIIRS,l,2.0NRT,329.12,135.3,D,2025-01-11 21:03:00,0.0020338395147904043,0.0016843334531081568,34.092054333453106,-118.50971383951479,34.092054333453106,-118.5056461604852,34.088685666546894,-118.5056461604852,34.088685666546894,-118.50971383951479,0.140625,279,0.3695,192.579345703125,10,0.9900000095367432,0.0,0.0029899999499320984,31.0,282.70001220703125,294.79998779296875,2.700000047683716,73.0
34.09257,-118.51725,347.45,0.41,0.37,2025-01-11,2103,N21,VIIRS,n,2.0NRT,312.56,8.78,D,2025-01-11 21:03:00,0.0020338923720217873,0.0016843334531081568,34.09425433345311,-118.51928389237203,34.09425433345311,-118.51521610762798,34.090885666546896,-118.51521610762798,34.090885666546896,-118.51928389237203,0.140625,320,0.1986,109.09176635742188,10,0.9900000095367432,0.0,0.0029899999499320984,31.0,282.70001220703125,294.79998779296875,2.700000047683716,73.0
34.09712,-118.50921,367.0,0.41,0.37,2025-01-11,2103,N21,VIIRS,l,2.0NRT,325.52,27.23,D,2025-01-11 21:03:00,0.0020340017086190976,0.0016843334531081568,34.0988043334531,-118.51124400170862,34.0988043334531,-118.50717599829137,34.09543566654689,-118.50717599829137,34.09543566654689,-118.51124400170862,0.140625,339,0.5083,141.34152221679688,10,0.9900000095367432,0.0,0.0029899999499320984,31.0,282.70001220703125,294.79998779296875,2.700000047683716,73.0
34.09773,-118.50465,344.04,0.41,0.37,2025-01-11,2103,N21,VIIRS,n,2.0NRT,297.75,27.23,D,2025-01-11 21:03:00,0.002034016368800928,0.0016843334531081568,34.099414333453105,-118.5066840163688,34.099414333453105,-118.5026159836312,34.09604566654689,-118.5026159836312,34.09604566654689,-118.5066840163688,0.140625,339,0.5083,141.34152221679688,10,0.9900000095367432,0.0,0.0029899999499320984,31.0,282.70001220703125,294.79998779296875,2.700000047683716,73.0
34.10111,-118.50536,342.94,0.41,0.37,2025-01-11,2103,N21,VIIRS,l,2.0NRT,316.38,27.23,D,2025-01-11 21:03:00,0.002034097608636199,0.0016843334531081568,34.102794333453105,-118.50739409760864,34.102794333453105,-118.50332590239135,34.09942566654689,-118.50332590239135,34.09942566654689,-118.50739409760864,0.140625,339,0.5083,141.34152221679688,10,0.9900000095367432,0.0,0.0029899999499320984,31.0,282.70001220703125,294.79998779296875,2.700000047683716,73.0
34.10271,-118.51936,349.63,0.41,0.37,2025-01-11,2103,N21,VIIRS,n,2.0NRT,315.44,13.59,D,2025-01-11 21:03:00,0.0020341360700947583,0.0016843334531081568,34.10439433345311,-118.5213941360701,34.10439433345311,-118.51732586392991,34.101025666546896,-118.51732586392991,34.101025666546896,-118.5213941360701,0.140625,477,0.26990000000000003,114.23930358886719,10,0.9900000095367432,0.0,0.0029899999499320984,31.0,282.70001220703125,294.79998779296875,2.700000047683716,73.0
34.10449,-118.50608,347.46,0.41,0.37,2025-01-11,2103,N21,VIIRS,n,2.0NRT,303.68,7.54,D,2025-01-11 21:03:00,0.002034178862040635,0.0016843334531081568,34.106174333453104,-118.50811417886204,34.106174333453104,-118.50404582113795,34.10280566654689,-118.50404582113795,34.10280566654689,-118.50811417886204,0.140625,352,0.4766,139.25531005859375,10,0.9900000095367432,0.0,0.0029899999499320984,31.0,282.70001220703125,294.79998779296875,2.700000047683716,73.0
34.10787,-118.50684,348.18,0.41,0.37,2025-01-11,2103,N21,VIIRS,n,2.0NRT,308.32,7.54,D,2025-01-11 21:03:00,0.0020342601290164273,0.0016843334531081568,34.109554333453104,-118.50887426012902,34.109554333453104,-118.50480573987097,34.10618566654689,-118.50480573987097,34.10618566654689,-118.50887426012902,0.140625,352,0.4766,139.25531005859375,10,0.9900000095367432,0.0,0.0029899999499320984,31.0,282.70001220703125,294.79998779296875,2.700000047683716,73.0
34.11207,-118.55307,367.0,0.41,0.37,2025-01-11,2103,N21,VIIRS,h,2.0NRT,301.95,11.17,D,2025-01-11 21:03:00,0.0020343611305617976,0.0016843334531081568,34.11375433345311,-118.55510436113056,34.11375433345311,-118.55103563886945,34.1103856665469,-118.55103563886945,34.1103856665469,-118.55510436113056,0.140625,465,0.2214,0.3971311151981354,10,0.7300000190734863,0.0,0.0028099999763071537,31.0,282.5,293.70001220703125,2.700000047683716,74.0
34.11267,-118.54858,352.71,0.41,0.37,2025-01-11,2103,N21,VIIRS,n,2.0NRT,306.82,9.65,D,2025-01-11 21:03:00,0.0020343755610651303,0.0016843334531081568,34.11435433345311,-118.55061437556107,34.11435433345311,-118.54654562443893,34.110985666546895,-118.54654562443893,34.110985666546895,-118.55061437556107,0.140625,465,0.2214,0.3971311151981354,10,0.7300000190734863,0.0,0.0028099999763071537,31.0,282.5,293.70001220703125,2.700000047683716,74.0
34.11486,-118.55811,337.97,0.41,0.37,2025-01-11,2103,N21,VIIRS,n,2.0NRT,291.82,11.17,D,2025-01-11 21:03:00,0.0020344282360329827,0.0016843334531081568,34.116544333453106,-118.56014442823603,34.116544333453106,-118.55607557176397,34.113175666546894,-118.55607557176397,34.113175666546894,-118.56014442823603,0.140625,529,0.2556,0.01237634476274252,10,0.7300000190734863,0.0,0.0028099999763071537,31.0,282.5,293.70001220703125,2.700000047683716,74.0
34.11546,-118.5537,354.37,0.41,0.37,2025-01-11,2103,N21,VIIRS,n,2.0NRT,308.45,11.17,D,2025-01-11 21:03:00,0.0020344426685257873,0.0016843334531081568,34.117144333453105,-118.55573444266854,34.117144333453105,-118.55166555733148,34.11377566654689,-118.55166555733148,34.11377566654689,-118.55573444266854,0.140625,465,0.2214,0.3971311151981354,10,0.7300000190734863,0.0,0.0028099999763071537,31.0,282.5,293.70001220703125,2.700000047683716,74.0
34.11606,-118.54923,367.0,0.41,0.37,2025-01-11,2103,N21,VIIRS,h,2.0NRT,317.38,9.65,D,2025-01-11 21:03:00,0.00203445710144647,0.0016843334531081568,34.1177443334531,-118.55126445710144,34.1177443334531,-118.54719554289855,34.11437566654689,-118.54719554289855,34.11437566654689,-118.55126445710144,0.140625,465,0.2214,0.3971311151981354,10,0.7300000190734863,0.0,0.0028099999763071537,31.0,282.5,293.70001220703125,2.700000047683716,74.0
34.11666,-118.54476,349.22,0.41,0.37,2025-01-11,2103,N21,VIIRS,n,2.0NRT,312.93,9.65,D,2025-01-11 21:03:00,0.0020344715347950437,0.0016843334531081568,34.11834433345311,-118.5467944715348,34.11834433345311,-118.5427255284652,34.1149756665469,-118.5427255284652,34.1149756665469,-118.5467944715348,0.140625,440,0.2214,0.6009742021560669,10,0.7300000190734863,0.0,0.0028099999763071537,31.0,282.5,293.70001220703125,2.700000047683716,74.0
34.11801,-118.50899,367.0,0.41,0.37,2025-01-11,2103,N21,VIIRS,l,2.0NRT,335.08,51.29,D,2025-01-11 21:03:00,0.0020345040113938706,0.0016843334531081568,34.119694333453104,-118.51102450401139,34.119694333453104,-118.5069554959886,34.11632566654689,-118.5069554959886,34.11632566654689,-118.51102450401139,0.140625,402,0.3835,113.79505157470703,10,0.9900000095367432,0.0,0.0029899999499320984,31.0,282.70001220703125,294.79998779296875,2.700000047683716,73.0
34.11825,-118.55871,340.45,0.41,0.37,2025-01-11,2103,N21,VIIRS,n,2.0NRT,292.75,0.0,D,2025-01-11 21:03:00,0.0020345097852382393,0.0016843334531081568,34.11993433345311,-118.56074450978524,34.11993433345311,-118.55667549021477,34.1165656665469,-118.55667549021477,34.1165656665469,-118.56074450978524,0.140625,529,0.2556,0.01237634476274252,10,0.7300000190734863,0.0,0.0028099999763071537,31.0,282.5,293.70001220703125,2.700000047683716,74.0
34.11884,-118.55435,367.0,0.41,0.37,2025-01-11,2103,N21,VIIRS,h,2.0NRT,346.13,0.0,D,2025-01-11 21:03:00,0.0020345239795633682,0.0016843334531081568,34.120524333453105,-118.55638452397956,34.120524333453105,-118.55231547602044,34.11715566654689,-118.55231547602044,34.11715566654689,-118.55638452397956,0.140625,465,0.2214,0.3971311151981354,10,0.7300000190734863,0.0,0.0028099999763071537,31.0,282.5,293.70001220703125,2.700000047683716,74.0
34.11944,-118.5499,367.0,0.41,0.37,2025-01-11,2103,N21,VIIRS,h,2.0NRT,370.37,0.0,D,2025-01-11 21:03:00,0.00203453841489466,0.0016843334531081568,34.1211243334531,-118.55193453841488,34.1211243334531,-118.5478654615851,34.11775566654689,-118.5478654615851,34.11775566654689,-118.55193453841488,0.140625,465,0.2214,0.3971311151981354,10,0.7300000190734863,0.0,0.0028099999763071537,31.0,282.5,293.70001220703125,2.700000047683716,74.0
34.12004,-118.54545,355.24,0.41,0.37,2025-01-11,2103,N21,VIIRS,l,2.0NRT,336.7,0.0,D,2025-01-11 21:03:00,0.002034552850653912,0.0016843334531081568,34.12172433345311,-118.54748455285066,34.12172433345311,-118.54341544714934,34.1183556665469,-118.54341544714934,34.1183556665469,-118.54748455285066,0.140625,452,0.20570000000000002,0.6009741425514221,10,0.7300000190734863,0.0,0.0028099999763071537,31.0,282.5,293.70001220703125,2.700000047683716,74.0
34.12063,-118.54105,340.6,0.41,0.37,2025-01-11,2103,N21,VIIRS,n,2.0NRT,312.05,10.34,D,2025-01-11 21:03:00,0.002034567046234508,0.0016843334531081568,34.122314333453104,-118.54308456704624,34.122314333453104,-118.53901543295376,34.11894566654689,-118.53901543295376,34.11894566654689,-118.54308456704624,0.140625,452,0.20570000000000002,0.6009741425514221,10,0.7300000190734863,0.0,0.0028099999763071537,31.0,282.5,293.70001220703125,2.700000047683716,74.0
34.12079,-118.51412,337.59,0.41,0.37,2025-01-11,2103,N21,VIIRS,l,2.0NRT,308.86,51.29,D,2025-01-11 21:03:00,0.0020345708959548132,0.0016843334531081568,34.122474333453106,-118.51615457089596,34.122474333453106,-118.51208542910405,34.11910566654689,-118.51208542910405,34.11910566654689,-118.51615457089596,0.140625,507,0.273,138.32540893554688,10,0.9900000095367432,0.0,0.0029899999499320984,31.0,282.70001220703125,294.79998779296875,2.700000047683716,73.0
34.12164,-118.55933,340.09,0.41,0.37,2025-01-11,2103,N21,VIIRS,n,2.0NRT,293.02,0.0,D,2025-01-11 21:03:00,0.0020345913481042556,0.0016843334531081568,34.123324333453105,-118.56136459134811,34.123324333453105,-118.5572954086519,34.11995566654689,-118.5572954086519,34.11995566654689,-118.56136459134811,0.140625,499,0.3191,0.0,10,0.7300000190734863,0.0,0.0028099999763071537,31.0,282.5,293.70001220703125,2.700000047683716,74.0
34.12222,-118.55501,367.0,0.41,0.37,2025-01-11,2103,N21,VIIRS,l,2.0NRT,365.77,0.0,D,2025-01-11 21:03:00,0.0020346053041816166,0.0016843334531081568,34.123904333453105,-118.55704460530417,34.123904333453105,-118.55297539469582,34.12053566654689,-118.55297539469582,34.12053566654689,-118.55704460530417,0.140625,457,0.21300000000000002,0.26842057704925537,20,0.7300000190734863,0.0,0.0028099999763071537,31.0,282.5,293.70001220703125,2.700000047683716,74.0
34.12282,-118.55055,367.0,0.41,0.37,2025-01-11,2103,N21,VIIRS,l,2.0NRT,371.53,0.0,D,2025-01-11 21:03:00,0.002034619741923908,0.0016843334531081568,34.1245043334531,-118.55258461974192,34.1245043334531,-118.54851538025808,34.12113566654689,-118.54851538025808,34.12113566654689,-118.55258461974192,0.140625,457,0.21300000000000002,0.26842057704925537,20,0.7300000190734863,0.0,0.0028099999763071537,31.0,282.5,293.70001220703125,2.700000047683716,74.0
34.12343,-118.54609,367.0,0.41,0.37,2025-01-11,2103,N21,VIIRS,h,2.0NRT,361.32,0.0,D,2025-01-11 21:03:00,0.002034634420734026,0.0016843334531081568,34.125114333453105,-118.54812463442074,34.125114333453105,-118.54405536557927,34.12174566654689,-118.54405536557927,34.12174566654689,-118.54812463442074,0.140625,452,0.20570000000000002,0.6009741425514221,10,0.7300000190734863,0.0,0.0028099999763071537,31.0,282.5,293.70001220703125,2.700000047683716,74.0
34.12402,-118.54175,367.0,0.41,0.37,2025-01-11,2103,N21,VIIRS,h,2.0NRT,325.77,10.34,D,2025-01-11 21:03:00,0.002034648618692588,0.0016843334531081568,34.12570433345311,-118.54378464861868,34.12570433345311,-118.5397153513813,34.122335666546896,-118.5397153513813,34.122335666546896,-118.54378464861868,0.140625,452,0.20570000000000002,0.6009741425514221,10,0.7300000190734863,0.0,0.0028099999763071537,31.0,282.5,293.70001220703125,2.700000047683716,74.0
34.12418,-118.51479,354.17,0.41,0.37,2025-01-11,2103,N21,VIIRS,n,2.0NRT,321.99,21.77,D,2025-01-11 21:03:00,0.002034652469057777,0.0016843334531081568,34.12586433345311,-118.51682465246907,34.12586433345311,-118.51275534753094,34.1224956665469,-118.51275534753094,34.1224956665469,-118.51682465246907,0.140625,507,0.273,138.32540893554688,10,0.9900000095367432,0.0,0.0029899999499320984,31.0,282.70001220703125,294.79998779296875,2.700000047683716,73.0
34.12621,-118.55121,367.0,0.41,0.37,2025-01-11,2103,N21,VIIRS,h,2.0NRT,335.64,127.64,D,2025-01-11 21:03:00,0.0020347013232092626,0.0016843334531081568,34.127894333453106,-118.55324470132321,34.127894333453106,-118.54917529867679,34.124525666546894,-118.54917529867679,34.124525666546894,-118.55324470132321,0.140625,457,0.21300000000000002,0.26842057704925537,20,0.7300000190734863,0.0,0.0028099999763071537,31.0,282.5,293.70001220703125,2.700000047683716,74.0
34.12681,-118.54675,367.0,0.41,0.37,2025-01-11,2103,N21,VIIRS,l,2.0NRT,329.38,127.64,D,2025-01-11 21:03:00,0.002034715763798175,0.0016843334531081568,34.128494333453105,-118.5487847157638,34.128494333453105,-118.5447152842362,34.12512566654689,-118.5447152842362,34.12512566654689,-118.5487847157638,0.140625,457,0.21300000000000002,0.26842057704925537,20,0.7300000190734863,0.0,0.0028099999763071537,31.0,282.5,293.70001220703125,2.700000047683716,74.0
34.12697,-118.51987,352.55,0.41,0.37,2025-01-11,2103,N21,VIIRS,n,2.0NRT,315.58,15.49,D,2025-01-11 21:03:00,0.002034719614694188,0.0016843334531081568,34.128654333453106,-118.5219047196147,34.128654333453106,-118.5178352803853,34.125285666546894,-118.5178352803853,34.125285666546894,-118.5219047196147,0.140625,475,0.2011,18.44366455078125,10,0.9900000095367432,0.0,0.0029899999499320984,31.0,282.70001220703125,294.79998779296875,2.700000047683716,73.0
34.1274,-118.5424,367.0,0.41,0.37,2025-01-11,2103,N21,VIIRS,h,2.0NRT,313.91,8.38,D,2025-01-11 21:03:00,0.0020347299641280724,0.0016843334531081568,34.12908433345311,-118.54443472996412,34.12908433345311,-118.54036527003588,34.125715666546895,-118.54036527003588,34.125715666546895,-118.54443472996412,0.140625,452,0.20570000000000002,0.6009741425514221,10,0.7300000190734863,0.0,0.0028099999763071537,31.0,282.5,293.70001220703125,2.700000047683716,74.0
34.12756,-118.51547,352.99,0.41,0.37,2025-01-11,2103,N21,VIIRS,l,2.0NRT,333.16,21.77,D,2025-01-11 21:03:00,0.0020347338151363473,0.0016843334531081568,34.12924433345311,-118.51750473381513,34.12924433345311,-118.51343526618486,34.1258756665469,-118.51343526618486,34.1258756665469,-118.51750473381513,0.140625,507,0.273,138.32540893554688,10,0.9900000095367432,0.0,0.0029899999499320984,31.0,282.70001220703125,294.79998779296875,2.700000047683716,73.0
34.12798,-118.53809,336.78,0.41,0.37,2025-01-11,2103,N21,VIIRS,n,2.0NRT,310.69,8.38,D,2025-01-11 21:03:00,0.0020347439241779172,0.0016843334531081568,34.12966433345311,-118.54012474392418,34.12966433345311,-118.53605525607581,34.126295666546895,-118.53605525607581,34.126295666546895,-118.54012474392418,0.140625,452,0.20570000000000002,0.6009741425514221,10,0.7300000190734863,0.0,0.0028099999763071537,31.0,282.5,293.70001220703125,2.700000047683716,74.0
34.09158,-118.50646,297.71,0.48,0.4,2025-01-12,926,N21,VIIRS,n,2.0NRT,283.72,1.16,N,2025-01-12 09:26:00,0.0020338685855565974,0.0016843334531081568,34.09326433345311,-118.50849386858556,34.09326433345311,-118.50442613141445,34.089895666546894,-118.50442613141445,34.089895666546894,-118.50849386858556,0.140625,279,0.3695,192.579345703125,10,0.9900000095367432,0.0,0.0035500000230968,360.0,282.0,293.70001220703125,2.4000000953674316,72.0
34.11355,-118.50216,308.58,0.48,0.4,2025-01-12,926,N21,VIIRS,n,2.0NRT,286.4,2.45,N,2025-01-12 09:26:00,0.002034396726577236,0.0016843334531081568,34.1152343334531,-118.50419439672658,34.1152343334531,-118.50012560327343,34.11186566654689,-118.50012560327343,34.11186566654689,-118.50419439672658,0.140625,402,0.3835,113.79505157470703,10,0.9900000095367432,0.0,0.0035500000230968,360.0,282.0,293.70001220703125,2.4000000953674316,72.0
34.11783,-118.5066,303.86,0.48,0.4,2025-01-12,926,N21,VIIRS,n,2.0NRT,286.01,1.73,N,2025-01-12 09:26:00,0.0020344996810555275,0.0016843334531081568,34.119514333453104,-118.50863449968107,34.119514333453104,-118.50456550031895,34.11614566654689,-118.50456550031895,34.11614566654689,-118.50863449968107,0.140625,402,0.3835,113.79505157470703,10,0.9900000095367432,0.0,0.0035500000230968,360.0,282.0,293.70001220703125,2.4000000953674316,72.0
34.1473,-118.72343,302.0,0.5,0.41,2025-01-12,926,N21,VIIRS,n,2.0NRT,282.26,0.71,N,2025-01-12 09:26:00,0.0020352091669369617,0.0016843334531081568,34.14898433345311,-118.72546520916693,34.14898433345311,-118.72139479083306,34.145615666546895,-118.72139479083306,34.145615666546895,-118.72546520916693,0.140625,331,0.23570000000000002,0.0,30,2.4600000381469727,0.0,0.0026400000788271427,4.0,279.6000061035156,294.29998779296875,3.0999999046325684,74.0
