latitude,longitude,bright_ti4,scan,track,acq_date,acq_time,satellite,instrument,confidence,version,bright_ti5,frp,daynight,acq_datetime,footprint_dx,footprint_dy,footprint_nw_lat,footprint_nw_lon,footprint_ne_lat,footprint_ne_lon,footprint_se_lat,footprint_se_lon,footprint_sw_lat,footprint_sw_lon,footprint_area_km2,ee_elevation,ee_ndvi,ee_population_density,ee_landcover,ee_pdsi,ee_pr,ee_sph,ee_th,ee_tmmn,ee_tmmx,ee_vs,ee_erc
34.15189,-118.19356,313.26,0.55,0.43,2025-01-07,919,N21,VIIRS,n,2.0NRT,281.07,2.12,N,2025-01-07 09:19:00,0.0020353197635174665,0.0016843334531081568,34.15357433345311,-118.19559531976353,34.15357433345311,-118.19152468023648,34.150205666546896,-118.19152468023648,34.150205666546896,-118.19559531976353,0.140625,306,0.38380000000000003,35.057273864746094,20,-2.069999933242798,0.0,0.004279999993741512,211.0,280.0,293.29998779296875,1.600000023841858,61.0
34.15256,-118.19263,296.42,0.34,0.56,2025-01-08,902,N21,VIIRS,n,2.0NRT,278.9,0.82,N,2025-01-08 09:02:00,0.0020353359093427696,0.0016843334531081568,34.15424433345311,-118.19466533590933,34.15424433345311,-118.19059466409065,34.150875666546895,-118.19059466409065,34.150875666546895,-118.19466533590933,0.140625,306,0.38380000000000003,35.057273864746094,20,-2.069999933242798,0.0,0.004209999926388264,27.0,287.1000061035156,292.79998779296875,4.099999904632568,66.0
34.15486,-118.19466,299.18,0.34,0.56,2025-01-08,902,N21,VIIRS,n,2.0NRT,278.47,0.63,N,2025-01-08 09:02:00,0.002035391339377036,0.0016843334531081568,34.156544333453105,-118.19669539133938,34.156544333453105,-118.19262460866062,34.15317566654689,-118.19262460866062,34.15317566654689,-118.19669539133938,0.140625,306,0.38380000000000003,35.057273864746094,20,-2.069999933242798,0.0,0.004209999926388264,27.0,287.1000061035156,292.79998779296875,4.099999904632568,66.0
34.16275,-118.08485,300.77,0.34,0.56,2025-01-08,902,N21,VIIRS,n,2.0NRT,281.19,1.27,N,2025-01-08 09:02:00,0.002035581536368162,0.0016843334531081568,34.16443433345311,-118.08688558153636,34.16443433345311,-118.08281441846364,34.1610656665469,-118.08281441846364,34.1610656665469,-118.08688558153636,0.140625,235,0.2974,974.7697143554688,60,-2.130000114440918,0.0,0.0039900001138448715,28.0,285.20001220703125,294.3999938964844,4.5,68.0
34.16301,-118.08855,298.73,0.34,0.56,2025-01-08,902,N21,VIIRS,n,2.0NRT,280.52,0.79,N,2025-01-08 09:02:00,0.0020355878052115855,0.0016843334531081568,34.164694333453106,-118.09058558780521,34.164694333453106,-118.08651441219479,34.161325666546894,-118.08651441219479,34.161325666546894,-118.09058558780521,0.140625,243,0.3304,1929.5018310546875,50,-2.130000114440918,0.0,0.0039900001138448715,28.0,285.20001220703125,294.3999938964844,4.5,68.0
34.16327,-118.09218,298.81,0.34,0.56,2025-01-08,902,N21,VIIRS,n,2.0NRT,280.7,0.79,N,2025-01-08 09:02:00,0.0020355940741355384,0.0016843334531081568,34.1649543334531,-118.09421559407413,34.1649543334531,-118.09014440592587,34.16158566654689,-118.09014440592587,34.16158566654689,-118.09421559407413,0.140625,243,0.3304,1929.5018310546875,50,-2.130000114440918,0.0,0.0039900001138448715,28.0,285.20001220703125,294.3999938964844,4.5,68.0
34.16352,-118.09579,307.31,0.34,0.56,2025-01-08,902,N21,VIIRS,n,2.0NRT,281.15,1.99,N,2025-01-08 09:02:00,0.0020356001020229745,0.0016843334531081568,34.165204333453104,-118.09782560010201,34.165204333453104,-118.09375439989797,34.16183566654689,-118.09375439989797,34.16183566654689,-118.09782560010201,0.140625,243,0.3304,1929.5018310546875,50,-2.130000114440918,0.0,0.0039900001138448715,28.0,285.20001220703125,294.3999938964844,4.5,68.0
34.16376,-118.09933,315.67,0.34,0.56,2025-01-08,902,N21,VIIRS,n,2.0NRT,280.9,1.99,N,2025-01-08 09:02:00,0.0020356058888649615,0.0016843334531081568,34.16544433345311,-118.10136560588886,34.16544433345311,-118.09729439411113,34.1620756665469,-118.09729439411113,34.1620756665469,-118.10136560588886,0.140625,256,0.31970000000000004,2845.2236328125,50,-2.130000114440918,0.0,0.0039900001138448715,28.0,285.20001220703125,294.3999938964844,4.5,68.0
34.16402,-118.10285,324.69,0.34,0.56,2025-01-08,902,N21,VIIRS,n,2.0NRT,281.34,3.54,N,2025-01-08 09:02:00,0.0020356121580212146,0.0016843334531081568,34.16570433345311,-118.10488561215803,34.16570433345311,-118.10081438784198,34.162335666546895,-118.10081438784198,34.162335666546895,-118.10488561215803,0.140625,256,0.31970000000000004,2845.2236328125,50,-2.130000114440918,0.0,0.0039900001138448715,28.0,285.20001220703125,294.3999938964844,4.5,68.0
34.16577,-118.05471,332.06,0.33,0.56,2025-01-08,902,N21,VIIRS,n,2.0NRT,285.43,6.95,N,2025-01-08 09:02:00,0.0020356543563605015,0.0016843334531081568,34.16745433345311,-118.05674565435636,34.16745433345311,-118.05267434564364,34.164085666546896,-118.05267434564364,34.164085666546896,-118.05674565435636,0.140625,393,0.38430000000000003,1294.61962890625,10,-2.059999942779541,0.0,0.0038799999747425318,28.0,284.5,294.1000061035156,4.699999809265137,71.0
34.16602,-118.05822,315.12,0.34,0.56,2025-01-08,902,N21,VIIRS,n,2.0NRT,284.83,5.45,N,2025-01-08 09:02:00,0.0020356603849925317,0.0016843334531081568,34.16770433345311,-118.060255660385,34.16770433345311,-118.05618433961502,34.1643356665469,-118.05618433961502,34.1643356665469,-118.060255660385,0.140625,393,0.38430000000000003,1294.61962890625,10,-2.059999942779541,0.0,0.0038799999747425318,28.0,284.5,294.1000061035156,4.699999809265137,71.0
34.16627,-118.06178,298.22,0.34,0.56,2025-01-08,902,N21,VIIRS,n,2.0NRT,284.39,5.45,N,2025-01-08 09:02:00,0.002035666413699026,0.0016843334531081568,34.1679543334531,-118.0638156664137,34.1679543334531,-118.0597443335863,34.16458566654689,-118.0597443335863,34.16458566654689,-118.0638156664137,0.140625,396,0.3128,1163.223876953125,50,-2.059999942779541,0.0,0.0038799999747425318,28.0,284.5,294.1000061035156,4.699999809265137,71.0
34.16653,-118.06532,298.34,0.34,0.56,2025-01-08,902,N21,VIIRS,n,2.0NRT,283.93,11.4,N,2025-01-08 09:02:00,0.0020356726836327733,0.0016843334531081568,34.16821433345311,-118.06735567268363,34.16821433345311,-118.06328432731637,34.164845666546896,-118.06328432731637,34.164845666546896,-118.06735567268363,0.140625,396,0.3128,1163.223876953125,50,-2.059999942779541,0.0,0.0038799999747425318,28.0,284.5,294.1000061035156,4.699999809265137,71.0
34.16678,-118.06892,303.95,0.34,0.56,2025-01-08,902,N21,VIIRS,n,2.0NRT,283.82,11.4,N,2025-01-08 09:02:00,0.0020356787124911776,0.0016843334531081568,34.16846433345311,-118.0709556787125,34.16846433345311,-118.06688432128752,34.1650956665469,-118.06688432128752,34.1650956665469,-118.0709556787125,0.140625,396,0.3128,1163.223876953125,50,-2.059999942779541,0.0,0.0038799999747425318,28.0,284.5,294.1000061035156,4.699999809265137,71.0
34.16704,-118.07253,313.67,0.34,0.56,2025-01-08,902,N21,VIIRS,n,2.0NRT,283.88,18.42,N,2025-01-08 09:02:00,0.0020356849825829124,0.0016843334531081568,34.168724333453106,-118.07456568498259,34.168724333453106,-118.07049431501741,34.165355666546894,-118.07049431501741,34.165355666546894,-118.07456568498259,0.140625,367,0.3793,2171.94189453125,50,-2.059999942779541,0.0,0.0038799999747425318,28.0,284.5,294.1000061035156,4.699999809265137,71.0
34.1673,-118.07623,305.83,0.34,0.56,2025-01-08,902,N21,VIIRS,n,2.0NRT,283.77,18.42,N,2025-01-08 09:02:00,0.0020356912527551923,0.0016843334531081568,34.1689843334531,-118.07826569125275,34.1689843334531,-118.07419430874724,34.16561566654689,-118.07419430874724,34.16561566654689,-118.07826569125275,0.140625,367,0.3793,2171.94189453125,50,-2.059999942779541,0.0,0.0038799999747425318,28.0,284.5,294.1000061035156,4.699999809265137,71.0
34.16756,-118.07998,313.98,0.34,0.56,2025-01-08,902,N21,VIIRS,n,2.0NRT,283.73,3.35,N,2025-01-08 09:02:00,0.002035697523008017,0.0016843334531081568,34.16924433345311,-118.08201569752302,34.16924433345311,-118.077944302477,34.165875666546896,-118.077944302477,34.165875666546896,-118.08201569752302,0.140625,348,0.1764,557.3958740234375,10,-2.130000114440918,0.0,0.0039900001138448715,28.0,285.20001220703125,294.3999938964844,4.5,68.0
34.16784,-118.08376,301.27,0.34,0.56,2025-01-08,902,N21,VIIRS,n,2.0NRT,283.06,3.35,N,2025-01-08 09:02:00,0.0020357042756780617,0.0016843334531081568,34.169524333453104,-118.08579570427568,34.169524333453104,-118.08172429572431,34.16615566654689,-118.08172429572431,34.16615566654689,-118.08579570427568,0.140625,348,0.1764,557.3958740234375,10,-2.130000114440918,0.0,0.0039900001138448715,28.0,285.20001220703125,294.3999938964844,4.5,68.0
34.1681,-118.08755,304.43,0.34,0.56,2025-01-08,902,N21,VIIRS,n,2.0NRT,282.68,2.34,N,2025-01-08 09:02:00,0.0020357105460981767,0.0016843334531081568,34.16978433345311,-118.08958571054609,34.16978433345311,-118.0855142894539,34.1664156665469,-118.0855142894539,34.1664156665469,-118.08958571054609,0.140625,348,0.1764,557.3958740234375,10,-2.130000114440918,0.0,0.0039900001138448715,28.0,285.20001220703125,294.3999938964844,4.5,68.0
34.16837,-118.09128,306.62,0.34,0.56,2025-01-08,902,N21,VIIRS,n,2.0NRT,283.2,2.34,N,2025-01-08 09:02:00,0.002035717057773551,0.0016843334531081568,34.17005433345311,-118.09331571705778,34.17005433345311,-118.08924428294222,34.1666856665469,-118.08924428294222,34.1666856665469,-118.09331571705778,0.140625,296,0.1764,2022.691650390625,50,-2.130000114440918,0.0,0.0039900001138448715,28.0,285.20001220703125,294.3999938964844,4.5,68.0
34.16863,-118.09502,344.09,0.34,0.56,2025-01-08,902,N21,VIIRS,n,2.0NRT,289.38,10.97,N,2025-01-08 09:02:00,0.0020357233283578623,0.0016843334531081568,34.170314333453106,-118.09705572332837,34.170314333453106,-118.09298427667164,34.166945666546894,-118.09298427667164,34.166945666546894,-118.09705572332837,0.140625,296,0.1764,2022.691650390625,50,-2.130000114440918,0.0,0.0039900001138448715,28.0,285.20001220703125,294.3999938964844,4.5,68.0
34.16888,-118.0986,367.0,0.34,0.56,2025-01-08,902,N21,VIIRS,h,2.0NRT,294.22,10.97,N,2025-01-08 09:02:00,0.0020357293578418174,0.0016843334531081568,34.17056433345311,-118.10063572935785,34.17056433345311,-118.09656427064216,34.167195666546895,-118.09656427064216,34.167195666546895,-118.10063572935785,0.140625,307,0.3598,3175.174072265625,50,-2.130000114440918,0.0,0.0039900001138448715,28.0,285.20001220703125,294.3999938964844,4.5,68.0
34.16914,-118.10214,310.03,0.34,0.56,2025-01-08,902,N21,VIIRS,n,2.0NRT,283.73,8.35,N,2025-01-08 09:02:00,0.0020357356285841325,0.0016843334531081568,34.170824333453105,-118.10417573562859,34.170824333453105,-118.10010426437142,34.16745566654689,-118.10010426437142,34.16745566654689,-118.10417573562859,0.140625,307,0.3598,3175.174072265625,50,-2.130000114440918,0.0,0.0039900001138448715,28.0,285.20001220703125,294.3999938964844,4.5,68.0
34.17058,-118.04989,331.06,0.33,0.56,2025-01-08,902,N21,VIIRS,n,2.0NRT,286.22,6.95,N,2025-01-08 09:02:00,0.0020357703603078176,0.0016843334531081568,34.17226433345311,-118.05192577036031,34.17226433345311,-118.0478542296397,34.168895666546895,-118.0478542296397,34.168895666546895,-118.05192577036031,0.140625,401,0.41390000000000005,1799.551513671875,10,-2.059999942779541,0.0,0.0038799999747425318,28.0,284.5,294.1000061035156,4.699999809265137,71.0
34.17083,-118.05328,367.0,0.33,0.56,2025-01-08,902,N21,VIIRS,h,2.0NRT,293.36,6.95,N,2025-01-08 09:02:00,0.002035776390372697,0.0016843334531081568,34.17251433345311,-118.05531577639037,34.17251433345311,-118.05124422360963,34.169145666546896,-118.05124422360963,34.169145666546896,-118.05531577639037,0.140625,393,0.38430000000000003,1294.61962890625,10,-2.059999942779541,0.0,0.0038799999747425318,28.0,284.5,294.1000061035156,4.699999809265137,71.0
34.17108,-118.0568,339.26,0.34,0.56,2025-01-08,902,N21,VIIRS,n,2.0NRT,286.63,5.45,N,2025-01-08 09:02:00,0.002035782420512057,0.0016843334531081568,34.17276433345311,-118.0588357824205,34.17276433345311,-118.05476421757949,34.1693956665469,-118.05476421757949,34.1693956665469,-118.0588357824205,0.140625,393,0.38430000000000003,1294.61962890625,10,-2.059999942779541,0.0,0.0038799999747425318,28.0,284.5,294.1000061035156,4.699999809265137,71.0
34.17133,-118.06036,367.0,0.34,0.56,2025-01-08,902,N21,VIIRS,h,2.0NRT,287.27,5.45,N,2025-01-08 09:02:00,0.0020357884507259,0.0016843334531081568,34.173014333453104,-118.06239578845073,34.173014333453104,-118.05832421154928,34.16964566654689,-118.05832421154928,34.16964566654689,-118.06239578845073,0.140625,393,0.38430000000000003,1294.61962890625,10,-2.059999942779541,0.0,0.0038799999747425318,28.0,284.5,294.1000061035156,4.699999809265137,71.0
34.17159,-118.06397,367.0,0.34,0.56,2025-01-08,902,N21,VIIRS,h,2.0NRT,287.33,11.4,N,2025-01-08 09:02:00,0.002035794722227309,0.0016843334531081568,34.17327433345311,-118.06600579472223,34.17327433345311,-118.06193420527777,34.169905666546896,-118.06193420527777,34.169905666546896,-118.06600579472223,0.140625,396,0.3128,1163.223876953125,50,-2.059999942779541,0.0,0.0038799999747425318,28.0,284.5,294.1000061035156,4.699999809265137,71.0
34.17184,-118.06751,347.74,0.34,0.56,2025-01-08,902,N21,VIIRS,n,2.0NRT,291.9,11.4,N,2025-01-08 09:02:00,0.002035800752593098,0.0016843334531081568,34.17352433345311,-118.06954580075259,34.17352433345311,-118.0654741992474,34.1701556665469,-118.0654741992474,34.1701556665469,-118.06954580075259,0.140625,396,0.3128,1163.223876953125,50,-2.059999942779541,0.0,0.0038799999747425318,28.0,284.5,294.1000061035156,4.699999809265137,71.0
34.1721,-118.07117,355.23,0.34,0.56,2025-01-08,902,N21,VIIRS,n,2.0NRT,303.87,18.42,N,2025-01-08 09:02:00,0.002035807024252533,0.0016843334531081568,34.173784333453106,-118.07320580702425,34.173784333453106,-118.06913419297574,34.170415666546894,-118.06913419297574,34.170415666546894,-118.07320580702425,0.140625,367,0.3793,2171.94189453125,50,-2.059999942779541,0.0,0.0038799999747425318,28.0,284.5,294.1000061035156,4.699999809265137,71.0
34.17236,-118.07487,367.0,0.34,0.56,2025-01-08,902,N21,VIIRS,h,2.0NRT,291.59,18.42,N,2025-01-08 09:02:00,0.0020358132959925317,0.0016843334531081568,34.174044333453104,-118.076905813296,34.174044333453104,-118.07283418670401,34.17067566654689,-118.07283418670401,34.17067566654689,-118.076905813296,0.140625,367,0.3793,2171.94189453125,50,-2.059999942779541,0.0,0.0038799999747425318,28.0,284.5,294.1000061035156,4.699999809265137,71.0
34.17263,-118.07868,331.72,0.34,0.56,2025-01-08,902,N21,VIIRS,n,2.0NRT,284.15,3.35,N,2025-01-08 09:02:00,0.0020358198090385726,0.0016843334531081568,34.174314333453104,-118.08071581980904,34.174314333453104,-118.07664418019097,34.17094566654689,-118.07664418019097,34.17094566654689,-118.08071581980904,0.140625,367,0.3793,2171.94189453125,50,-2.059999942779541,0.0,0.0038799999747425318,28.0,284.5,294.1000061035156,4.699999809265137,71.0
34.17291,-118.08253,300.97,0.34,0.56,2025-01-08,902,N21,VIIRS,n,2.0NRT,282.84,3.35,N,2025-01-08 09:02:00,0.0020358265634003096,0.0016843334531081568,34.17459433345311,-118.0845658265634,34.17459433345311,-118.0804941734366,34.171225666546896,-118.0804941734366,34.171225666546896,-118.0845658265634,0.140625,348,0.1764,557.3958740234375,10,-2.130000114440918,0.0,0.0039900001138448715,28.0,285.20001220703125,294.3999938964844,4.5,68.0
34.17345,-118.09023,304.69,0.34,0.56,2025-01-08,902,N21,VIIRS,n,2.0NRT,283.6,2.34,N,2025-01-08 09:02:00,0.0020358395899332444,0.0016843334531081568,34.17513433345311,-118.09226583958994,34.17513433345311,-118.08819416041007,34.1717656665469,-118.08819416041007,34.1717656665469,-118.09226583958994,0.140625,296,0.1764,2022.691650390625,50,-2.130000114440918,0.0,0.0039900001138448715,28.0,285.20001220703125,294.3999938964844,4.5,68.0
34.17373,-118.09412,327.8,0.34,0.56,2025-01-08,902,N21,VIIRS,n,2.0NRT,285.61,10.97,N,2025-01-08 09:02:00,0.002035846344568627,0.0016843334531081568,34.175414333453105,-118.09615584634457,34.175414333453105,-118.09208415365543,34.17204566654689,-118.09208415365543,34.17204566654689,-118.09615584634457,0.140625,370,0.3149,496.8793640136719,10,-2.259999990463257,0.4000000059604645,0.003719999920576811,28.0,281.70001220703125,289.70001220703125,4.699999809265137,78.0
34.174,-118.09781,344.73,0.34,0.56,2025-01-08,902,N21,VIIRS,n,2.0NRT,288.01,10.97,N,2025-01-08 09:02:00,0.002035852858055528,0.0016843334531081568,34.175684333453106,-118.09984585285805,34.175684333453106,-118.09577414714194,34.17231566654689,-118.09577414714194,34.17231566654689,-118.09984585285805,0.140625,344,0.3452,2090.6533203125,10,-2.259999990463257,0.4000000059604645,0.003719999920576811,28.0,281.70001220703125,289.70001220703125,4.699999809265137,78.0
34.17532,-118.0441,311.04,0.33,0.56,2025-01-08,902,N21,VIIRS,n,2.0NRT,284.53,22.55,N,2025-01-08 09:02:00,0.00203588470302005,0.0016843334531081568,34.177004333453105,-118.04613588470302,34.177004333453105,-118.04206411529698,34.17363566654689,-118.04206411529698,34.17363566654689,-118.04613588470302,0.140625,717,0.19970000000000002,168.7879180908203,20,-2.5,0.5,0.0031300000846385956,28.0,280.20001220703125,287.20001220703125,5.0,81.0
34.1758,-118.0508,355.49,0.33,0.56,2025-01-08,902,N21,VIIRS,n,2.0NRT,320.33,87.11,N,2025-01-08 09:02:00,0.002035896283522069,0.0016843334531081568,34.17748433345311,-118.05283589628351,34.17748433345311,-118.04876410371648,34.174115666546896,-118.04876410371648,34.174115666546896,-118.05283589628351,0.140625,717,0.19970000000000002,168.7879180908203,20,-2.5,0.5,0.0031300000846385956,28.0,280.20001220703125,287.20001220703125,5.0,81.0
34.17604,-118.05414,367.0,0.34,0.56,2025-01-08,902,N21,VIIRS,h,2.0NRT,292.44,19.3,N,2025-01-08 09:02:00,0.002035902073876065,0.0016843334531081568,34.17772433345311,-118.05617590207387,34.17772433345311,-118.05210409792613,34.174355666546894,-118.05210409792613,34.174355666546894,-118.05617590207387,0.140625,723,0.1867,179.7666473388672,20,-2.5,0.5,0.0031300000846385956,28.0,280.20001220703125,287.20001220703125,5.0,81.0
34.17629,-118.05769,367.0,0.34,0.56,2025-01-08,902,N21,VIIRS,h,2.0NRT,291.45,19.3,N,2025-01-08 09:02:00,0.0020359081055678213,0.0016843334531081568,34.17797433345311,-118.05972590810556,34.17797433345311,-118.05565409189443,34.174605666546896,-118.05565409189443,34.174605666546896,-118.05972590810556,0.140625,723,0.1867,179.7666473388672,20,-2.5,0.5,0.0031300000846385956,28.0,280.20001220703125,287.20001220703125,5.0,81.0
34.17657,-118.06147,329.76,0.34,0.56,2025-01-08,902,N21,VIIRS,n,2.0NRT,286.5,6.54,N,2025-01-08 09:02:00,0.0020359148611510357,0.0016843334531081568,34.178254333453104,-118.06350591486115,34.178254333453104,-118.05943408513885,34.17488566654689,-118.05943408513885,34.17488566654689,-118.06350591486115,0.140625,672,0.21710000000000002,185.33192443847656,20,-2.5,0.5,0.0031300000846385956,28.0,280.20001220703125,287.20001220703125,5.0,81.0
34.17683,-118.0652,334.03,0.34,0.56,2025-01-08,902,N21,VIIRS,n,2.0NRT,284.53,6.54,N,2025-01-08 09:02:00,0.0020359211342762724,0.0016843334531081568,34.17851433345311,-118.06723592113428,34.17851433345311,-118.06316407886573,34.1751456665469,-118.06316407886573,34.1751456665469,-118.06723592113428,0.140625,672,0.21710000000000002,185.33192443847656,20,-2.5,0.5,0.0031300000846385956,28.0,280.20001220703125,287.20001220703125,5.0,81.0
34.1771,-118.06898,338.29,0.34,0.56,2025-01-08,902,N21,VIIRS,n,2.0NRT,285.66,3.59,N,2025-01-08 09:02:00,0.0020359276487608474,0.0016843334531081568,34.17878433345311,-118.07101592764876,34.17878433345311,-118.06694407235123,34.1754156665469,-118.06694407235123,34.1754156665469,-118.07101592764876,0.140625,672,0.21710000000000002,185.33192443847656,20,-2.5,0.5,0.0031300000846385956,28.0,280.20001220703125,287.20001220703125,5.0,81.0
34.17738,-118.07289,347.71,0.34,0.56,2025-01-08,902,N21,VIIRS,n,2.0NRT,285.76,3.59,N,2025-01-08 09:02:00,0.0020359344046144185,0.0016843334531081568,34.179064333453105,-118.07492593440462,34.179064333453105,-118.07085406559538,34.17569566654689,-118.07085406559538,34.17569566654689,-118.07492593440462,0.140625,560,0.21710000000000002,187.4214630126953,10,-2.5,0.5,0.0031300000846385956,28.0,280.20001220703125,287.20001220703125,5.0,81.0
34.17768,-118.07698,309.24,0.34,0.56,2025-01-08,902,N21,VIIRS,n,2.0NRT,283.77,1.94,N,2025-01-08 09:02:00,0.002035941643132669,0.0016843334531081568,34.17936433345311,-118.07901594164314,34.17936433345311,-118.07494405835688,34.175995666546896,-118.07494405835688,34.175995666546896,-118.07901594164314,0.140625,560,0.21710000000000002,187.4214630126953,10,-2.5,0.5,0.0031300000846385956,28.0,280.20001220703125,287.20001220703125,5.0,81.0
34.17852,-118.08887,341.92,0.34,0.56,2025-01-08,902,N21,VIIRS,n,2.0NRT,285.57,5.07,N,2025-01-08 09:02:00,0.002035961911554549,0.0016843334531081568,34.180204333453105,-118.09090596191156,34.180204333453105,-118.08683403808844,34.17683566654689,-118.08683403808844,34.17683566654689,-118.09090596191156,0.140625,370,0.3149,496.8793640136719,10,-2.259999990463257,0.4000000059604645,0.003719999920576811,28.0,281.70001220703125,289.70001220703125,4.699999809265137,78.0
34.17882,-118.09299,312.43,0.34,0.56,2025-01-08,902,N21,VIIRS,n,2.0NRT,284.58,1.67,N,2025-01-08 09:02:00,0.0020359691504805034,0.0016843334531081568,34.18050433345311,-118.09502596915048,34.18050433345311,-118.09095403084952,34.177135666546896,-118.09095403084952,34.177135666546896,-118.09502596915048,0.140625,370,0.3149,496.8793640136719,10,-2.259999990463257,0.4000000059604645,0.003719999920576811,28.0,281.70001220703125,289.70001220703125,4.699999809265137,78.0
34.17909,-118.09681,317.05,0.34,0.56,2025-01-08,902,N21,VIIRS,n,2.0NRT,284.68,1.67,N,2025-01-08 09:02:00,0.0020359756656055995,0.0016843334531081568,34.18077433345311,-118.09884597566561,34.18077433345311,-118.0947740243344,34.177405666546896,-118.0947740243344,34.177405666546896,-118.09884597566561,0.140625,370,0.3149,496.8793640136719,10,-2.259999990463257,0.4000000059604645,0.003719999920576811,28.0,281.70001220703125,289.70001220703125,4.699999809265137,78.0
34.17986,-118.10759,307.58,0.34,0.56,2025-01-08,902,N21,VIIRS,n,2.0NRT,284.1,6.79,N,2025-01-08 09:02:00,0.0020359942462545187,0.0016843334531081568,34.181544333453104,-118.10962599424626,34.181544333453104,-118.10555400575375,34.17817566654689,-118.10555400575375,34.17817566654689,-118.10962599424626,0.140625,365,0.3859,3033.17919921875,50,-2.259999990463257,0.4000000059604645,0.003719999920576811,28.0,281.70001220703125,289.70001220703125,4.699999809265137,78.0
34.18054,-118.04498,302.59,0.33,0.56,2025-01-08,902,N21,VIIRS,n,2.0NRT,282.92,87.11,N,2025-01-08 09:02:00,0.0020360106557270417,0.0016843334531081568,34.18222433345311,-118.04701601065572,34.18222433345311,-118.04294398934427,34.178855666546895,-118.04294398934427,34.178855666546895,-118.04701601065572,0.140625,717,0.19970000000000002,168.7879180908203,20,-2.5,0.5,0.0031300000846385956,28.0,280.20001220703125,287.20001220703125,5.0,81.0
34.18077,-118.04826,367.0,0.33,0.56,2025-01-08,902,N21,VIIRS,h,2.0NRT,288.13,87.11,N,2025-01-08 09:02:00,0.002036016206114576,0.0016843334531081568,34.18245433345311,-118.05029601620612,34.18245433345311,-118.04622398379388,34.1790856665469,-118.04622398379388,34.1790856665469,-118.05029601620612,0.140625,717,0.19970000000000002,168.7879180908203,20,-2.5,0.5,0.0031300000846385956,28.0,280.20001220703125,287.20001220703125,5.0,81.0
34.181,-118.05135,367.0,0.34,0.56,2025-01-08,902,N21,VIIRS,h,2.0NRT,295.89,19.3,N,2025-01-08 09:02:00,0.0020360217565651806,0.0016843334531081568,34.1826843334531,-118.05338602175657,34.1826843334531,-118.04931397824343,34.17931566654689,-118.04931397824343,34.17931566654689,-118.05338602175657,0.140625,717,0.19970000000000002,168.7879180908203,20,-2.5,0.5,0.0031300000846385956,28.0,280.20001220703125,287.20001220703125,5.0,81.0
34.18123,-118.05463,367.0,0.34,0.56,2025-01-08,902,N21,VIIRS,h,2.0NRT,291.23,19.3,N,2025-01-08 09:02:00,0.0020360273070788577,0.0016843334531081568,34.182914333453105,-118.05666602730709,34.182914333453105,-118.05259397269292,34.17954566654689,-118.05259397269292,34.17954566654689,-118.05666602730709,0.140625,723,0.1867,179.7666473388672,20,-2.5,0.5,0.0031300000846385956,28.0,280.20001220703125,287.20001220703125,5.0,81.0
34.18149,-118.05824,354.44,0.34,0.56,2025-01-08,902,N21,VIIRS,n,2.0NRT,293.18,6.54,N,2025-01-08 09:02:00,0.0020360335816485284,0.0016843334531081568,34.1831743334531,-118.06027603358164,34.1831743334531,-118.05620396641835,34.17980566654689,-118.05620396641835,34.17980566654689,-118.06027603358164,0.140625,723,0.1867,179.7666473388672,20,-2.5,0.5,0.0031300000846385956,28.0,280.20001220703125,287.20001220703125,5.0,81.0
34.18177,-118.0621,332.08,0.34,0.56,2025-01-08,902,N21,VIIRS,n,2.0NRT,285.7,6.54,N,2025-01-08 09:02:00,0.0020360403389675435,0.0016843334531081568,34.183454333453106,-118.06413604033897,34.183454333453106,-118.06006395966104,34.180085666546894,-118.06006395966104,34.180085666546894,-118.06413604033897,0.140625,672,0.21710000000000002,185.33192443847656,20,-2.5,0.5,0.0031300000846385956,28.0,280.20001220703125,287.20001220703125,5.0,81.0
34.18205,-118.06599,315.74,0.34,0.56,2025-01-08,902,N21,VIIRS,n,2.0NRT,283.72,3.59,N,2025-01-08 09:02:00,0.002036047096380037,0.0016843334531081568,34.1837343334531,-118.06802604709638,34.1837343334531,-118.06395395290362,34.18036566654689,-118.06395395290362,34.18036566654689,-118.06802604709638,0.140625,672,0.21710000000000002,185.33192443847656,20,-2.5,0.5,0.0031300000846385956,28.0,280.20001220703125,287.20001220703125,5.0,81.0
34.18233,-118.06998,305.16,0.34,0.56,2025-01-08,902,N21,VIIRS,n,2.0NRT,283.4,3.59,N,2025-01-08 09:02:00,0.00203605385388601,0.0016843334531081568,34.184014333453106,-118.07201605385389,34.184014333453106,-118.06794394614612,34.180645666546894,-118.06794394614612,34.180645666546894,-118.07201605385389,0.140625,672,0.21710000000000002,185.33192443847656,20,-2.5,0.5,0.0031300000846385956,28.0,280.20001220703125,287.20001220703125,5.0,81.0
34.18263,-118.0741,299.52,0.34,0.56,2025-01-08,902,N21,VIIRS,n,2.0NRT,282.3,1.94,N,2025-01-08 09:02:00,0.0020360610941747162,0.0016843334531081568,34.18431433345311,-118.07613606109418,34.18431433345311,-118.07206393890583,34.1809456665469,-118.07206393890583,34.1809456665469,-118.07613606109418,0.140625,833,0.197,0.0,20,-2.5,0.5,0.0031300000846385956,28.0,280.20001220703125,287.20001220703125,5.0,81.0
34.18413,-118.09501,302.93,0.34,0.56,2025-01-08,902,N21,VIIRS,n,2.0NRT,284.01,1.67,N,2025-01-08 09:02:00,0.002036097297227988,0.0016843334531081568,34.18581433345311,-118.09704609729722,34.18581433345311,-118.09297390270278,34.1824456665469,-118.09297390270278,34.1824456665469,-118.09704609729722,0.140625,649,0.1948,104.3675537109375,20,-2.259999990463257,0.4000000059604645,0.003719999920576811,28.0,281.70001220703125,289.70001220703125,4.699999809265137,78.0
34.18442,-118.09908,312.3,0.34,0.56,2025-01-08,902,N21,VIIRS,n,2.0NRT,284.52,8.07,N,2025-01-08 09:02:00,0.002036104296794452,0.0016843334531081568,34.18610433345311,-118.10111610429679,34.18610433345311,-118.09704389570321,34.1827356665469,-118.09704389570321,34.1827356665469,-118.10111610429679,0.140625,445,0.2959,743.086181640625,10,-2.259999990463257,0.4000000059604645,0.003719999920576811,28.0,281.70001220703125,289.70001220703125,4.699999809265137,78.0
34.1847,-118.10297,367.0,0.34,0.56,2025-01-08,902,N21,VIIRS,h,2.0NRT,288.13,8.07,N,2025-01-08 09:02:00,0.0020361110550917135,0.0016843334531081568,34.186384333453105,-118.10500611105509,34.186384333453105,-118.10093388894491,34.18301566654689,-118.10093388894491,34.18301566654689,-118.10500611105509,0.140625,445,0.2959,743.086181640625,10,-2.259999990463257,0.4000000059604645,0.003719999920576811,28.0,281.70001220703125,289.70001220703125,4.699999809265137,78.0
34.18496,-118.10665,367.0,0.34,0.56,2025-01-08,902,N21,VIIRS,h,2.0NRT,286.57,6.79,N,2025-01-08 09:02:00,0.0020361173307371703,0.0016843334531081568,34.1866443334531,-118.10868611733073,34.1866443334531,-118.10461388266927,34.18327566654689,-118.10461388266927,34.18327566654689,-118.10868611733073,0.140625,438,0.3766,1472.514404296875,10,-2.259999990463257,0.4000000059604645,0.003719999920576811,28.0,281.70001220703125,289.70001220703125,4.699999809265137,78.0
34.18521,-118.1102,313.8,0.34,0.56,2025-01-08,902,N21,VIIRS,n,2.0NRT,284.44,6.79,N,2025-01-08 09:02:00,0.0020361233650876705,0.0016843334531081568,34.186894333453104,-118.1122361233651,34.186894333453104,-118.10816387663492,34.18352566654689,-118.10816387663492,34.18352566654689,-118.1122361233651,0.140625,438,0.3766,1472.514404296875,10,-2.259999990463257,0.4000000059604645,0.003719999920576811,28.0,281.70001220703125,289.70001220703125,4.699999809265137,78.0
34.18547,-118.11378,367.0,0.34,0.56,2025-01-08,902,N21,VIIRS,h,2.0NRT,292.0,15.35,N,2025-01-08 09:02:00,0.0020361296408912544,0.0016843334531081568,34.18715433345311,-118.11581612964089,34.18715433345311,-118.11174387035912,34.183785666546896,-118.11174387035912,34.183785666546896,-118.11581612964089,0.140625,438,0.3766,1472.514404296875,10,-2.259999990463257,0.4000000059604645,0.003719999920576811,28.0,281.70001220703125,289.70001220703125,4.699999809265137,78.0
34.18573,-118.11737,367.0,0.34,0.56,2025-01-08,902,N21,VIIRS,h,2.0NRT,286.49,15.35,N,2025-01-08 09:02:00,0.0020361359167754547,0.0016843334531081568,34.187414333453106,-118.11940613591678,34.187414333453106,-118.11533386408321,34.18404566654689,-118.11533386408321,34.18404566654689,-118.11940613591678,0.140625,433,0.2674,1497.5074462890625,10,-2.259999990463257,0.4000000059604645,0.003719999920576811,28.0,281.70001220703125,289.70001220703125,4.699999809265137,78.0
34.18599,-118.121,327.03,0.34,0.56,2025-01-08,902,N21,VIIRS,n,2.0NRT,283.02,3.57,N,2025-01-08 09:02:00,0.0020361421927402707,0.0016843334531081568,34.1876743334531,-118.12303614219273,34.1876743334531,-118.11896385780726,34.18430566654689,-118.11896385780726,34.18430566654689,-118.12303614219273,0.140625,433,0.2674,1497.5074462890625,10,-2.259999990463257,0.4000000059604645,0.003719999920576811,28.0,281.70001220703125,289.70001220703125,4.699999809265137,78.0
34.18618,-118.05179,313.73,0.34,0.56,2025-01-08,902,N21,VIIRS,n,2.0NRT,281.25,13.2,N,2025-01-08 09:02:00,0.0020361467790732347,0.0016843334531081568,34.187864333453106,-118.05382614677907,34.187864333453106,-118.04975385322092,34.184495666546894,-118.04975385322092,34.184495666546894,-118.05382614677907,0.140625,877,0.2612,0.0,10,-2.5,0.5,0.0031300000846385956,28.0,280.20001220703125,287.20001220703125,5.0,81.0
34.18625,-118.12465,309.2,0.34,0.56,2025-01-08,902,N21,VIIRS,n,2.0NRT,283.21,3.57,N,2025-01-08 09:02:00,0.0020361484687857053,0.0016843334531081568,34.18793433345311,-118.12668614846879,34.18793433345311,-118.12261385153121,34.184565666546895,-118.12261385153121,34.184565666546895,-118.12668614846879,0.140625,433,0.23220000000000002,2245.83544921875,50,-2.119999885559082,0.0,0.004019999876618385,27.0,284.8999938964844,291.79998779296875,4.400000095367432,77.0
34.18639,-118.05478,346.68,0.34,0.56,2025-01-08,902,N21,VIIRS,n,2.0NRT,307.12,15.57,N,2025-01-08 09:02:00,0.0020361518482281773,0.0016843334531081568,34.18807433345311,-118.05681615184822,34.18807433345311,-118.05274384815176,34.1847056665469,-118.05274384815176,34.1847056665469,-118.05681615184822,0.140625,1021,0.2612,0.0,20,-2.5,0.5,0.0031300000846385956,28.0,280.20001220703125,287.20001220703125,5.0,81.0
34.18651,-118.12831,299.38,0.34,0.56,2025-01-08,902,N21,VIIRS,n,2.0NRT,283.11,1.53,N,2025-01-08 09:02:00,0.002036154744911758,0.0016843334531081568,34.188194333453104,-118.13034615474491,34.188194333453104,-118.12627384525508,34.18482566654689,-118.12627384525508,34.18482566654689,-118.13034615474491,0.140625,433,0.23220000000000002,2245.83544921875,50,-2.119999885559082,0.0,0.004019999876618385,27.0,284.8999938964844,291.79998779296875,4.400000095367432,77.0
34.18666,-118.05846,367.0,0.34,0.56,2025-01-08,902,N21,VIIRS,h,2.0NRT,293.85,15.57,N,2025-01-08 09:02:00,0.002036158365790384,0.0016843334531081568,34.18834433345311,-118.0604961583658,34.18834433345311,-118.0564238416342,34.1849756665469,-118.0564238416342,34.1849756665469,-118.0604961583658,0.140625,1021,0.2612,0.0,20,-2.5,0.5,0.0031300000846385956,28.0,280.20001220703125,287.20001220703125,5.0,81.0
34.18694,-118.0624,343.22,0.34,0.56,2025-01-08,902,N21,VIIRS,n,2.0NRT,287.09,6.58,N,2025-01-08 09:02:00,0.0020361651248356136,0.0016843334531081568,34.188624333453106,-118.06443616512483,34.188624333453106,-118.06036383487516,34.185255666546894,-118.06036383487516,34.185255666546894,-118.06443616512483,0.140625,963,0.1996,0.0,10,-2.5,0.5,0.0031300000846385956,28.0,280.20001220703125,287.20001220703125,5.0,81.0
34.18723,-118.06648,322.39,0.34,0.56,2025-01-08,902,N21,VIIRS,n,2.0NRT,284.04,6.58,N,2025-01-08 09:02:00,0.0020361721253738863,0.0016843334531081568,34.188914333453106,-118.06851617212537,34.188914333453106,-118.06444382787463,34.18554566654689,-118.06444382787463,34.18554566654689,-118.06851617212537,0.140625,963,0.1996,0.0,10,-2.5,0.5,0.0031300000846385956,28.0,280.20001220703125,287.20001220703125,5.0,81.0
34.18755,-118.07078,312.33,0.34,0.56,2025-01-08,902,N21,VIIRS,n,2.0NRT,282.2,8.15,N,2025-01-08 09:02:00,0.0020361798502221747,0.0016843334531081568,34.18923433345311,-118.07281617985022,34.18923433345311,-118.06874382014978,34.185865666546896,-118.06874382014978,34.185865666546896,-118.07281617985022,0.140625,833,0.197,0.0,20,-2.5,0.5,0.0031300000846385956,28.0,280.20001220703125,287.20001220703125,5.0,81.0
34.18785,-118.07501,317.51,0.34,0.56,2025-01-08,902,N21,VIIRS,n,2.0NRT,282.99,8.15,N,2025-01-08 09:02:00,0.002036187092378363,0.0016843334531081568,34.1895343334531,-118.07704618709238,34.1895343334531,-118.07297381290763,34.18616566654689,-118.07297381290763,34.18616566654689,-118.07704618709238,0.140625,833,0.197,0.0,20,-2.5,0.5,0.0031300000846385956,28.0,280.20001220703125,287.20001220703125,5.0,81.0
34.18816,-118.07922,303.01,0.34,0.56,2025-01-08,902,N21,VIIRS,n,2.0NRT,281.47,6.86,N,2025-01-08 09:02:00,0.002036194576052524,0.0016843334531081568,34.18984433345311,-118.08125619457606,34.18984433345311,-118.07718380542396,34.1864756665469,-118.07718380542396,34.1864756665469,-118.08125619457606,0.140625,833,0.197,0.0,20,-2.5,0.5,0.0031300000846385956,28.0,280.20001220703125,287.20001220703125,5.0,81.0
34.18975,-118.1013,312.7,0.34,0.56,2025-01-08,902,N21,VIIRS,n,2.0NRT,283.18,4.8,N,2025-01-08 09:02:00,0.002036232961860305,0.0016843334531081568,34.1914343334531,-118.10333623296185,34.1914343334531,-118.09926376703814,34.18806566654689,-118.09926376703814,34.18806566654689,-118.10333623296185,0.140625,445,0.2959,743.086181640625,10,-2.259999990463257,0.4000000059604645,0.003719999920576811,28.0,281.70001220703125,289.70001220703125,4.699999809265137,78.0
34.19004,-118.10528,367.0,0.34,0.56,2025-01-08,902,N21,VIIRS,h,2.0NRT,286.2,8.76,N,2025-01-08 09:02:00,0.002036239963370518,0.0016843334531081568,34.19172433345311,-118.10731623996337,34.19172433345311,-118.10324376003662,34.1883556665469,-118.10324376003662,34.1883556665469,-118.10731623996337,0.140625,445,0.2959,743.086181640625,10,-2.259999990463257,0.4000000059604645,0.003719999920576811,28.0,281.70001220703125,289.70001220703125,4.699999809265137,78.0
34.1903,-118.10887,367.0,0.34,0.56,2025-01-08,902,N21,VIIRS,h,2.0NRT,287.61,8.76,N,2025-01-08 09:02:00,0.002036246240671856,0.0016843334531081568,34.19198433345311,-118.11090624624067,34.19198433345311,-118.10683375375932,34.188615666546895,-118.10683375375932,34.188615666546895,-118.11090624624067,0.140625,438,0.3766,1472.514404296875,10,-2.259999990463257,0.4000000059604645,0.003719999920576811,28.0,281.70001220703125,289.70001220703125,4.699999809265137,78.0
34.19043,-118.03936,297.08,0.33,0.56,2025-01-08,902,N21,VIIRS,n,2.0NRT,280.28,0.6,N,2025-01-08 09:02:00,0.0020362493793527627,0.0016843334531081568,34.192114333453105,-118.04139624937936,34.192114333453105,-118.03732375062064,34.18874566654689,-118.03732375062064,34.18874566654689,-118.04139624937936,0.140625,907,0.3149,0.0,10,-2.5,0.5,0.0031300000846385956,28.0,280.20001220703125,287.20001220703125,5.0,81.0
34.19055,-118.11241,348.58,0.34,0.56,2025-01-08,902,N21,VIIRS,n,2.0NRT,290.02,28.23,N,2025-01-08 09:02:00,0.002036252276614569,0.0016843334531081568,34.19223433345311,-118.11444625227661,34.19223433345311,-118.11037374772339,34.188865666546896,-118.11037374772339,34.188865666546896,-118.11444625227661,0.140625,438,0.3766,1472.514404296875,10,-2.259999990463257,0.4000000059604645,0.003719999920576811,28.0,281.70001220703125,289.70001220703125,4.699999809265137,78.0
34.19081,-118.11607,367.0,0.34,0.56,2025-01-08,902,N21,VIIRS,h,2.0NRT,292.88,28.23,N,2025-01-08 09:02:00,0.0020362585540740752,0.0016843334531081568,34.192494333453105,-118.11810625855406,34.192494333453105,-118.11403374144592,34.18912566654689,-118.11403374144592,34.18912566654689,-118.11810625855406,0.140625,433,0.2674,1497.5074462890625,10,-2.259999990463257,0.4000000059604645,0.003719999920576811,28.0,281.70001220703125,289.70001220703125,4.699999809265137,78.0
34.19108,-118.11982,355.58,0.34,0.56,2025-01-08,902,N21,VIIRS,n,2.0NRT,290.7,39.09,N,2025-01-08 09:02:00,0.0020362650730596796,0.0016843334531081568,34.192764333453106,-118.12185626507306,34.192764333453106,-118.11778373492695,34.18939566654689,-118.11778373492695,34.18939566654689,-118.12185626507306,0.140625,433,0.2674,1497.5074462890625,10,-2.259999990463257,0.4000000059604645,0.003719999920576811,28.0,281.70001220703125,289.70001220703125,4.699999809265137,78.0
34.19134,-118.12352,367.0,0.34,0.56,2025-01-08,902,N21,VIIRS,h,2.0NRT,293.01,39.09,N,2025-01-08 09:02:00,0.0020362713506835604,0.0016843334531081568,34.1930243334531,-118.12555627135069,34.1930243334531,-118.12148372864931,34.18965566654689,-118.12148372864931,34.18965566654689,-118.12555627135069,0.140625,433,0.2674,1497.5074462890625,10,-2.259999990463257,0.4000000059604645,0.003719999920576811,28.0,281.70001220703125,289.70001220703125,4.699999809265137,78.0
34.19144,-118.0534,322.6,0.34,0.56,2025-01-08,902,N21,VIIRS,n,2.0NRT,280.97,15.57,N,2025-01-08 09:02:00,0.0020362737651757556,0.0016843334531081568,34.193124333453106,-118.05543627376517,34.193124333453106,-118.05136372623483,34.189755666546894,-118.05136372623483,34.189755666546894,-118.05543627376517,0.140625,1021,0.2612,0.0,20,-2.5,0.5,0.0031300000846385956,28.0,280.20001220703125,287.20001220703125,5.0,81.0
34.1916,-118.12718,303.77,0.34,0.56,2025-01-08,902,N21,VIIRS,n,2.0NRT,284.64,9.41,N,2025-01-08 09:02:00,0.00203627762838808,0.0016843334531081568,34.19328433345311,-118.12921627762839,34.19328433345311,-118.1251437223716,34.189915666546895,-118.1251437223716,34.189915666546895,-118.12921627762839,0.140625,519,0.27940000000000004,2304.54345703125,10,-2.119999885559082,0.0,0.004019999876618385,27.0,284.8999938964844,291.79998779296875,4.400000095367432,77.0
34.19167,-118.05658,330.13,0.34,0.56,2025-01-08,902,N21,VIIRS,n,2.0NRT,283.06,15.57,N,2025-01-08 09:02:00,0.0020362793185530748,0.0016843334531081568,34.19335433345311,-118.05861627931856,34.19335433345311,-118.05454372068144,34.189985666546896,-118.05454372068144,34.189985666546896,-118.05861627931856,0.140625,1089,0.4838,0.0,10,-2.5,0.5,0.0031300000846385956,28.0,280.20001220703125,287.20001220703125,5.0,81.0
34.19192,-118.05993,338.18,0.34,0.56,2025-01-08,902,N21,VIIRS,n,2.0NRT,284.9,6.58,N,2025-01-08 09:02:00,0.002036285354904342,0.0016843334531081568,34.19360433345311,-118.0619662853549,34.19360433345311,-118.05789371464509,34.1902356665469,-118.05789371464509,34.1902356665469,-118.0619662853549,0.140625,1089,0.4838,0.0,10,-2.5,0.5,0.0031300000846385956,28.0,280.20001220703125,287.20001220703125,5.0,81.0
34.19218,-118.06361,343.85,0.34,0.56,2025-01-08,902,N21,VIIRS,n,2.0NRT,287.34,6.58,N,2025-01-08 09:02:00,0.0020362916327887506,0.0016843334531081568,34.19386433345311,-118.06564629163279,34.19386433345311,-118.0615737083672,34.190495666546894,-118.0615737083672,34.190495666546894,-118.06564629163279,0.140625,1198,0.2454,0.0,10,-2.5,0.5,0.0031300000846385956,28.0,280.20001220703125,287.20001220703125,5.0,81.0
34.19249,-118.06789,367.0,0.34,0.56,2025-01-08,902,N21,VIIRS,h,2.0NRT,286.53,8.15,N,2025-01-08 09:02:00,0.0020362991180640166,0.0016843334531081568,34.194174333453105,-118.06992629911807,34.194174333453105,-118.06585370088195,34.19080566654689,-118.06585370088195,34.19080566654689,-118.06992629911807,0.140625,1198,0.2454,0.0,10,-2.5,0.5,0.0031300000846385956,28.0,280.20001220703125,287.20001220703125,5.0,81.0
34.1928,-118.07207,367.0,0.34,0.56,2025-01-08,902,N21,VIIRS,h,2.0NRT,285.57,8.15,N,2025-01-08 09:02:00,0.0020363066034539243,0.0016843334531081568,34.194484333453104,-118.07410630660345,34.194484333453104,-118.07003369339654,34.19111566654689,-118.07003369339654,34.19111566654689,-118.07410630660345,0.140625,1110,0.2409,0.0,10,-2.5,0.5,0.0031300000846385956,28.0,280.20001220703125,287.20001220703125,5.0,81.0
34.19307,-118.07576,355.22,0.34,0.56,2025-01-08,902,N21,VIIRS,n,2.0NRT,286.58,6.86,N,2025-01-08 09:02:00,0.002036313123080478,0.0016843334531081568,34.194754333453105,-118.07779631312309,34.194754333453105,-118.07372368687692,34.19138566654689,-118.07372368687692,34.19138566654689,-118.07779631312309,0.140625,1110,0.2409,0.0,10,-2.5,0.5,0.0031300000846385956,28.0,280.20001220703125,287.20001220703125,5.0,81.0
34.19335,-118.07965,333.87,0.34,0.56,2025-01-08,902,N21,VIIRS,n,2.0NRT,280.29,6.86,N,2025-01-08 09:02:00,0.002036319884266541,0.0016843334531081568,34.19503433345311,-118.08168631988427,34.19503433345311,-118.07761368011573,34.191665666546896,-118.07761368011573,34.191665666546896,-118.08168631988427,0.140625,929,0.21960000000000002,0.0,10,-2.259999990463257,0.4000000059604645,0.003719999920576811,28.0,281.70001220703125,289.70001220703125,4.699999809265137,78.0
34.19366,-118.08401,345.46,0.34,0.56,2025-01-08,902,N21,VIIRS,n,2.0NRT,281.89,9.04,N,2025-01-08 09:02:00,0.002036327369974495,0.0016843334531081568,34.19534433345311,-118.08604632736998,34.19534433345311,-118.08197367263003,34.191975666546895,-118.08197367263003,34.191975666546895,-118.08604632736998,0.140625,929,0.21960000000000002,0.0,10,-2.259999990463257,0.4000000059604645,0.003719999920576811,28.0,281.70001220703125,289.70001220703125,4.699999809265137,78.0
34.19401,-118.08878,367.0,0.34,0.56,2025-01-08,902,N21,VIIRS,h,2.0NRT,285.95,9.04,N,2025-01-08 09:02:00,0.0020363358217180424,0.0016843334531081568,34.195694333453105,-118.09081633582171,34.195694333453105,-118.08674366417829,34.19232566654689,-118.08674366417829,34.19232566654689,-118.09081633582171,0.140625,738,0.2159,0.0,10,-2.259999990463257,0.4000000059604645,0.003719999920576811,28.0,281.70001220703125,289.70001220703125,4.699999809265137,78.0
34.19435,-118.09347,331.04,0.34,0.56,2025-01-08,902,N21,VIIRS,n,2.0NRT,283.24,4.8,N,2025-01-08 09:02:00,0.0020363440321231443,0.0016843334531081568,34.196034333453106,-118.09550634403212,34.196034333453106,-118.09143365596788,34.192665666546894,-118.09143365596788,34.192665666546894,-118.09550634403212,0.140625,738,0.2159,0.0,10,-2.259999990463257,0.4000000059604645,0.003719999920576811,28.0,281.70001220703125,289.70001220703125,4.699999809265137,78.0
34.1947,-118.0984,329.94,0.34,0.56,2025-01-08,902,N21,VIIRS,n,2.0NRT,284.4,4.8,N,2025-01-08 09:02:00,0.0020363524841548095,0.0016843334531081568,34.1963843334531,-118.10043635248415,34.1963843334531,-118.09636364751584,34.19301566654689,-118.09636364751584,34.19301566654689,-118.10043635248415,0.140625,642,0.2227,84.12470245361328,20,-2.259999990463257,0.4000000059604645,0.003719999920576811,28.0,281.70001220703125,289.70001220703125,4.699999809265137,78.0
34.19506,-118.10323,318.0,0.34,0.56,2025-01-08,902,N21,VIIRS,n,2.0NRT,284.62,8.76,N,2025-01-08 09:02:00,0.002036361177825568,0.0016843334531081568,34.196744333453104,-118.10526636117783,34.196744333453104,-118.10119363882217,34.19337566654689,-118.10119363882217,34.19337566654689,-118.10526636117783,0.140625,642,0.2227,84.12470245361328,20,-2.259999990463257,0.4000000059604645,0.003719999920576811,28.0,281.70001220703125,289.70001220703125,4.699999809265137,78.0
34.19533,-118.10707,322.28,0.34,0.56,2025-01-08,902,N21,VIIRS,n,2.0NRT,283.97,8.76,N,2025-01-08 09:02:00,0.002036367698180108,0.0016843334531081568,34.197014333453104,-118.10910636769817,34.197014333453104,-118.10503363230181,34.19364566654689,-118.10503363230181,34.19364566654689,-118.10910636769817,0.140625,695,0.2338,373.50323486328125,20,-2.259999990463257,0.4000000059604645,0.003719999920576811,28.0,281.70001220703125,289.70001220703125,4.699999809265137,78.0
34.19559,-118.11061,341.64,0.34,0.56,2025-01-08,902,N21,VIIRS,n,2.0NRT,283.38,28.23,N,2025-01-08 09:02:00,0.002036373977122241,0.0016843334531081568,34.19727433345311,-118.11264637397711,34.19727433345311,-118.10857362602287,34.1939056665469,-118.10857362602287,34.1939056665469,-118.11264637397711,0.140625,695,0.2338,373.50323486328125,20,-2.259999990463257,0.4000000059604645,0.003719999920576811,28.0,281.70001220703125,289.70001220703125,4.699999809265137,78.0
34.19585,-118.1143,342.72,0.34,0.56,2025-01-08,902,N21,VIIRS,n,2.0NRT,291.34,28.23,N,2025-01-08 09:02:00,0.002036380256145028,0.0016843334531081568,34.197534333453106,-118.11633638025614,34.197534333453106,-118.11226361974386,34.194165666546894,-118.11226361974386,34.194165666546894,-118.11633638025614,0.140625,695,0.2338,373.50323486328125,20,-2.259999990463257,0.4000000059604645,0.003719999920576811,28.0,281.70001220703125,289.70001220703125,4.699999809265137,78.0
34.19614,-118.11829,344.89,0.34,0.56,2025-01-08,902,N21,VIIRS,n,2.0NRT,291.98,39.09,N,2025-01-08 09:02:00,0.0020363872597655972,0.0016843334531081568,34.197824333453106,-118.12032638725977,34.197824333453106,-118.11625361274024,34.194455666546894,-118.11625361274024,34.194455666546894,-118.12032638725977,0.140625,549,0.2338,879.9257202148438,10,-2.259999990463257,0.4000000059604645,0.003719999920576811,28.0,281.70001220703125,289.70001220703125,4.699999809265137,78.0
34.19643,-118.12222,367.0,0.34,0.56,2025-01-08,902,N21,VIIRS,h,2.0NRT,304.39,39.09,N,2025-01-08 09:02:00,0.00203639426348651,0.0016843334531081568,34.198114333453105,-118.12425639426348,34.198114333453105,-118.12018360573651,34.19474566654689,-118.12018360573651,34.19474566654689,-118.12425639426348,0.140625,549,0.2338,879.9257202148438,10,-2.259999990463257,0.4000000059604645,0.003719999920576811,28.0,281.70001220703125,289.70001220703125,4.699999809265137,78.0
34.19669,-118.12589,334.64,0.34,0.56,2025-01-08,902,N21,VIIRS,n,2.0NRT,285.32,9.41,N,2025-01-08 09:02:00,0.00203640054276988,0.0016843334531081568,34.1983743334531,-118.12792640054276,34.1983743334531,-118.12385359945723,34.19500566654689,-118.12385359945723,34.19500566654689,-118.12792640054276,0.140625,519,0.27940000000000004,2304.54345703125,10,-2.119999885559082,0.0,0.004019999876618385,27.0,284.8999938964844,291.79998779296875,4.400000095367432,77.0
34.19696,-118.12962,308.02,0.34,0.56,2025-01-08,902,N21,VIIRS,n,2.0NRT,283.83,9.41,N,2025-01-08 09:02:00,0.0020364070636495223,0.0016843334531081568,34.1986443334531,-118.13165640706366,34.1986443334531,-118.12758359293635,34.19527566654689,-118.12758359293635,34.19527566654689,-118.13165640706366,0.140625,519,0.27940000000000004,2304.54345703125,10,-2.119999885559082,0.0,0.004019999876618385,27.0,284.8999938964844,291.79998779296875,4.400000095367432,77.0
34.19776,-118.06942,367.0,0.34,0.56,2025-01-08,902,N21,VIIRS,h,2.0NRT,285.29,72.24,N,2025-01-08 09:02:00,0.002036426385285078,0.0016843334531081568,34.19944433345311,-118.07145642638528,34.19944433345311,-118.0673835736147,34.196075666546896,-118.0673835736147,34.196075666546896,-118.07145642638528,0.140625,1198,0.2454,0.0,10,-2.5,0.5,0.0031300000846385956,28.0,280.20001220703125,287.20001220703125,5.0,81.0
34.19806,-118.07346,301.91,0.34,0.56,2025-01-08,902,N21,VIIRS,n,2.0NRT,278.5,7.74,N,2025-01-08 09:02:00,0.0020364336310952948,0.0016843334531081568,34.199744333453104,-118.07549643363109,34.199744333453104,-118.0714235663689,34.19637566654689,-118.0714235663689,34.19637566654689,-118.07549643363109,0.140625,1110,0.2409,0.0,10,-2.5,0.5,0.0031300000846385956,28.0,280.20001220703125,287.20001220703125,5.0,81.0
34.19834,-118.07735,310.27,0.34,0.56,2025-01-08,902,N21,VIIRS,n,2.0NRT,278.32,7.74,N,2025-01-08 09:02:00,0.0020364403939483896,0.0016843334531081568,34.20002433345311,-118.07938644039395,34.20002433345311,-118.07531355960604,34.196655666546896,-118.07531355960604,34.196655666546896,-118.07938644039395,0.140625,1110,0.2409,0.0,10,-2.5,0.5,0.0031300000846385956,28.0,280.20001220703125,287.20001220703125,5.0,81.0
34.19903,-118.08676,367.0,0.34,0.56,2025-01-08,902,N21,VIIRS,h,2.0NRT,353.55,126.57,N,2025-01-08 09:02:00,0.0020364570599499905,0.0016843334531081568,34.20071433345311,-118.08879645705994,34.20071433345311,-118.08472354294005,34.197345666546894,-118.08472354294005,34.197345666546894,-118.08879645705994,0.140625,929,0.21960000000000002,0.0,10,-2.259999990463257,0.4000000059604645,0.003719999920576811,28.0,281.70001220703125,289.70001220703125,4.699999809265137,78.0
34.19936,-118.09145,367.0,0.34,0.56,2025-01-08,902,N21,VIIRS,h,2.0NRT,288.36,148.36,N,2025-01-08 09:02:00,0.0020364650308472418,0.0016843334531081568,34.201044333453105,-118.09348646503084,34.201044333453105,-118.08941353496915,34.19767566654689,-118.08941353496915,34.19767566654689,-118.09348646503084,0.140625,738,0.2159,0.0,10,-2.259999990463257,0.4000000059604645,0.003719999920576811,28.0,281.70001220703125,289.70001220703125,4.699999809265137,78.0
34.19969,-118.09587,367.0,0.34,0.56,2025-01-08,902,N21,VIIRS,h,2.0NRT,293.72,148.36,N,2025-01-08 09:02:00,0.0020364730018744472,0.0016843334531081568,34.2013743334531,-118.09790647300188,34.2013743334531,-118.09383352699813,34.19800566654689,-118.09383352699813,34.19800566654689,-118.09790647300188,0.140625,738,0.2159,0.0,10,-2.259999990463257,0.4000000059604645,0.003719999920576811,28.0,281.70001220703125,289.70001220703125,4.699999809265137,78.0
34.19999,-118.10001,346.76,0.34,0.56,2025-01-08,902,N21,VIIRS,n,2.0NRT,286.88,347.07,N,2025-01-08 09:02:00,0.0020364802483755873,0.0016843334531081568,34.201674333453106,-118.10204648024838,34.201674333453106,-118.09797351975162,34.198305666546894,-118.09797351975162,34.198305666546894,-118.10204648024838,0.140625,642,0.2227,84.12470245361328,20,-2.259999990463257,0.4000000059604645,0.003719999920576811,28.0,281.70001220703125,289.70001220703125,4.699999809265137,78.0
34.20027,-118.10393,342.7,0.34,0.56,2025-01-08,902,N21,VIIRS,n,2.0NRT,285.53,347.07,N,2025-01-08 09:02:00,0.002036487011873552,0.0016843334531081568,34.20195433345311,-118.10596648701188,34.20195433345311,-118.10189351298813,34.1985856665469,-118.10189351298813,34.1985856665469,-118.10596648701188,0.140625,642,0.2227,84.12470245361328,20,-2.259999990463257,0.4000000059604645,0.003719999920576811,28.0,281.70001220703125,289.70001220703125,4.699999809265137,78.0
34.20054,-118.10763,334.33,0.34,0.56,2025-01-08,902,N21,VIIRS,n,2.0NRT,286.37,101.78,N,2025-01-08 09:02:00,0.0020364935339066276,0.0016843334531081568,34.2022243334531,-118.10966649353391,34.2022243334531,-118.10559350646609,34.19885566654689,-118.10559350646609,34.19885566654689,-118.10966649353391,0.140625,942,0.20220000000000002,8.786783218383789,20,-2.259999990463257,0.4000000059604645,0.003719999920576811,28.0,281.70001220703125,289.70001220703125,4.699999809265137,78.0
34.20081,-118.11143,323.85,0.34,0.56,2025-01-08,902,N21,VIIRS,n,2.0NRT,284.82,101.78,N,2025-01-08 09:02:00,0.002036500056026702,0.0016843334531081568,34.2024943334531,-118.11346650005602,34.2024943334531,-118.10939349994398,34.19912566654689,-118.10939349994398,34.19912566654689,-118.11346650005602,0.140625,942,0.20220000000000002,8.786783218383789,20,-2.259999990463257,0.4000000059604645,0.003719999920576811,28.0,281.70001220703125,289.70001220703125,4.699999809265137,78.0
34.20112,-118.11564,328.45,0.34,0.56,2025-01-08,902,N21,VIIRS,n,2.0NRT,284.66,67.71,N,2025-01-08 09:02:00,0.0020365075444940756,0.0016843334531081568,34.20280433345311,-118.11767650754449,34.20280433345311,-118.11360349245551,34.1994356665469,-118.11360349245551,34.1994356665469,-118.11767650754449,0.140625,795,0.1852,409.8103942871094,20,-2.259999990463257,0.4000000059604645,0.003719999920576811,28.0,281.70001220703125,289.70001220703125,4.699999809265137,78.0
34.20145,-118.12017,350.19,0.34,0.56,2025-01-08,902,N21,VIIRS,n,2.0NRT,294.12,67.71,N,2025-01-08 09:02:00,0.002036515516214403,0.0016843334531081568,34.20313433345311,-118.12220651551621,34.20313433345311,-118.11813348448379,34.199765666546895,-118.11813348448379,34.199765666546895,-118.12220651551621,0.140625,795,0.1852,409.8103942871094,20,-2.259999990463257,0.4000000059604645,0.003719999920576811,28.0,281.70001220703125,289.70001220703125,4.699999809265137,78.0
34.20174,-118.1242,350.6,0.34,0.56,2025-01-08,902,N21,VIIRS,n,2.0NRT,293.15,77.28,N,2025-01-08 09:02:00,0.0020365225217728908,0.0016843334531081568,34.20342433345311,-118.12623652252178,34.20342433345311,-118.12216347747822,34.200055666546895,-118.12216347747822,34.200055666546895,-118.12623652252178,0.140625,691,0.23440000000000003,784.9224853515625,50,-2.119999885559082,0.0,0.004019999876618385,27.0,284.8999938964844,291.79998779296875,4.400000095367432,77.0
34.20203,-118.12812,367.0,0.34,0.56,2025-01-08,902,N21,VIIRS,h,2.0NRT,286.84,77.28,N,2025-01-08 09:02:00,0.002036529527431749,0.0016843334531081568,34.20371433345311,-118.13015652952743,34.20371433345311,-118.12608347047257,34.200345666546895,-118.12608347047257,34.200345666546895,-118.13015652952743,0.140625,691,0.23440000000000003,784.9224853515625,50,-2.119999885559082,0.0,0.004019999876618385,27.0,284.8999938964844,291.79998779296875,4.400000095367432,77.0
34.20231,-118.13206,308.89,0.34,0.56,2025-01-08,902,N21,VIIRS,n,2.0NRT,281.97,9.43,N,2025-01-08 09:02:00,0.0020365362916114045,0.0016843334531081568,34.2039943334531,-118.13409653629161,34.2039943334531,-118.13002346370838,34.20062566654689,-118.13002346370838,34.20062566654689,-118.13409653629161,0.140625,691,0.23440000000000003,784.9224853515625,50,-2.119999885559082,0.0,0.004019999876618385,27.0,284.8999938964844,291.79998779296875,4.400000095367432,77.0
34.20376,-118.08083,353.24,0.34,0.56,2025-01-08,902,N21,VIIRS,n,2.0NRT,281.32,126.57,N,2025-01-08 09:02:00,0.002036571321895882,0.0016843334531081568,34.20544433345311,-118.0828665713219,34.20544433345311,-118.07879342867811,34.2020756665469,-118.07879342867811,34.2020756665469,-118.0828665713219,0.140625,896,0.21730000000000002,0.0,10,-2.259999990463257,0.4000000059604645,0.003719999920576811,28.0,281.70001220703125,289.70001220703125,4.699999809265137,78.0
34.20412,-118.0858,346.3,0.34,0.56,2025-01-08,902,N21,VIIRS,n,2.0NRT,283.27,126.57,N,2025-01-08 09:02:00,0.0020365800194588213,0.0016843334531081568,34.20580433345311,-118.08783658001947,34.20580433345311,-118.08376341998054,34.2024356665469,-118.08376341998054,34.2024356665469,-118.08783658001947,0.140625,896,0.21730000000000002,0.0,10,-2.259999990463257,0.4000000059604645,0.003719999920576811,28.0,281.70001220703125,289.70001220703125,4.699999809265137,78.0
34.20443,-118.09005,337.82,0.34,0.56,2025-01-08,902,N21,VIIRS,n,2.0NRT,291.95,148.36,N,2025-01-08 09:02:00,0.0020365875091508646,0.0016843334531081568,34.20611433345311,-118.09208658750916,34.20611433345311,-118.08801341249085,34.202745666546896,-118.08801341249085,34.202745666546896,-118.09208658750916,0.140625,998,0.21730000000000002,0.0,20,-2.259999990463257,0.4000000059604645,0.003719999920576811,28.0,281.70001220703125,289.70001220703125,4.699999809265137,78.0
34.20521,-118.10078,367.0,0.34,0.56,2025-01-08,902,N21,VIIRS,h,2.0NRT,359.6,347.07,N,2025-01-08 09:02:00,0.002036606354689869,0.0016843334531081568,34.20689433345311,-118.1028166063547,34.20689433345311,-118.09874339364531,34.203525666546895,-118.09874339364531,34.203525666546895,-118.1028166063547,0.140625,1082,0.2094,0.0,20,-2.259999990463257,0.4000000059604645,0.003719999920576811,28.0,281.70001220703125,289.70001220703125,4.699999809265137,78.0
34.20545,-118.10415,340.03,0.34,0.56,2025-01-08,902,N21,VIIRS,n,2.0NRT,312.56,101.78,N,2025-01-08 09:02:00,0.002036612153463358,0.0016843334531081568,34.207134333453105,-118.10618661215346,34.207134333453105,-118.10211338784654,34.20376566654689,-118.10211338784654,34.20376566654689,-118.10618661215346,0.140625,1082,0.2094,0.0,20,-2.259999990463257,0.4000000059604645,0.003719999920576811,28.0,281.70001220703125,289.70001220703125,4.699999809265137,78.0
34.20604,-118.11225,344.77,0.34,0.56,2025-01-08,902,N21,VIIRS,n,2.0NRT,326.54,67.71,N,2025-01-08 09:02:00,0.0020366264090737937,0.0016843334531081568,34.20772433345311,-118.11428662640908,34.20772433345311,-118.11021337359092,34.204355666546896,-118.11021337359092,34.204355666546896,-118.11428662640908,0.140625,942,0.20220000000000002,8.786783218383789,20,-2.259999990463257,0.4000000059604645,0.003719999920576811,28.0,281.70001220703125,289.70001220703125,4.699999809265137,78.0
34.20639,-118.11695,342.4,0.34,0.56,2025-01-08,902,N21,VIIRS,n,2.0NRT,308.98,67.71,N,2025-01-08 09:02:00,0.0020366348659882146,0.0016843334531081568,34.208074333453105,-118.11898663486599,34.208074333453105,-118.11491336513402,34.20470566654689,-118.11491336513402,34.20470566654689,-118.11898663486599,0.140625,795,0.1852,409.8103942871094,20,-2.259999990463257,0.4000000059604645,0.003719999920576811,28.0,281.70001220703125,289.70001220703125,4.699999809265137,78.0
34.20702,-118.12563,367.0,0.34,0.56,2025-01-08,902,N21,VIIRS,h,2.0NRT,301.12,77.28,N,2025-01-08 09:02:00,0.002036650088802679,0.0016843334531081568,34.208704333453106,-118.1276666500888,34.208704333453106,-118.1235933499112,34.205335666546894,-118.1235933499112,34.205335666546894,-118.1276666500888,0.140625,691,0.23440000000000003,784.9224853515625,50,-2.119999885559082,0.0,0.004019999876618385,27.0,284.8999938964844,291.79998779296875,4.400000095367432,77.0
34.20732,-118.12976,314.75,0.34,0.56,2025-01-08,902,N21,VIIRS,n,2.0NRT,282.73,9.43,N,2025-01-08 09:02:00,0.002036657337928478,0.0016843334531081568,34.20900433345311,-118.13179665733793,34.20900433345311,-118.12772334266208,34.2056356665469,-118.12772334266208,34.2056356665469,-118.13179665733793,0.140625,691,0.23440000000000003,784.9224853515625,50,-2.119999885559082,0.0,0.004019999876618385,27.0,284.8999938964844,291.79998779296875,4.400000095367432,77.0
34.20944,-118.08803,305.83,0.34,0.56,2025-01-08,902,N21,VIIRS,n,2.0NRT,280.03,3.0,N,2025-01-08 09:02:00,0.002036708568146515,0.0016843334531081568,34.21112433345311,-118.09006670856814,34.21112433345311,-118.08599329143186,34.207755666546895,-118.08599329143186,34.207755666546895,-118.09006670856814,0.140625,896,0.21730000000000002,0.0,10,-2.259999990463257,0.4000000059604645,0.003719999920576811,28.0,281.70001220703125,289.70001220703125,4.699999809265137,78.0
34.20968,-118.09129,318.13,0.34,0.56,2025-01-08,902,N21,VIIRS,n,2.0NRT,280.0,3.0,N,2025-01-08 09:02:00,0.0020367143681319453,0.0016843334531081568,34.211364333453105,-118.09332671436813,34.211364333453105,-118.08925328563187,34.20799566654689,-118.08925328563187,34.20799566654689,-118.09332671436813,0.140625,1148,0.3215,0.0,10,-2.680000066757202,0.699999988079071,0.0026000000070780516,28.0,276.8999938964844,281.70001220703125,5.300000190734863,62.0
34.2099,-118.09438,344.71,0.34,0.56,2025-01-08,902,N21,VIIRS,n,2.0NRT,281.22,7.2,N,2025-01-08 09:02:00,0.002036719684845668,0.0016843334531081568,34.211584333453104,-118.09641671968485,34.211584333453104,-118.09234328031515,34.20821566654689,-118.09234328031515,34.20821566654689,-118.09641671968485,0.140625,1148,0.3215,0.0,10,-2.680000066757202,0.699999988079071,0.0026000000070780516,28.0,276.8999938964844,281.70001220703125,5.300000190734863,62.0
34.21013,-118.09743,336.83,0.34,0.56,2025-01-08,902,N21,VIIRS,n,2.0NRT,280.25,7.2,N,2025-01-08 09:02:00,0.0020367252432899833,0.0016843334531081568,34.211814333453106,-118.09946672524329,34.211814333453106,-118.09539327475672,34.20844566654689,-118.09539327475672,34.20844566654689,-118.09946672524329,0.140625,1290,0.2265,0.0,10,-2.680000066757202,0.699999988079071,0.0026000000070780516,28.0,276.8999938964844,281.70001220703125,5.300000190734863,62.0
34.21037,-118.10068,352.87,0.34,0.56,2025-01-08,902,N21,VIIRS,n,2.0NRT,283.48,162.26,N,2025-01-08 09:02:00,0.0020367310434731287,0.0016843334531081568,34.2120543334531,-118.10271673104347,34.2120543334531,-118.09864326895652,34.20868566654689,-118.09864326895652,34.20868566654689,-118.10271673104347,0.140625,1290,0.2265,0.0,10,-2.680000066757202,0.699999988079071,0.0026000000070780516,28.0,276.8999938964844,281.70001220703125,5.300000190734863,62.0
34.21096,-118.10873,367.0,0.34,0.56,2025-01-08,902,N21,VIIRS,h,2.0NRT,298.77,63.75,N,2025-01-08 09:02:00,0.002036745302549038,0.0016843334531081568,34.212644333453106,-118.11076674530254,34.212644333453106,-118.10669325469745,34.209275666546894,-118.10669325469745,34.209275666546894,-118.11076674530254,0.140625,1246,0.22390000000000002,0.0,20,-2.680000066757202,0.699999988079071,0.0026000000070780516,28.0,276.8999938964844,281.70001220703125,5.300000190734863,62.0
34.2113,-118.11348,323.25,0.34,0.56,2025-01-08,902,N21,VIIRS,n,2.0NRT,281.04,63.75,N,2025-01-08 09:02:00,0.0020367535198324,0.0016843334531081568,34.21298433345311,-118.11551675351983,34.21298433345311,-118.11144324648016,34.209615666546895,-118.11144324648016,34.209615666546895,-118.11551675351983,0.140625,1246,0.22390000000000002,0.0,20,-2.680000066757202,0.699999988079071,0.0026000000070780516,28.0,276.8999938964844,281.70001220703125,5.300000190734863,62.0
34.21194,-118.12225,354.21,0.34,0.56,2025-01-08,902,N21,VIIRS,n,2.0NRT,317.43,194.84,N,2025-01-08 09:02:00,0.002036768988034349,0.0016843334531081568,34.213624333453104,-118.12428676898803,34.213624333453104,-118.12021323101196,34.21025566654689,-118.12021323101196,34.21025566654689,-118.12428676898803,0.140625,1086,0.23670000000000002,0.00017141526041086763,20,-2.680000066757202,0.699999988079071,0.0026000000070780516,28.0,276.8999938964844,281.70001220703125,5.300000190734863,62.0
34.21227,-118.12659,320.05,0.34,0.56,2025-01-08,902,N21,VIIRS,n,2.0NRT,281.57,41.69,N,2025-01-08 09:02:00,0.0020367769640170863,0.0016843334531081568,34.2139543334531,-118.12862677696401,34.2139543334531,-118.12455322303597,34.21058566654689,-118.12455322303597,34.21058566654689,-118.12862677696401,0.140625,953,0.1904,7.340096473693848,10,-2.440000057220459,0.5,0.0031500000040978193,27.0,278.6000061035156,283.8999938964844,4.900000095367432,79.0
34.21981,-118.08858,307.48,0.34,0.56,2025-01-08,902,N21,VIIRS,n,2.0NRT,278.15,1.38,N,2025-01-08 09:02:00,0.0020369592385698523,0.0016843334531081568,34.22149433345311,-118.09061695923856,34.22149433345311,-118.08654304076143,34.2181256665469,-118.08654304076143,34.2181256665469,-118.09061695923856,0.140625,1268,0.2832,0.0,10,-2.680000066757202,0.699999988079071,0.0026000000070780516,28.0,276.8999938964844,281.70001220703125,5.300000190734863,62.0
34.22003,-118.09161,314.09,0.34,0.56,2025-01-08,902,N21,VIIRS,n,2.0NRT,277.44,1.3,N,2025-01-08 09:02:00,0.0020369645579450114,0.0016843334531081568,34.22171433345311,-118.09364696455795,34.22171433345311,-118.08957303544206,34.218345666546895,-118.08957303544206,34.218345666546895,-118.09364696455795,0.140625,1268,0.2832,0.0,10,-2.680000066757202,0.699999988079071,0.0026000000070780516,28.0,276.8999938964844,281.70001220703125,5.300000190734863,62.0
34.16581,-118.08687,302.13,0.62,0.71,2025-01-08,1042,N21,VIIRS,n,2.0NRT,279.57,4.5,N,2025-01-08 10:42:00,0.0020356553209366227,0.0016843334531081568,34.16749433345311,-118.08890565532094,34.16749433345311,-118.08483434467907,34.164125666546894,-118.08483434467907,34.164125666546894,-118.08890565532094,0.140625,348,0.1764,557.3958740234375,10,-2.130000114440918,0.0,0.0039900001138448715,28.0,285.20001220703125,294.3999938964844,4.5,68.0
34.16674,-118.06599,304.55,0.62,0.72,2025-01-08,1042,N21,VIIRS,n,2.0NRT,280.63,7.92,N,2025-01-08 10:42:00,0.0020356777478688286,0.0016843334531081568,34.1684243334531,-118.06802567774787,34.1684243334531,-118.06395432225213,34.16505566654689,-118.06395432225213,34.16505566654689,-118.06802567774787,0.140625,396,0.3128,1163.223876953125,50,-2.059999942779541,0.0,0.0038799999747425318,28.0,284.5,294.1000061035156,4.699999809265137,71.0
34.16734,-118.06673,310.65,0.62,0.71,2025-01-08,1042,N21,VIIRS,n,2.0NRT,280.69,8.1,N,2025-01-08 10:42:00,0.0020356922174042304,0.0016843334531081568,34.16902433345311,-118.06876569221741,34.16902433345311,-118.0646943077826,34.1656556665469,-118.0646943077826,34.1656556665469,-118.06876569221741,0.140625,396,0.3128,1163.223876953125,50,-2.059999942779541,0.0,0.0038799999747425318,28.0,284.5,294.1000061035156,4.699999809265137,71.0
34.16765,-118.09322,318.55,0.62,0.71,2025-01-08,1042,N21,VIIRS,n,2.0NRT,276.97,5.02,N,2025-01-08 10:42:00,0.002035699693498915,0.0016843334531081568,34.16933433345311,-118.0952556996935,34.16933433345311,-118.09118430030651,34.165965666546896,-118.09118430030651,34.165965666546896,-118.0952556996935,0.140625,296,0.1764,2022.691650390625,50,-2.130000114440918,0.0,0.0039900001138448715,28.0,285.20001220703125,294.3999938964844,4.5,68.0
34.16868,-118.07269,319.31,0.62,0.71,2025-01-08,1042,N21,VIIRS,n,2.0NRT,281.4,7.92,N,2025-01-08 10:42:00,0.0020357245342486957,0.0016843334531081568,34.17036433345311,-118.07472572453425,34.17036433345311,-118.07065427546574,34.166995666546896,-118.07065427546574,34.166995666546896,-118.07472572453425,0.140625,367,0.3793,2171.94189453125,50,-2.059999942779541,0.0,0.0038799999747425318,28.0,284.5,294.1000061035156,4.699999809265137,71.0
34.16928,-118.05065,305.33,0.62,0.72,2025-01-08,1042,N21,VIIRS,n,2.0NRT,282.45,3.97,N,2025-01-08 10:42:00,0.002035739005171052,0.0016843334531081568,34.17096433345311,-118.05268573900517,34.17096433345311,-118.04861426099484,34.167595666546895,-118.04861426099484,34.167595666546895,-118.05268573900517,0.140625,401,0.41390000000000005,1799.551513671875,10,-2.059999942779541,0.0,0.0038799999747425318,28.0,284.5,294.1000061035156,4.699999809265137,71.0
34.1693,-118.07339,323.62,0.62,0.71,2025-01-08,1042,N21,VIIRS,n,2.0NRT,281.9,6.14,N,2025-01-08 10:42:00,0.0020357394875425185,0.0016843334531081568,34.170984333453106,-118.07542573948754,34.170984333453106,-118.07135426051246,34.167615666546894,-118.07135426051246,34.167615666546894,-118.07542573948754,0.140625,367,0.3793,2171.94189453125,50,-2.059999942779541,0.0,0.0038799999747425318,28.0,284.5,294.1000061035156,4.699999809265137,71.0
34.16954,-118.09978,309.44,0.62,0.71,2025-01-08,1042,N21,VIIRS,n,2.0NRT,276.92,5.02,N,2025-01-08 10:42:00,0.002035745276037295,0.0016843334531081568,34.171224333453104,-118.10181574527603,34.171224333453104,-118.09774425472396,34.16785566654689,-118.09774425472396,34.16785566654689,-118.10181574527603,0.140625,307,0.3598,3175.174072265625,50,-2.130000114440918,0.0,0.0039900001138448715,28.0,285.20001220703125,294.3999938964844,4.5,68.0
34.16986,-118.05161,308.48,0.62,0.72,2025-01-08,1042,N21,VIIRS,n,2.0NRT,282.61,4.37,N,2025-01-08 10:42:00,0.0020357529941371,0.0016843334531081568,34.171544333453106,-118.05364575299413,34.171544333453106,-118.04957424700586,34.168175666546894,-118.04957424700586,34.168175666546894,-118.05364575299413,0.140625,401,0.41390000000000005,1799.551513671875,10,-2.059999942779541,0.0,0.0038799999747425318,28.0,284.5,294.1000061035156,4.699999809265137,71.0
34.17054,-118.07912,298.16,0.62,0.71,2025-01-08,1042,N21,VIIRS,n,2.0NRT,281.27,2.75,N,2025-01-08 10:42:00,0.0020357693955043487,0.0016843334531081568,34.17222433345311,-118.08115576939551,34.17222433345311,-118.0770842306045,34.1688556665469,-118.0770842306045,34.1688556665469,-118.08115576939551,0.140625,367,0.3793,2171.94189453125,50,-2.059999942779541,0.0,0.0038799999747425318,28.0,284.5,294.1000061035156,4.699999809265137,71.0
34.1712,-118.0798,297.21,0.62,0.71,2025-01-08,1042,N21,VIIRS,n,2.0NRT,281.33,6.14,N,2025-01-08 10:42:00,0.0020357853150054063,0.0016843334531081568,34.172884333453105,-118.08183578531501,34.172884333453105,-118.077764214685,34.16951566654689,-118.077764214685,34.16951566654689,-118.08183578531501,0.140625,348,0.1764,557.3958740234375,10,-2.130000114440918,0.0,0.0039900001138448715,28.0,285.20001220703125,294.3999938964844,4.5,68.0
34.17147,-118.05822,311.72,0.62,0.72,2025-01-08,1042,N21,VIIRS,n,2.0NRT,282.67,3.97,N,2025-01-08 10:42:00,0.0020357918276781863,0.0016843334531081568,34.173154333453105,-118.06025579182769,34.173154333453105,-118.05618420817233,34.16978566654689,-118.05618420817233,34.16978566654689,-118.06025579182769,0.140625,393,0.38430000000000003,1294.61962890625,10,-2.059999942779541,0.0,0.0038799999747425318,28.0,284.5,294.1000061035156,4.699999809265137,71.0
34.17152,-118.10659,301.44,0.62,0.71,2025-01-08,1042,N21,VIIRS,n,2.0NRT,275.62,3.0,N,2025-01-08 10:42:00,0.002035793033738235,0.0016843334531081568,34.17320433345311,-118.10862579303374,34.17320433345311,-118.10455420696626,34.169835666546895,-118.10455420696626,34.169835666546895,-118.10862579303374,0.140625,326,0.2934,3734.134521484375,50,-2.130000114440918,0.0,0.0039900001138448715,28.0,285.20001220703125,294.3999938964844,4.5,68.0
34.1721,-118.05922,312.44,0.62,0.72,2025-01-08,1042,N21,VIIRS,n,2.0NRT,282.84,8.1,N,2025-01-08 10:42:00,0.002035807024252533,0.0016843334531081568,34.173784333453106,-118.06125580702425,34.173784333453106,-118.05718419297574,34.170415666546894,-118.05718419297574,34.170415666546894,-118.06125580702425,0.140625,393,0.38430000000000003,1294.61962890625,10,-2.059999942779541,0.0,0.0038799999747425318,28.0,284.5,294.1000061035156,4.699999809265137,71.0
34.17234,-118.08537,297.94,0.62,0.71,2025-01-08,1042,N21,VIIRS,n,2.0NRT,279.89,2.75,N,2025-01-08 10:42:00,0.002035812813548133,0.0016843334531081568,34.174024333453104,-118.08740581281354,34.174024333453104,-118.08333418718645,34.17065566654689,-118.08333418718645,34.17065566654689,-118.08740581281354,0.140625,348,0.1764,557.3958740234375,10,-2.130000114440918,0.0,0.0039900001138448715,28.0,285.20001220703125,294.3999938964844,4.5,68.0
34.17303,-118.08602,298.11,0.62,0.71,2025-01-08,1042,N21,VIIRS,n,2.0NRT,279.79,2.91,N,2025-01-08 10:42:00,0.0020358294581553716,0.0016843334531081568,34.1747143334531,-118.08805582945816,34.1747143334531,-118.08398417054185,34.17134566654689,-118.08398417054185,34.17134566654689,-118.08805582945816,0.140625,348,0.1764,557.3958740234375,10,-2.130000114440918,0.0,0.0039900001138448715,28.0,285.20001220703125,294.3999938964844,4.5,68.0
34.17347,-118.11334,300.74,0.62,0.71,2025-01-08,1042,N21,VIIRS,n,2.0NRT,275.52,3.0,N,2025-01-08 10:42:00,0.0020358400724041015,0.0016843334531081568,34.17515433345311,-118.1153758400724,34.17515433345311,-118.11130415992758,34.171785666546896,-118.11130415992758,34.171785666546896,-118.1153758400724,0.140625,326,0.2934,3734.134521484375,50,-2.130000114440918,0.0,0.0039900001138448715,28.0,285.20001220703125,294.3999938964844,4.5,68.0
34.17359,-118.06557,343.77,0.62,0.72,2025-01-08,1042,N21,VIIRS,n,2.0NRT,283.22,7.92,N,2025-01-08 10:42:00,0.002035842967239255,0.0016843334531081568,34.1752743334531,-118.06760584296724,34.1752743334531,-118.06353415703275,34.17190566654689,-118.06353415703275,34.17190566654689,-118.06760584296724,0.140625,672,0.21710000000000002,185.33192443847656,20,-2.5,0.5,0.0031300000846385956,28.0,280.20001220703125,287.20001220703125,5.0,81.0
34.1741,-118.09145,311.29,0.62,0.71,2025-01-08,1042,N21,VIIRS,n,2.0NRT,278.65,4.3,N,2025-01-08 10:42:00,0.002035855270480134,0.0016843334531081568,34.17578433345311,-118.09348585527047,34.17578433345311,-118.08941414472952,34.1724156665469,-118.08941414472952,34.1724156665469,-118.09348585527047,0.140625,370,0.3149,496.8793640136719,10,-2.259999990463257,0.4000000059604645,0.003719999920576811,28.0,281.70001220703125,289.70001220703125,4.699999809265137,78.0
34.17426,-118.06655,346.08,0.62,0.71,2025-01-08,1042,N21,VIIRS,n,2.0NRT,283.4,8.1,N,2025-01-08 10:42:00,0.0020358591303842946,0.0016843334531081568,34.1759443334531,-118.0685858591304,34.1759443334531,-118.06451414086962,34.17257566654689,-118.06451414086962,34.17257566654689,-118.0685858591304,0.140625,672,0.21710000000000002,185.33192443847656,20,-2.5,0.5,0.0031300000846385956,28.0,280.20001220703125,287.20001220703125,5.0,81.0
34.17427,-118.04377,320.05,0.62,0.72,2025-01-08,1042,N21,VIIRS,n,2.0NRT,283.61,5.02,N,2025-01-08 10:42:00,0.0020358593716293177,0.0016843334531081568,34.175954333453106,-118.04580585937163,34.175954333453106,-118.04173414062836,34.172585666546894,-118.04173414062836,34.172585666546894,-118.04580585937163,0.140625,717,0.19970000000000002,168.7879180908203,20,-2.5,0.5,0.0031300000846385956,28.0,280.20001220703125,287.20001220703125,5.0,81.0
34.17481,-118.09204,312.04,0.62,0.71,2025-01-08,1042,N21,VIIRS,n,2.0NRT,278.47,2.91,N,2025-01-08 10:42:00,0.0020358723990375658,0.0016843334531081568,34.17649433345311,-118.09407587239903,34.17649433345311,-118.09000412760096,34.173125666546895,-118.09000412760096,34.173125666546895,-118.09407587239903,0.140625,370,0.3149,496.8793640136719,10,-2.259999990463257,0.4000000059604645,0.003719999920576811,28.0,281.70001220703125,289.70001220703125,4.699999809265137,78.0
34.17488,-118.04491,319.69,0.62,0.72,2025-01-08,1042,N21,VIIRS,n,2.0NRT,283.95,14.16,N,2025-01-08 10:42:00,0.0020358740878011193,0.0016843334531081568,34.17656433345311,-118.0469458740878,34.17656433345311,-118.0428741259122,34.173195666546896,-118.0428741259122,34.173195666546896,-118.0469458740878,0.140625,717,0.19970000000000002,168.7879180908203,20,-2.5,0.5,0.0031300000846385956,28.0,280.20001220703125,287.20001220703125,5.0,81.0
34.17537,-118.11995,296.94,0.62,0.71,2025-01-08,1042,N21,VIIRS,n,2.0NRT,277.27,3.53,N,2025-01-08 10:42:00,0.00203588590930953,0.0016843334531081568,34.17705433345311,-118.12198588590931,34.17705433345311,-118.1179141140907,34.173685666546895,-118.1179141140907,34.173685666546895,-118.12198588590931,0.140625,375,0.3653,2247.60791015625,10,-2.259999990463257,0.4000000059604645,0.003719999920576811,28.0,281.70001220703125,289.70001220703125,4.699999809265137,78.0
34.17558,-118.07246,346.74,0.62,0.71,2025-01-08,1042,N21,VIIRS,n,2.0NRT,284.42,7.92,N,2025-01-08 10:42:00,0.0020358909757578862,0.0016843334531081568,34.1772643334531,-118.07449589097577,34.1772643334531,-118.07042410902424,34.17389566654689,-118.07042410902424,34.17389566654689,-118.07449589097577,0.140625,560,0.21710000000000002,187.4214630126953,10,-2.5,0.5,0.0031300000846385956,28.0,280.20001220703125,287.20001220703125,5.0,81.0
34.17588,-118.09762,322.11,0.62,0.71,2025-01-08,1042,N21,VIIRS,n,2.0NRT,280.33,4.3,N,2025-01-08 10:42:00,0.002035898213632439,0.0016843334531081568,34.177564333453105,-118.09965589821364,34.177564333453105,-118.09558410178637,34.17419566654689,-118.09558410178637,34.17419566654689,-118.09965589821364,0.140625,344,0.3452,2090.6533203125,10,-2.259999990463257,0.4000000059604645,0.003719999920576811,28.0,281.70001220703125,289.70001220703125,4.699999809265137,78.0
34.17623,-118.0732,340.08,0.62,0.71,2025-01-08,1042,N21,VIIRS,n,2.0NRT,283.03,6.14,N,2025-01-08 10:42:00,0.0020359066579550052,0.0016843334531081568,34.1779143334531,-118.07523590665795,34.1779143334531,-118.07116409334205,34.17454566654689,-118.07116409334205,34.17454566654689,-118.07523590665795,0.140625,560,0.21710000000000002,187.4214630126953,10,-2.5,0.5,0.0031300000846385956,28.0,280.20001220703125,287.20001220703125,5.0,81.0
34.17664,-118.09824,321.06,0.62,0.71,2025-01-08,1042,N21,VIIRS,n,2.0NRT,279.99,8.86,N,2025-01-08 10:42:00,0.0020359165500614417,0.0016843334531081568,34.178324333453105,-118.10027591655006,34.178324333453105,-118.09620408344995,34.17495566654689,-118.09620408344995,34.17495566654689,-118.10027591655006,0.140625,344,0.3452,2090.6533203125,10,-2.259999990463257,0.4000000059604645,0.003719999920576811,28.0,281.70001220703125,289.70001220703125,4.699999809265137,78.0
34.17683,-118.0527,309.47,0.62,0.72,2025-01-08,1042,N21,VIIRS,n,2.0NRT,283.13,49.44,N,2025-01-08 10:42:00,0.0020359211342762724,0.0016843334531081568,34.17851433345311,-118.05473592113428,34.17851433345311,-118.05066407886572,34.1751456665469,-118.05066407886572,34.1751456665469,-118.05473592113428,0.140625,723,0.1867,179.7666473388672,20,-2.5,0.5,0.0031300000846385956,28.0,280.20001220703125,287.20001220703125,5.0,81.0
34.17729,-118.07841,298.86,0.62,0.71,2025-01-08,1042,N21,VIIRS,n,2.0NRT,280.63,2.75,N,2025-01-08 10:42:00,0.0020359322330798643,0.0016843334531081568,34.178974333453105,-118.08044593223309,34.178974333453105,-118.07637406776692,34.17560566654689,-118.07637406776692,34.17560566654689,-118.08044593223309,0.140625,560,0.21710000000000002,187.4214630126953,10,-2.5,0.5,0.0031300000846385956,28.0,280.20001220703125,287.20001220703125,5.0,81.0
34.17754,-118.05397,306.64,0.62,0.72,2025-01-08,1042,N21,VIIRS,n,2.0NRT,282.71,14.16,N,2025-01-08 10:42:00,0.002035938265144134,0.0016843334531081568,34.17922433345311,-118.05600593826514,34.17922433345311,-118.05193406173487,34.175855666546894,-118.05193406173487,34.175855666546894,-118.05600593826514,0.140625,723,0.1867,179.7666473388672,20,-2.5,0.5,0.0031300000846385956,28.0,280.20001220703125,287.20001220703125,5.0,81.0
34.17783,-118.10436,314.07,0.62,0.71,2025-01-08,1042,N21,VIIRS,n,2.0NRT,279.5,17.59,N,2025-01-08 10:42:00,0.002035945262432027,0.0016843334531081568,34.179514333453106,-118.10639594526243,34.179514333453106,-118.10232405473757,34.176145666546894,-118.10232405473757,34.176145666546894,-118.10639594526243,0.140625,344,0.3452,2090.6533203125,10,-2.259999990463257,0.4000000059604645,0.003719999920576811,28.0,281.70001220703125,289.70001220703125,4.699999809265137,78.0
34.17797,-118.07911,297.82,0.62,0.71,2025-01-08,1042,N21,VIIRS,n,2.0NRT,280.61,6.14,N,2025-01-08 10:42:00,0.002035948640468961,0.0016843334531081568,34.17965433345311,-118.08114594864047,34.17965433345311,-118.07707405135953,34.176285666546896,-118.07707405135953,34.176285666546896,-118.08114594864047,0.140625,560,0.21710000000000002,187.4214630126953,10,-2.5,0.5,0.0031300000846385956,28.0,280.20001220703125,287.20001220703125,5.0,81.0
34.17863,-118.10501,317.48,0.62,0.71,2025-01-08,1042,N21,VIIRS,n,2.0NRT,279.66,8.86,N,2025-01-08 10:42:00,0.0020359645658149413,0.0016843334531081568,34.180314333453104,-118.10704596456581,34.180314333453104,-118.10297403543417,34.17694566654689,-118.10297403543417,34.17694566654689,-118.10704596456581,0.140625,344,0.3452,2090.6533203125,10,-2.259999990463257,0.4000000059604645,0.003719999920576811,28.0,281.70001220703125,289.70001220703125,4.699999809265137,78.0
34.17904,-118.06034,299.63,0.62,0.72,2025-01-08,1042,N21,VIIRS,n,2.0NRT,281.11,49.44,N,2025-01-08 10:42:00,0.002035974459094395,0.0016843334531081568,34.18072433345311,-118.06237597445909,34.18072433345311,-118.0583040255409,34.177355666546894,-118.0583040255409,34.177355666546894,-118.06237597445909,0.140625,723,0.1867,179.7666473388672,20,-2.5,0.5,0.0031300000846385956,28.0,280.20001220703125,287.20001220703125,5.0,81.0
34.17905,-118.08449,299.57,0.62,0.71,2025-01-08,1042,N21,VIIRS,n,2.0NRT,280.6,2.75,N,2025-01-08 10:42:00,0.0020359747003963974,0.0016843334531081568,34.1807343334531,-118.0865259747004,34.1807343334531,-118.08245402529961,34.17736566654689,-118.08245402529961,34.17736566654689,-118.0865259747004,0.140625,458,0.38380000000000003,448.7046813964844,10,-2.259999990463257,0.4000000059604645,0.003719999920576811,28.0,281.70001220703125,289.70001220703125,4.699999809265137,78.0
34.17973,-118.0614,300.21,0.62,0.72,2025-01-08,1042,N21,VIIRS,n,2.0NRT,280.82,66.74,N,2025-01-08 10:42:00,0.0020359911092122486,0.0016843334531081568,34.181414333453105,-118.06343599110922,34.181414333453105,-118.0593640088908,34.17804566654689,-118.0593640088908,34.17804566654689,-118.06343599110922,0.140625,672,0.21710000000000002,185.33192443847656,20,-2.5,0.5,0.0031300000846385956,28.0,280.20001220703125,287.20001220703125,5.0,81.0
34.17978,-118.08524,300.75,0.62,0.71,2025-01-08,1042,N21,VIIRS,n,2.0NRT,280.19,2.91,N,2025-01-08 10:42:00,0.0020359923157645837,0.0016843334531081568,34.18146433345311,-118.08727599231577,34.18146433345311,-118.08320400768423,34.178095666546895,-118.08320400768423,34.178095666546895,-118.08727599231577,0.140625,458,0.38380000000000003,448.7046813964844,10,-2.259999990463257,0.4000000059604645,0.003719999920576811,28.0,281.70001220703125,289.70001220703125,4.699999809265137,78.0
34.17978,-118.03873,305.48,0.62,0.72,2025-01-08,1042,N21,VIIRS,n,2.0NRT,281.05,5.02,N,2025-01-08 10:42:00,0.0020359923157645837,0.0016843334531081568,34.18146433345311,-118.04076599231577,34.18146433345311,-118.03669400768423,34.178095666546895,-118.03669400768423,34.178095666546895,-118.04076599231577,0.140625,685,0.22820000000000001,158.197265625,20,-2.5,0.5,0.0031300000846385956,28.0,280.20001220703125,287.20001220703125,5.0,81.0
34.1798,-118.11121,324.95,0.62,0.71,2025-01-08,1042,N21,VIIRS,n,2.0NRT,281.64,17.59,N,2025-01-08 10:42:00,0.002035992798386352,0.0016843334531081568,34.181484333453106,-118.11324599279838,34.181484333453106,-118.10917400720162,34.178115666546894,-118.10917400720162,34.178115666546894,-118.11324599279838,0.140625,365,0.3859,3033.17919921875,50,-2.259999990463257,0.4000000059604645,0.003719999920576811,28.0,281.70001220703125,289.70001220703125,4.699999809265137,78.0
34.18037,-118.03988,308.74,0.62,0.72,2025-01-08,1042,N21,VIIRS,n,2.0NRT,281.11,7.53,N,2025-01-08 10:42:00,0.0020360065533072277,0.0016843334531081568,34.18205433345311,-118.04191600655331,34.18205433345311,-118.03784399344669,34.1786856665469,-118.03784399344669,34.1786856665469,-118.04191600655331,0.140625,685,0.22820000000000001,158.197265625,20,-2.5,0.5,0.0031300000846385956,28.0,280.20001220703125,287.20001220703125,5.0,81.0
34.18065,-118.11182,333.27,0.62,0.71,2025-01-08,1042,N21,VIIRS,n,2.0NRT,282.33,28.31,N,2025-01-08 10:42:00,0.0020360133102523413,0.0016843334531081568,34.182334333453106,-118.11385601331024,34.182334333453106,-118.10978398668975,34.178965666546894,-118.10978398668975,34.178965666546894,-118.11385601331024,0.140625,365,0.3859,3033.17919921875,50,-2.259999990463257,0.4000000059604645,0.003719999920576811,28.0,281.70001220703125,289.70001220703125,4.699999809265137,78.0
34.18079,-118.09052,304.36,0.62,0.71,2025-01-08,1042,N21,VIIRS,n,2.0NRT,277.97,4.3,N,2025-01-08 10:42:00,0.002036016688759951,0.0016843334531081568,34.18247433345311,-118.09255601668876,34.18247433345311,-118.08848398331124,34.179105666546896,-118.08848398331124,34.179105666546896,-118.09255601668876,0.140625,370,0.3149,496.8793640136719,10,-2.259999990463257,0.4000000059604645,0.003719999920576811,28.0,281.70001220703125,289.70001220703125,4.699999809265137,78.0
34.18156,-118.09128,304.26,0.62,0.71,2025-01-08,1042,N21,VIIRS,n,2.0NRT,277.94,2.91,N,2025-01-08 10:42:00,0.0020360352709695184,0.0016843334531081568,34.1832443334531,-118.09331603527097,34.1832443334531,-118.08924396472902,34.17987566654689,-118.08924396472902,34.17987566654689,-118.09331603527097,0.140625,370,0.3149,496.8793640136719,10,-2.259999990463257,0.4000000059604645,0.003719999920576811,28.0,281.70001220703125,289.70001220703125,4.699999809265137,78.0
34.18174,-118.11792,328.58,0.62,0.71,2025-01-08,1042,N21,VIIRS,n,2.0NRT,282.86,28.2,N,2025-01-08 10:42:00,0.002036039614964606,0.0016843334531081568,34.183424333453104,-118.11995603961496,34.183424333453104,-118.11588396038503,34.18005566654689,-118.11588396038503,34.18005566654689,-118.11995603961496,0.140625,375,0.3653,2247.60791015625,10,-2.259999990463257,0.4000000059604645,0.003719999920576811,28.0,281.70001220703125,289.70001220703125,4.699999809265137,78.0
34.18176,-118.06829,296.35,0.62,0.71,2025-01-08,1042,N21,VIIRS,n,2.0NRT,280.36,66.74,N,2025-01-08 10:42:00,0.0020360400976331115,0.0016843334531081568,34.1834443334531,-118.07032604009764,34.1834443334531,-118.06625395990237,34.18007566654689,-118.06625395990237,34.18007566654689,-118.07032604009764,0.140625,672,0.21710000000000002,185.33192443847656,20,-2.5,0.5,0.0031300000846385956,28.0,280.20001220703125,287.20001220703125,5.0,81.0
34.18187,-118.04598,329.55,0.62,0.72,2025-01-08,1042,N21,VIIRS,n,2.0NRT,287.12,5.02,N,2025-01-08 10:42:00,0.0020360427523184173,0.0016843334531081568,34.18355433345311,-118.04801604275232,34.18355433345311,-118.04394395724768,34.1801856665469,-118.04394395724768,34.1801856665469,-118.04801604275232,0.140625,717,0.19970000000000002,168.7879180908203,20,-2.5,0.5,0.0031300000846385956,28.0,280.20001220703125,287.20001220703125,5.0,81.0
34.18249,-118.09641,315.67,0.62,0.71,2025-01-08,1042,N21,VIIRS,n,2.0NRT,279.07,4.3,N,2025-01-08 10:42:00,0.0020360577153599657,0.0016843334531081568,34.18417433345311,-118.09844605771536,34.18417433345311,-118.09437394228465,34.180805666546895,-118.09437394228465,34.180805666546895,-118.09844605771536,0.140625,370,0.3149,496.8793640136719,10,-2.259999990463257,0.4000000059604645,0.003719999920576811,28.0,281.70001220703125,289.70001220703125,4.699999809265137,78.0
34.18259,-118.04743,329.82,0.62,0.72,2025-01-08,1042,N21,VIIRS,n,2.0NRT,287.43,14.16,N,2025-01-08 10:42:00,0.0020360601287966883,0.0016843334531081568,34.184274333453104,-118.04946606012881,34.184274333453104,-118.0453939398712,34.18090566654689,-118.0453939398712,34.18090566654689,-118.04946606012881,0.140625,877,0.2612,0.0,10,-2.5,0.5,0.0031300000846385956,28.0,280.20001220703125,287.20001220703125,5.0,81.0
34.18262,-118.11853,334.55,0.62,0.71,2025-01-08,1042,N21,VIIRS,n,2.0NRT,283.4,28.31,N,2025-01-08 10:42:00,0.0020360608528300307,0.0016843334531081568,34.184304333453106,-118.12056606085284,34.184304333453106,-118.11649393914718,34.180935666546894,-118.11649393914718,34.180935666546894,-118.12056606085284,0.140625,433,0.2674,1497.5074462890625,10,-2.259999990463257,0.4000000059604645,0.003719999920576811,28.0,281.70001220703125,289.70001220703125,4.699999809265137,78.0
34.1833,-118.09718,317.23,0.62,0.71,2025-01-08,1042,N21,VIIRS,n,2.0NRT,279.32,8.86,N,2025-01-08 10:42:00,0.0020360772645402927,0.0016843334531081568,34.18498433345311,-118.09921607726453,34.18498433345311,-118.09514392273546,34.1816156665469,-118.09514392273546,34.1816156665469,-118.09921607726453,0.140625,649,0.1948,104.3675537109375,20,-2.259999990463257,0.4000000059604645,0.003719999920576811,28.0,281.70001220703125,289.70001220703125,4.699999809265137,78.0
34.18359,-118.07453,297.33,0.62,0.71,2025-01-08,1042,N21,VIIRS,n,2.0NRT,280.3,12.87,N,2025-01-08 10:42:00,0.0020360842638197344,0.0016843334531081568,34.18527433345311,-118.07656608426382,34.18527433345311,-118.07249391573617,34.181905666546896,-118.07249391573617,34.181905666546896,-118.07656608426382,0.140625,833,0.197,0.0,20,-2.5,0.5,0.0031300000846385956,28.0,280.20001220703125,287.20001220703125,5.0,81.0
34.18364,-118.12451,322.71,0.62,0.71,2025-01-08,1042,N21,VIIRS,n,2.0NRT,281.89,28.2,N,2025-01-08 10:42:00,0.0020360854706021874,0.0016843334531081568,34.1853243334531,-118.12654608547061,34.1853243334531,-118.1224739145294,34.18195566654689,-118.1224739145294,34.18195566654689,-118.12654608547061,0.140625,433,0.23220000000000002,2245.83544921875,50,-2.119999885559082,0.0,0.004019999876618385,27.0,284.8999938964844,291.79998779296875,4.400000095367432,77.0
34.18428,-118.10263,340.01,0.62,0.71,2025-01-08,1042,N21,VIIRS,n,2.0NRT,280.48,17.59,N,2025-01-08 10:42:00,0.002036100917680879,0.0016843334531081568,34.18596433345311,-118.10466610091768,34.18596433345311,-118.10059389908233,34.182595666546895,-118.10059389908233,34.182595666546895,-118.10466610091768,0.140625,445,0.2959,743.086181640625,10,-2.259999990463257,0.4000000059604645,0.003719999920576811,28.0,281.70001220703125,289.70001220703125,4.699999809265137,78.0
34.18456,-118.12509,327.33,0.62,0.71,2025-01-08,1042,N21,VIIRS,n,2.0NRT,282.28,17.87,N,2025-01-08 10:42:00,0.002036107675931396,0.0016843334531081568,34.186244333453104,-118.12712610767593,34.186244333453104,-118.12305389232407,34.18287566654689,-118.12305389232407,34.18287566654689,-118.12712610767593,0.140625,433,0.23220000000000002,2245.83544921875,50,-2.119999885559082,0.0,0.004019999876618385,27.0,284.8999938964844,291.79998779296875,4.400000095367432,77.0
34.18498,-118.05685,326.7,0.62,0.72,2025-01-08,1042,N21,VIIRS,n,2.0NRT,284.25,49.44,N,2025-01-08 10:42:00,0.0020361178134824676,0.0016843334531081568,34.18666433345311,-118.05888611781349,34.18666433345311,-118.05481388218651,34.1832956665469,-118.05481388218651,34.1832956665469,-118.05888611781349,0.140625,1021,0.2612,0.0,20,-2.5,0.5,0.0031300000846385956,28.0,280.20001220703125,287.20001220703125,5.0,81.0
34.1851,-118.10329,343.39,0.62,0.71,2025-01-08,1042,N21,VIIRS,n,2.0NRT,281.28,8.86,N,2025-01-08 10:42:00,0.002036120709964268,0.0016843334531081568,34.186784333453105,-118.10532612070996,34.186784333453105,-118.10125387929004,34.18341566654689,-118.10125387929004,34.18341566654689,-118.10532612070996,0.140625,445,0.2959,743.086181640625,10,-2.259999990463257,0.4000000059604645,0.003719999920576811,28.0,281.70001220703125,289.70001220703125,4.699999809265137,78.0
34.1855,-118.13095,300.07,0.62,0.71,2025-01-08,1042,N21,VIIRS,n,2.0NRT,281.12,10.19,N,2025-01-08 10:42:00,0.002036130365027625,0.0016843334531081568,34.187184333453104,-118.13298613036503,34.187184333453104,-118.12891386963497,34.18381566654689,-118.12891386963497,34.18381566654689,-118.13298613036503,0.140625,433,0.23220000000000002,2245.83544921875,50,-2.119999885559082,0.0,0.004019999876618385,27.0,284.8999938964844,291.79998779296875,4.400000095367432,77.0
34.18568,-118.05796,330.28,0.62,0.72,2025-01-08,1042,N21,VIIRS,n,2.0NRT,283.58,14.16,N,2025-01-08 10:42:00,0.002036134709868386,0.0016843334531081568,34.187364333453104,-118.05999613470986,34.187364333453104,-118.05592386529013,34.18399566654689,-118.05592386529013,34.18399566654689,-118.05999613470986,0.140625,1021,0.2612,0.0,20,-2.5,0.5,0.0031300000846385956,28.0,280.20001220703125,287.20001220703125,5.0,81.0
34.18619,-118.10925,353.44,0.62,0.71,2025-01-08,1042,N21,VIIRS,n,2.0NRT,285.18,17.59,N,2025-01-08 10:42:00,0.002036147020460373,0.0016843334531081568,34.18787433345311,-118.11128614702046,34.18787433345311,-118.10721385297954,34.1845056665469,-118.10721385297954,34.1845056665469,-118.11128614702046,0.140625,438,0.3766,1472.514404296875,10,-2.259999990463257,0.4000000059604645,0.003719999920576811,28.0,281.70001220703125,289.70001220703125,4.699999809265137,78.0
34.18632,-118.08561,296.62,0.62,0.71,2025-01-08,1042,N21,VIIRS,n,2.0NRT,279.05,5.09,N,2025-01-08 10:42:00,0.0020361501585040194,0.0016843334531081568,34.18800433345311,-118.0876461501585,34.18800433345311,-118.0835738498415,34.184635666546896,-118.0835738498415,34.184635666546896,-118.0876461501585,0.140625,803,0.21330000000000002,62.31376266479492,20,-2.259999990463257,0.4000000059604645,0.003719999920576811,28.0,281.70001220703125,289.70001220703125,4.699999809265137,78.0
34.18645,-118.13151,298.61,0.62,0.71,2025-01-08,1042,N21,VIIRS,n,2.0NRT,281.33,17.87,N,2025-01-08 10:42:00,0.0020361532965678213,0.0016843334531081568,34.18813433345311,-118.13354615329658,34.18813433345311,-118.12947384670343,34.184765666546895,-118.12947384670343,34.184765666546895,-118.13354615329658,0.140625,433,0.23220000000000002,2245.83544921875,50,-2.119999885559082,0.0,0.004019999876618385,27.0,284.8999938964844,291.79998779296875,4.400000095367432,77.0
34.18708,-118.11001,350.85,0.62,0.71,2025-01-08,1042,N21,VIIRS,n,2.0NRT,286.11,28.31,N,2025-01-08 10:42:00,0.0020361685043932915,0.0016843334531081568,34.18876433345311,-118.11204616850439,34.18876433345311,-118.10797383149561,34.185395666546896,-118.10797383149561,34.185395666546896,-118.11204616850439,0.140625,438,0.3766,1472.514404296875,10,-2.259999990463257,0.4000000059604645,0.003719999920576811,28.0,281.70001220703125,289.70001220703125,4.699999809265137,78.0
34.18711,-118.08649,297.47,0.62,0.71,2025-01-08,1042,N21,VIIRS,n,2.0NRT,278.96,4.16,N,2025-01-08 10:42:00,0.0020361692285872637,0.0016843334531081568,34.1887943334531,-118.08852616922859,34.1887943334531,-118.08445383077141,34.18542566654689,-118.08445383077141,34.18542566654689,-118.08852616922859,0.140625,803,0.21330000000000002,62.31376266479492,20,-2.259999990463257,0.4000000059604645,0.003719999920576811,28.0,281.70001220703125,289.70001220703125,4.699999809265137,78.0
34.18793,-118.09117,303.84,0.62,0.71,2025-01-08,1042,N21,VIIRS,n,2.0NRT,276.47,3.65,N,2025-01-08 10:42:00,0.0020361890236381412,0.0016843334531081568,34.18961433345311,-118.09320618902365,34.18961433345311,-118.08913381097636,34.186245666546895,-118.08913381097636,34.186245666546895,-118.09320618902365,0.140625,649,0.1948,104.3675537109375,20,-2.259999990463257,0.4000000059604645,0.003719999920576811,28.0,281.70001220703125,289.70001220703125,4.699999809265137,78.0
34.18818,-118.11617,367.0,0.62,0.71,2025-01-08,1042,N21,VIIRS,h,2.0NRT,291.28,28.2,N,2025-01-08 10:42:00,0.0020361950588741475,0.0016843334531081568,34.18986433345311,-118.11820619505887,34.18986433345311,-118.11413380494112,34.1864956665469,-118.11413380494112,34.1864956665469,-118.11820619505887,0.140625,433,0.2674,1497.5074462890625,10,-2.259999990463257,0.4000000059604645,0.003719999920576811,28.0,281.70001220703125,289.70001220703125,4.699999809265137,78.0
34.18864,-118.06959,367.0,0.62,0.72,2025-01-08,1042,N21,VIIRS,h,2.0NRT,286.41,61.39,N,2025-01-08 10:42:00,0.002036206163903167,0.0016843334531081568,34.190324333453106,-118.07162620616391,34.190324333453106,-118.0675537938361,34.18695566654689,-118.0675537938361,34.18695566654689,-118.07162620616391,0.140625,963,0.1996,0.0,10,-2.5,0.5,0.0031300000846385956,28.0,280.20001220703125,287.20001220703125,5.0,81.0
34.18874,-118.09202,304.41,0.62,0.71,2025-01-08,1042,N21,VIIRS,n,2.0NRT,276.2,4.16,N,2025-01-08 10:42:00,0.0020362085780733065,0.0016843334531081568,34.19042433345311,-118.09405620857808,34.19042433345311,-118.08998379142193,34.1870556665469,-118.08998379142193,34.1870556665469,-118.09405620857808,0.140625,649,0.1948,104.3675537109375,20,-2.259999990463257,0.4000000059604645,0.003719999920576811,28.0,281.70001220703125,289.70001220703125,4.699999809265137,78.0
34.18911,-118.11691,367.0,0.62,0.71,2025-01-08,1042,N21,VIIRS,h,2.0NRT,291.47,28.31,N,2025-01-08 10:42:00,0.00203621751060653,0.0016843334531081568,34.190794333453105,-118.11894621751061,34.190794333453105,-118.1148737824894,34.18742566654689,-118.1148737824894,34.18742566654689,-118.11894621751061,0.140625,433,0.2674,1497.5074462890625,10,-2.259999990463257,0.4000000059604645,0.003719999920576811,28.0,281.70001220703125,289.70001220703125,4.699999809265137,78.0
34.18936,-118.07046,367.0,0.62,0.71,2025-01-08,1042,N21,VIIRS,h,2.0NRT,285.5,66.74,N,2025-01-08 10:42:00,0.0020362235461943885,0.0016843334531081568,34.19104433345311,-118.0724962235462,34.19104433345311,-118.0684237764538,34.187675666546895,-118.0684237764538,34.187675666546895,-118.0724962235462,0.140625,833,0.197,0.0,20,-2.5,0.5,0.0031300000846385956,28.0,280.20001220703125,287.20001220703125,5.0,81.0
34.18946,-118.04819,310.48,0.62,0.72,2025-01-08,1042,N21,VIIRS,n,2.0NRT,280.77,6.62,N,2025-01-08 10:42:00,0.002036225960450405,0.0016843334531081568,34.1911443334531,-118.05022622596046,34.1911443334531,-118.04615377403955,34.18777566654689,-118.04615377403955,34.18777566654689,-118.05022622596046,0.140625,877,0.2612,0.0,10,-2.5,0.5,0.0031300000846385956,28.0,280.20001220703125,287.20001220703125,5.0,81.0
34.18951,-118.09667,311.24,0.62,0.71,2025-01-08,1042,N21,VIIRS,n,2.0NRT,279.2,3.65,N,2025-01-08 10:42:00,0.0020362271675828866,0.0016843334531081568,34.191194333453105,-118.09870622716758,34.191194333453105,-118.09463377283242,34.18782566654689,-118.09463377283242,34.18782566654689,-118.09870622716758,0.140625,649,0.1948,104.3675537109375,20,-2.259999990463257,0.4000000059604645,0.003719999920576811,28.0,281.70001220703125,289.70001220703125,4.699999809265137,78.0
34.1901,-118.12281,367.0,0.62,0.71,2025-01-08,1042,N21,VIIRS,h,2.0NRT,293.34,28.2,N,2025-01-08 10:42:00,0.0020362414119713622,0.0016843334531081568,34.19178433345311,-118.12484624141197,34.19178433345311,-118.12077375858803,34.188415666546895,-118.12077375858803,34.188415666546895,-118.12484624141197,0.140625,433,0.2674,1497.5074462890625,10,-2.259999990463257,0.4000000059604645,0.003719999920576811,28.0,281.70001220703125,289.70001220703125,4.699999809265137,78.0
34.19024,-118.0497,310.28,0.62,0.72,2025-01-08,1042,N21,VIIRS,n,2.0NRT,280.89,25.69,N,2025-01-08 10:42:00,0.002036244792056698,0.0016843334531081568,34.19192433345311,-118.05173624479205,34.19192433345311,-118.04766375520795,34.1885556665469,-118.04766375520795,34.1885556665469,-118.05173624479205,0.140625,877,0.2612,0.0,10,-2.5,0.5,0.0031300000846385956,28.0,280.20001220703125,287.20001220703125,5.0,81.0
34.19036,-118.09748,311.34,0.62,0.71,2025-01-08,1042,N21,VIIRS,n,2.0NRT,279.2,7.32,N,2025-01-08 10:42:00,0.0020362476892913078,0.0016843334531081568,34.192044333453104,-118.0995162476893,34.192044333453104,-118.09544375231071,34.18867566654689,-118.09544375231071,34.18867566654689,-118.0995162476893,0.140625,445,0.2959,743.086181640625,10,-2.259999990463257,0.4000000059604645,0.003719999920576811,28.0,281.70001220703125,289.70001220703125,4.699999809265137,78.0
34.1904,-118.07569,336.81,0.62,0.71,2025-01-08,1042,N21,VIIRS,n,2.0NRT,281.45,61.39,N,2025-01-08 10:42:00,0.0020362486550399945,0.0016843334531081568,34.1920843334531,-118.07772624865504,34.1920843334531,-118.07365375134495,34.18871566654689,-118.07365375134495,34.18871566654689,-118.07772624865504,0.140625,833,0.197,0.0,20,-2.5,0.5,0.0031300000846385956,28.0,280.20001220703125,287.20001220703125,5.0,81.0
34.19105,-118.12349,367.0,0.62,0.71,2025-01-08,1042,N21,VIIRS,h,2.0NRT,294.92,17.87,N,2025-01-08 10:42:00,0.0020362643487236514,0.0016843334531081568,34.1927343334531,-118.12552626434872,34.1927343334531,-118.12145373565129,34.18936566654689,-118.12145373565129,34.18936566654689,-118.12552626434872,0.140625,433,0.2674,1497.5074462890625,10,-2.259999990463257,0.4000000059604645,0.003719999920576811,28.0,281.70001220703125,289.70001220703125,4.699999809265137,78.0
34.1911,-118.1022,338.1,0.62,0.71,2025-01-08,1042,N21,VIIRS,n,2.0NRT,281.39,15.25,N,2025-01-08 10:42:00,0.0020362655559509613,0.0016843334531081568,34.192784333453105,-118.10423626555595,34.192784333453105,-118.10016373444404,34.18941566654689,-118.10016373444404,34.18941566654689,-118.10423626555595,0.140625,445,0.2959,743.086181640625,10,-2.259999990463257,0.4000000059604645,0.003719999920576811,28.0,281.70001220703125,289.70001220703125,4.699999809265137,78.0
34.19122,-118.07676,348.11,0.62,0.71,2025-01-08,1042,N21,VIIRS,n,2.0NRT,283.16,12.87,N,2025-01-08 10:42:00,0.002036268453308672,0.0016843334531081568,34.19290433345311,-118.0787962684533,34.19290433345311,-118.07472373154668,34.189535666546895,-118.07472373154668,34.189535666546895,-118.0787962684533,0.140625,833,0.197,0.0,20,-2.5,0.5,0.0031300000846385956,28.0,280.20001220703125,287.20001220703125,5.0,81.0
34.19197,-118.10294,337.15,0.62,0.71,2025-01-08,1042,N21,VIIRS,n,2.0NRT,281.5,7.32,N,2025-01-08 10:42:00,0.0020362865621835428,0.0016843334531081568,34.193654333453104,-118.10497628656219,34.193654333453104,-118.10090371343782,34.19028566654689,-118.10090371343782,34.19028566654689,-118.10497628656219,0.140625,642,0.2227,84.12470245361328,20,-2.259999990463257,0.4000000059604645,0.003719999920576811,28.0,281.70001220703125,289.70001220703125,4.699999809265137,78.0
34.19199,-118.1294,314.09,0.62,0.71,2025-01-08,1042,N21,VIIRS,n,2.0NRT,282.41,10.19,N,2025-01-08 10:42:00,0.002036287045096058,0.0016843334531081568,34.1936743334531,-118.1314362870451,34.1936743334531,-118.1273637129549,34.19030566654689,-118.1273637129549,34.19030566654689,-118.1314362870451,0.140625,519,0.27940000000000004,2304.54345703125,10,-2.119999885559082,0.0,0.004019999876618385,27.0,284.8999938964844,291.79998779296875,4.400000095367432,77.0
34.19218,-118.0577,367.0,0.62,0.72,2025-01-08,1042,N21,VIIRS,h,2.0NRT,284.23,62.0,N,2025-01-08 10:42:00,0.0020362916327887506,0.0016843334531081568,34.19386433345311,-118.05973629163279,34.19386433345311,-118.0556637083672,34.190495666546894,-118.0556637083672,34.190495666546894,-118.05973629163279,0.140625,1089,0.4838,0.0,10,-2.5,0.5,0.0031300000846385956,28.0,280.20001220703125,287.20001220703125,5.0,81.0
34.19224,-118.08207,325.24,0.62,0.71,2025-01-08,1042,N21,VIIRS,n,2.0NRT,281.05,5.09,N,2025-01-08 10:42:00,0.002036293081542758,0.0016843334531081568,34.193924333453104,-118.08410629308155,34.193924333453104,-118.08003370691846,34.19055566654689,-118.08003370691846,34.19055566654689,-118.08410629308155,0.140625,929,0.21960000000000002,0.0,10,-2.259999990463257,0.4000000059604645,0.003719999920576811,28.0,281.70001220703125,289.70001220703125,4.699999809265137,78.0
34.19295,-118.1086,367.0,0.62,0.71,2025-01-08,1042,N21,VIIRS,h,2.0NRT,285.73,15.25,N,2025-01-08 10:42:00,0.00203631022545794,0.0016843334531081568,34.19463433345311,-118.11063631022546,34.19463433345311,-118.10656368977453,34.1912656665469,-118.10656368977453,34.1912656665469,-118.11063631022546,0.140625,695,0.2338,373.50323486328125,20,-2.259999990463257,0.4000000059604645,0.003719999920576811,28.0,281.70001220703125,289.70001220703125,4.699999809265137,78.0
34.19296,-118.05898,354.72,0.62,0.72,2025-01-08,1042,N21,VIIRS,n,2.0NRT,285.6,25.69,N,2025-01-08 10:42:00,0.0020363104669258282,0.0016843334531081568,34.194644333453105,-118.06101631046693,34.194644333453105,-118.05694368953309,34.19127566654689,-118.05694368953309,34.19127566654689,-118.06101631046693,0.140625,1089,0.4838,0.0,10,-2.5,0.5,0.0031300000846385956,28.0,280.20001220703125,287.20001220703125,5.0,81.0
34.19298,-118.13005,312.64,0.62,0.71,2025-01-08,1042,N21,VIIRS,n,2.0NRT,282.42,17.87,N,2025-01-08 10:42:00,0.0020363109498619638,0.0016843334531081568,34.194664333453105,-118.13208631094986,34.194664333453105,-118.12801368905014,34.19129566654689,-118.12801368905014,34.19129566654689,-118.13208631094986,0.140625,519,0.27940000000000004,2304.54345703125,10,-2.119999885559082,0.0,0.004019999876618385,27.0,284.8999938964844,291.79998779296875,4.400000095367432,77.0
34.19305,-118.083,339.28,0.62,0.71,2025-01-08,1042,N21,VIIRS,n,2.0NRT,281.81,12.87,N,2025-01-08 10:42:00,0.002036312640142195,0.0016843334531081568,34.194734333453106,-118.08503631264014,34.194734333453106,-118.08096368735985,34.19136566654689,-118.08096368735985,34.19136566654689,-118.08503631264014,0.140625,929,0.21960000000000002,0.0,10,-2.259999990463257,0.4000000059604645,0.003719999920576811,28.0,281.70001220703125,289.70001220703125,4.699999809265137,78.0
34.19382,-118.08755,314.63,0.62,0.71,2025-01-08,1042,N21,VIIRS,n,2.0NRT,279.39,5.09,N,2025-01-08 10:42:00,0.0020363312336105547,0.0016843334531081568,34.19550433345311,-118.0895863312336,34.19550433345311,-118.08551366876638,34.192135666546896,-118.08551366876638,34.192135666546896,-118.0895863312336,0.140625,929,0.21960000000000002,0.0,10,-2.259999990463257,0.4000000059604645,0.003719999920576811,28.0,281.70001220703125,289.70001220703125,4.699999809265137,78.0
34.19392,-118.10958,367.0,0.62,0.71,2025-01-08,1042,N21,VIIRS,h,2.0NRT,285.46,30.49,N,2025-01-08 10:42:00,0.0020363336483986004,0.0016843334531081568,34.195604333453105,-118.1116163336484,34.195604333453105,-118.10754366635159,34.19223566654689,-118.10754366635159,34.19223566654689,-118.1116163336484,0.140625,695,0.2338,373.50323486328125,20,-2.259999990463257,0.4000000059604645,0.003719999920576811,28.0,281.70001220703125,289.70001220703125,4.699999809265137,78.0
34.1943,-118.06509,325.76,0.62,0.72,2025-01-08,1042,N21,VIIRS,n,2.0NRT,297.4,62.0,N,2025-01-08 10:42:00,0.0020363428247019795,0.0016843334531081568,34.195984333453104,-118.0671263428247,34.195984333453104,-118.0630536571753,34.19261566654689,-118.0630536571753,34.19261566654689,-118.0671263428247,0.140625,1198,0.2454,0.0,10,-2.5,0.5,0.0031300000846385956,28.0,280.20001220703125,287.20001220703125,5.0,81.0
34.19464,-118.08841,317.82,0.62,0.71,2025-01-08,1042,N21,VIIRS,n,2.0NRT,279.77,4.16,N,2025-01-08 10:42:00,0.002036351035224716,0.0016843334531081568,34.196324333453106,-118.09044635103523,34.196324333453106,-118.08637364896477,34.192955666546894,-118.08637364896477,34.192955666546894,-118.09044635103523,0.140625,738,0.2159,0.0,10,-2.259999990463257,0.4000000059604645,0.003719999920576811,28.0,281.70001220703125,289.70001220703125,4.699999809265137,78.0
34.19483,-118.13631,295.86,0.61,0.71,2025-01-08,1042,N21,VIIRS,n,2.0NRT,282.98,3.78,N,2025-01-08 10:42:00,0.0020363556235180806,0.0016843334531081568,34.19651433345311,-118.13834635562351,34.19651433345311,-118.13427364437648,34.1931456665469,-118.13427364437648,34.1931456665469,-118.13834635562351,0.140625,480,0.1887,2485.000244140625,10,-2.119999885559082,0.0,0.004019999876618385,27.0,284.8999938964844,291.79998779296875,4.400000095367432,77.0
34.19494,-118.11554,350.54,0.62,0.71,2025-01-08,1042,N21,VIIRS,n,2.0NRT,290.09,62.18,N,2025-01-08 10:42:00,0.002036358279918135,0.0016843334531081568,34.19662433345311,-118.11757635827992,34.19662433345311,-118.11350364172007,34.1932556665469,-118.11350364172007,34.1932556665469,-118.11757635827992,0.140625,549,0.2338,879.9257202148438,10,-2.259999990463257,0.4000000059604645,0.003719999920576811,28.0,281.70001220703125,289.70001220703125,4.699999809265137,78.0
34.19499,-118.0659,317.06,0.62,0.72,2025-01-08,1042,N21,VIIRS,n,2.0NRT,299.02,210.21,N,2025-01-08 10:42:00,0.0020363594873774775,0.0016843334531081568,34.1966743334531,-118.06793635948738,34.1966743334531,-118.06386364051262,34.19330566654689,-118.06386364051262,34.19330566654689,-118.06793635948738,0.140625,1198,0.2454,0.0,10,-2.5,0.5,0.0031300000846385956,28.0,280.20001220703125,287.20001220703125,5.0,81.0
34.19534,-118.09283,316.01,0.62,0.71,2025-01-08,1042,N21,VIIRS,n,2.0NRT,277.71,3.65,N,2025-01-08 10:42:00,0.0020363679396763913,0.0016843334531081568,34.19702433345311,-118.09486636793969,34.19702433345311,-118.09079363206033,34.193655666546896,-118.09079363206033,34.193655666546896,-118.09486636793969,0.140625,738,0.2159,0.0,10,-2.259999990463257,0.4000000059604645,0.003719999920576811,28.0,281.70001220703125,289.70001220703125,4.699999809265137,78.0
34.1959,-118.11636,350.47,0.62,0.71,2025-01-08,1042,N21,VIIRS,n,2.0NRT,288.91,30.49,N,2025-01-08 10:42:00,0.002036381463658657,0.0016843334531081568,34.19758433345311,-118.11839638146365,34.19758433345311,-118.11432361853635,34.194215666546896,-118.11432361853635,34.194215666546896,-118.11839638146365,0.140625,549,0.2338,879.9257202148438,10,-2.259999990463257,0.4000000059604645,0.003719999920576811,28.0,281.70001220703125,289.70001220703125,4.699999809265137,78.0
34.19614,-118.09348,317.43,0.62,0.71,2025-01-08,1042,N21,VIIRS,n,2.0NRT,277.65,4.16,N,2025-01-08 10:42:00,0.0020363872597655972,0.0016843334531081568,34.197824333453106,-118.09551638725976,34.197824333453106,-118.09144361274024,34.194455666546894,-118.09144361274024,34.194455666546894,-118.09551638725976,0.140625,738,0.2159,0.0,10,-2.259999990463257,0.4000000059604645,0.003719999920576811,28.0,281.70001220703125,289.70001220703125,4.699999809265137,78.0
34.19674,-118.12177,353.24,0.62,0.71,2025-01-08,1042,N21,VIIRS,n,2.0NRT,297.23,62.18,N,2025-01-08 10:42:00,0.002036401750333622,0.0016843334531081568,34.198424333453104,-118.12380640175033,34.198424333453104,-118.11973359824967,34.19505566654689,-118.11973359824967,34.19505566654689,-118.12380640175033,0.140625,549,0.2338,879.9257202148438,10,-2.259999990463257,0.4000000059604645,0.003719999920576811,28.0,281.70001220703125,289.70001220703125,4.699999809265137,78.0
34.19676,-118.09774,309.89,0.62,0.71,2025-01-08,1042,N21,VIIRS,n,2.0NRT,280.6,3.65,N,2025-01-08 10:42:00,0.0020364022333599534,0.0016843334531081568,34.198444333453104,-118.09977640223336,34.198444333453104,-118.09570359776664,34.19507566654689,-118.09570359776664,34.19507566654689,-118.09977640223336,0.140625,642,0.2227,84.12470245361328,20,-2.259999990463257,0.4000000059604645,0.003719999920576811,28.0,281.70001220703125,289.70001220703125,4.699999809265137,78.0
34.19761,-118.09846,310.14,0.62,0.71,2025-01-08,1042,N21,VIIRS,n,2.0NRT,280.53,7.32,N,2025-01-08 10:42:00,0.002036422762420242,0.0016843334531081568,34.1992943334531,-118.10049642276242,34.1992943334531,-118.09642357723759,34.19592566654689,-118.09642357723759,34.19592566654689,-118.10049642276242,0.140625,642,0.2227,84.12470245361328,20,-2.259999990463257,0.4000000059604645,0.003719999920576811,28.0,281.70001220703125,289.70001220703125,4.699999809265137,78.0
34.19773,-118.12256,353.84,0.62,0.71,2025-01-08,1042,N21,VIIRS,n,2.0NRT,295.19,99.34,N,2025-01-08 10:42:00,0.0020364256607099634,0.0016843334531081568,34.199414333453106,-118.1245964256607,34.199414333453106,-118.12052357433929,34.196045666546894,-118.12052357433929,34.196045666546894,-118.1245964256607,0.140625,549,0.2338,879.9257202148438,10,-2.259999990463257,0.4000000059604645,0.003719999920576811,28.0,281.70001220703125,289.70001220703125,4.699999809265137,78.0
34.19835,-118.10325,305.22,0.62,0.71,2025-01-08,1042,N21,VIIRS,n,2.0NRT,281.0,15.25,N,2025-01-08 10:42:00,0.0020364406354805875,0.0016843334531081568,34.200034333453104,-118.10528644063548,34.200034333453104,-118.10121355936452,34.19666566654689,-118.10121355936452,34.19666566654689,-118.10528644063548,0.140625,642,0.2227,84.12470245361328,20,-2.259999990463257,0.4000000059604645,0.003719999920576811,28.0,281.70001220703125,289.70001220703125,4.699999809265137,78.0
34.1986,-118.12826,367.0,0.62,0.71,2025-01-08,1042,N21,VIIRS,h,2.0NRT,286.15,74.65,N,2025-01-08 10:42:00,0.002036446673824317,0.0016843334531081568,34.200284333453105,-118.13029644667382,34.200284333453105,-118.12622355332617,34.19691566654689,-118.12622355332617,34.19691566654689,-118.13029644667382,0.140625,519,0.27940000000000004,2304.54345703125,10,-2.119999885559082,0.0,0.004019999876618385,27.0,284.8999938964844,291.79998779296875,4.400000095367432,77.0
34.19925,-118.08229,367.0,0.62,0.71,2025-01-08,1042,N21,VIIRS,h,2.0NRT,291.36,70.86,N,2025-01-08 10:42:00,0.002036462373867052,0.0016843334531081568,34.200934333453105,-118.08432646237387,34.200934333453105,-118.08025353762613,34.19756566654689,-118.08025353762613,34.19756566654689,-118.08432646237387,0.140625,929,0.21960000000000002,0.0,10,-2.259999990463257,0.4000000059604645,0.003719999920576811,28.0,281.70001220703125,289.70001220703125,4.699999809265137,78.0
34.19934,-118.10436,307.71,0.62,0.71,2025-01-08,1042,N21,VIIRS,n,2.0NRT,280.92,7.32,N,2025-01-08 10:42:00,0.002036464547758861,0.0016843334531081568,34.201024333453105,-118.10639646454776,34.201024333453105,-118.10232353545224,34.19765566654689,-118.10232353545224,34.19765566654689,-118.10639646454776,0.140625,642,0.2227,84.12470245361328,20,-2.259999990463257,0.4000000059604645,0.003719999920576811,28.0,281.70001220703125,289.70001220703125,4.699999809265137,78.0
34.19962,-118.12895,367.0,0.62,0.71,2025-01-08,1042,N21,VIIRS,h,2.0NRT,287.13,99.34,N,2025-01-08 10:42:00,0.002036471311039635,0.0016843334531081568,34.20130433345311,-118.13098647131105,34.20130433345311,-118.12691352868896,34.1979356665469,-118.12691352868896,34.1979356665469,-118.13098647131105,0.140625,519,0.27940000000000004,2304.54345703125,10,-2.119999885559082,0.0,0.004019999876618385,27.0,284.8999938964844,291.79998779296875,4.400000095367432,77.0
34.19995,-118.08277,367.0,0.62,0.71,2025-01-08,1042,N21,VIIRS,h,2.0NRT,287.86,218.41,N,2025-01-08 10:42:00,0.0020364792821692297,0.0016843334531081568,34.20163433345311,-118.08480647928216,34.20163433345311,-118.08073352071783,34.198265666546895,-118.08073352071783,34.198265666546895,-118.08480647928216,0.140625,929,0.21960000000000002,0.0,10,-2.259999990463257,0.4000000059604645,0.003719999920576811,28.0,281.70001220703125,289.70001220703125,4.699999809265137,78.0
34.20036,-118.13436,340.97,0.62,0.71,2025-01-08,1042,N21,VIIRS,n,2.0NRT,284.46,74.65,N,2025-01-08 10:42:00,0.002036489185874911,0.0016843334531081568,34.20204433345311,-118.13639648918587,34.20204433345311,-118.13232351081413,34.1986756665469,-118.13232351081413,34.1986756665469,-118.13639648918587,0.140625,480,0.1887,2485.000244140625,10,-2.119999885559082,0.0,0.004019999876618385,27.0,284.8999938964844,291.79998779296875,4.400000095367432,77.0
34.20042,-118.11046,312.48,0.62,0.71,2025-01-08,1042,N21,VIIRS,n,2.0NRT,282.02,15.25,N,2025-01-08 10:42:00,0.0020364906352145205,0.0016843334531081568,34.20210433345311,-118.11249649063522,34.20210433345311,-118.10842350936478,34.198735666546895,-118.10842350936478,34.198735666546895,-118.11249649063522,0.140625,695,0.2338,373.50323486328125,20,-2.259999990463257,0.4000000059604645,0.003719999920576811,28.0,281.70001220703125,289.70001220703125,4.699999809265137,78.0
34.20057,-118.08688,346.02,0.62,0.71,2025-01-08,1042,N21,VIIRS,n,2.0NRT,282.3,70.86,N,2025-01-08 10:42:00,0.00203649425858234,0.0016843334531081568,34.202254333453105,-118.08891649425857,34.202254333453105,-118.08484350574142,34.19888566654689,-118.08484350574142,34.19888566654689,-118.08891649425857,0.140625,896,0.21730000000000002,0.0,10,-2.259999990463257,0.4000000059604645,0.003719999920576811,28.0,281.70001220703125,289.70001220703125,4.699999809265137,78.0
34.20131,-118.08737,348.9,0.62,0.71,2025-01-08,1042,N21,VIIRS,n,2.0NRT,281.65,33.83,N,2025-01-08 10:42:00,0.0020365121342565727,0.0016843334531081568,34.202994333453105,-118.08940651213426,34.202994333453105,-118.08533348786575,34.19962566654689,-118.08533348786575,34.19962566654689,-118.08940651213426,0.140625,896,0.21730000000000002,0.0,10,-2.259999990463257,0.4000000059604645,0.003719999920576811,28.0,281.70001220703125,289.70001220703125,4.699999809265137,78.0
34.20139,-118.13498,347.27,0.61,0.71,2025-01-08,1042,N21,VIIRS,n,2.0NRT,285.1,43.47,N,2025-01-08 10:42:00,0.00203651406680104,0.0016843334531081568,34.20307433345311,-118.1370165140668,34.20307433345311,-118.1329434859332,34.1997056665469,-118.1329434859332,34.1997056665469,-118.1370165140668,0.140625,571,0.2068,1373.78564453125,10,-2.119999885559082,0.0,0.004019999876618385,27.0,284.8999938964844,291.79998779296875,4.400000095367432,77.0
34.20147,-118.1116,335.79,0.62,0.71,2025-01-08,1042,N21,VIIRS,n,2.0NRT,284.59,30.49,N,2025-01-08 10:42:00,0.002036515999353145,0.0016843334531081568,34.20315433345311,-118.11363651599935,34.20315433345311,-118.10956348400065,34.199785666546894,-118.10956348400065,34.199785666546894,-118.11363651599935,0.140625,942,0.20220000000000002,8.786783218383789,20,-2.259999990463257,0.4000000059604645,0.003719999920576811,28.0,281.70001220703125,289.70001220703125,4.699999809265137,78.0
34.20147,-118.06584,303.54,0.62,0.72,2025-01-08,1042,N21,VIIRS,n,2.0NRT,277.23,62.0,N,2025-01-08 10:42:00,0.002036515999353145,0.0016843334531081568,34.20315433345311,-118.06787651599934,34.20315433345311,-118.06380348400064,34.199785666546894,-118.06380348400064,34.199785666546894,-118.06787651599934,0.140625,1355,0.32030000000000003,0.0,10,-2.5,0.5,0.0031300000846385956,28.0,280.20001220703125,287.20001220703125,5.0,81.0
34.20198,-118.09174,367.0,0.62,0.71,2025-01-08,1042,N21,VIIRS,h,2.0NRT,283.34,82.32,N,2025-01-08 10:42:00,0.0020365283195523717,0.0016843334531081568,34.203664333453105,-118.09377652831955,34.203664333453105,-118.08970347168045,34.20029566654689,-118.08970347168045,34.20029566654689,-118.09377652831955,0.140625,998,0.21730000000000002,0.0,20,-2.259999990463257,0.4000000059604645,0.003719999920576811,28.0,281.70001220703125,289.70001220703125,4.699999809265137,78.0
34.20214,-118.11646,324.57,0.62,0.71,2025-01-08,1042,N21,VIIRS,n,2.0NRT,283.46,62.18,N,2025-01-08 10:42:00,0.002036532184776883,0.0016843334531081568,34.203824333453106,-118.11849653218478,34.203824333453106,-118.11442346781523,34.200455666546894,-118.11442346781523,34.200455666546894,-118.11849653218478,0.140625,795,0.1852,409.8103942871094,20,-2.259999990463257,0.4000000059604645,0.003719999920576811,28.0,281.70001220703125,289.70001220703125,4.699999809265137,78.0
34.20221,-118.06672,298.35,0.62,0.72,2025-01-08,1042,N21,VIIRS,n,2.0NRT,277.09,210.21,N,2025-01-08 10:42:00,0.0020365338758222148,0.0016843334531081568,34.20389433345311,-118.06875653387583,34.20389433345311,-118.06468346612418,34.200525666546895,-118.06468346612418,34.200525666546895,-118.06875653387583,0.140625,1355,0.32030000000000003,0.0,10,-2.5,0.5,0.0031300000846385956,28.0,280.20001220703125,287.20001220703125,5.0,81.0
34.20282,-118.0925,367.0,0.62,0.71,2025-01-08,1042,N21,VIIRS,h,2.0NRT,283.25,33.83,N,2025-01-08 10:42:00,0.0020365486123219228,0.0016843334531081568,34.20450433345311,-118.09453654861233,34.20450433345311,-118.09046345138768,34.2011356665469,-118.09046345138768,34.2011356665469,-118.09453654861233,0.140625,998,0.21730000000000002,0.0,20,-2.259999990463257,0.4000000059604645,0.003719999920576811,28.0,281.70001220703125,289.70001220703125,4.699999809265137,78.0
34.20303,-118.07127,344.13,0.62,0.72,2025-01-08,1042,N21,VIIRS,n,2.0NRT,279.98,463.16,N,2025-01-08 10:42:00,0.0020365536856458955,0.0016843334531081568,34.204714333453104,-118.07330655368564,34.204714333453104,-118.06923344631436,34.20134566654689,-118.06923344631436,34.20134566654689,-118.07330655368564,0.140625,1042,0.3785,0.0,10,-2.5,0.5,0.0031300000846385956,28.0,280.20001220703125,287.20001220703125,5.0,81.0
34.20314,-118.11729,333.33,0.62,0.71,2025-01-08,1042,N21,VIIRS,n,2.0NRT,284.27,30.49,N,2025-01-08 10:42:00,0.0020365563431223163,0.0016843334531081568,34.204824333453104,-118.11932655634313,34.204824333453104,-118.11525344365687,34.20145566654689,-118.11525344365687,34.20145566654689,-118.11932655634313,0.140625,795,0.1852,409.8103942871094,20,-2.259999990463257,0.4000000059604645,0.003719999920576811,28.0,281.70001220703125,289.70001220703125,4.699999809265137,78.0
34.2037,-118.12186,347.63,0.62,0.71,2025-01-08,1042,N21,VIIRS,n,2.0NRT,288.79,62.18,N,2025-01-08 10:42:00,0.0020365698723170977,0.0016843334531081568,34.205384333453104,-118.12389656987231,34.205384333453104,-118.11982343012768,34.20201566654689,-118.11982343012768,34.20201566654689,-118.12389656987231,0.140625,795,0.1852,409.8103942871094,20,-2.259999990463257,0.4000000059604645,0.003719999920576811,28.0,281.70001220703125,289.70001220703125,4.699999809265137,78.0
34.20376,-118.07201,316.31,0.62,0.71,2025-01-08,1042,N21,VIIRS,n,2.0NRT,278.53,210.21,N,2025-01-08 10:42:00,0.002036571321895882,0.0016843334531081568,34.20544433345311,-118.0740465713219,34.20544433345311,-118.06997342867811,34.2020756665469,-118.06997342867811,34.2020756665469,-118.0740465713219,0.140625,1042,0.3785,0.0,10,-2.5,0.5,0.0031300000846385956,28.0,280.20001220703125,287.20001220703125,5.0,81.0
34.2038,-118.09808,350.88,0.62,0.71,2025-01-08,1042,N21,VIIRS,n,2.0NRT,281.92,82.32,N,2025-01-08 10:42:00,0.002036572288284125,0.0016843334531081568,34.20548433345311,-118.10011657228829,34.20548433345311,-118.0960434277117,34.202115666546895,-118.0960434277117,34.202115666546895,-118.10011657228829,0.140625,1082,0.2094,0.0,20,-2.259999990463257,0.4000000059604645,0.003719999920576811,28.0,281.70001220703125,289.70001220703125,4.699999809265137,78.0
34.20442,-118.07612,327.59,0.62,0.71,2025-01-08,1042,N21,VIIRS,n,2.0NRT,279.93,463.16,N,2025-01-08 10:42:00,0.0020365872675461045,0.0016843334531081568,34.206104333453105,-118.07815658726754,34.206104333453105,-118.07408341273246,34.20273566654689,-118.07408341273246,34.20273566654689,-118.07815658726754,0.140625,1042,0.3785,0.0,10,-2.5,0.5,0.0031300000846385956,28.0,280.20001220703125,287.20001220703125,5.0,81.0
34.20475,-118.12278,341.66,0.62,0.71,2025-01-08,1042,N21,VIIRS,n,2.0NRT,290.68,99.34,N,2025-01-08 10:42:00,0.0020365952405661933,0.0016843334531081568,34.2064343334531,-118.12481659524057,34.2064343334531,-118.12074340475944,34.20306566654689,-118.12074340475944,34.20306566654689,-118.12481659524057,0.140625,795,0.1852,409.8103942871094,20,-2.259999990463257,0.4000000059604645,0.003719999920576811,28.0,281.70001220703125,289.70001220703125,4.699999809265137,78.0
34.20499,-118.0999,350.08,0.62,0.71,2025-01-08,1042,N21,VIIRS,n,2.0NRT,284.7,85.69,N,2025-01-08 10:42:00,0.002036601039207903,0.0016843334531081568,34.20667433345311,-118.10193660103921,34.20667433345311,-118.0978633989608,34.203305666546896,-118.0978633989608,34.203305666546896,-118.10193660103921,0.140625,1082,0.2094,0.0,20,-2.259999990463257,0.4000000059604645,0.003719999920576811,28.0,281.70001220703125,289.70001220703125,4.699999809265137,78.0
34.20511,-118.07659,308.88,0.62,0.71,2025-01-08,1042,N21,VIIRS,n,2.0NRT,278.88,218.41,N,2025-01-08 10:42:00,0.00203660393855454,0.0016843334531081568,34.206794333453104,-118.07862660393855,34.206794333453104,-118.07455339606145,34.20342566654689,-118.07455339606145,34.20342566654689,-118.07862660393855,0.140625,1042,0.3785,0.0,10,-2.5,0.5,0.0031300000846385956,28.0,280.20001220703125,287.20001220703125,5.0,81.0
34.20547,-118.12803,337.55,0.62,0.71,2025-01-08,1042,N21,VIIRS,n,2.0NRT,299.86,74.65,N,2025-01-08 10:42:00,0.002036612636697586,0.0016843334531081568,34.207154333453104,-118.1300666126367,34.207154333453104,-118.1259933873633,34.20378566654689,-118.1259933873633,34.20378566654689,-118.1300666126367,0.140625,691,0.23440000000000003,784.9224853515625,50,-2.119999885559082,0.0,0.004019999876618385,27.0,284.8999938964844,291.79998779296875,4.400000095367432,77.0
34.20572,-118.08058,302.94,0.62,0.71,2025-01-08,1042,N21,VIIRS,n,2.0NRT,279.39,70.86,N,2025-01-08 10:42:00,0.0020366186771657185,0.0016843334531081568,34.207404333453105,-118.08261661867716,34.207404333453105,-118.07854338132283,34.20403566654689,-118.07854338132283,34.20403566654689,-118.08261661867716,0.140625,896,0.21730000000000002,0.0,10,-2.259999990463257,0.4000000059604645,0.003719999920576811,28.0,281.70001220703125,289.70001220703125,4.699999809265137,78.0
34.20625,-118.10665,349.09,0.62,0.71,2025-01-08,1042,N21,VIIRS,n,2.0NRT,300.57,73.09,N,2025-01-08 10:42:00,0.0020366314832048985,0.0016843334531081568,34.2079343334531,-118.10868663148321,34.2079343334531,-118.1046133685168,34.20456566654689,-118.1046133685168,34.20456566654689,-118.10868663148321,0.140625,942,0.20220000000000002,8.786783218383789,20,-2.259999990463257,0.4000000059604645,0.003719999920576811,28.0,281.70001220703125,289.70001220703125,4.699999809265137,78.0
34.20644,-118.0811,300.83,0.62,0.71,2025-01-08,1042,N21,VIIRS,n,2.0NRT,279.3,218.41,N,2025-01-08 10:42:00,0.0020366360741307836,0.0016843334531081568,34.20812433345311,-118.08313663607414,34.20812433345311,-118.07906336392587,34.204755666546895,-118.07906336392587,34.204755666546895,-118.08313663607414,0.140625,896,0.21730000000000002,0.0,10,-2.259999990463257,0.4000000059604645,0.003719999920576811,28.0,281.70001220703125,289.70001220703125,4.699999809265137,78.0
34.20658,-118.12902,334.0,0.62,0.71,2025-01-08,1042,N21,VIIRS,n,2.0NRT,306.23,99.34,N,2025-01-08 10:42:00,0.002036639456945853,0.0016843334531081568,34.20826433345311,-118.13105663945694,34.20826433345311,-118.12698336054305,34.204895666546896,-118.12698336054305,34.204895666546896,-118.13105663945694,0.140625,691,0.23440000000000003,784.9224853515625,50,-2.119999885559082,0.0,0.004019999876618385,27.0,284.8999938964844,291.79998779296875,4.400000095367432,77.0
34.20717,-118.08562,345.79,0.62,0.71,2025-01-08,1042,N21,VIIRS,n,2.0NRT,282.08,70.86,N,2025-01-08 10:42:00,0.002036653713352148,0.0016843334531081568,34.208854333453104,-118.08765665371335,34.208854333453104,-118.08358334628666,34.20548566654689,-118.08358334628666,34.20548566654689,-118.08765665371335,0.140625,896,0.21730000000000002,0.0,10,-2.259999990463257,0.4000000059604645,0.003719999920576811,28.0,281.70001220703125,289.70001220703125,4.699999809265137,78.0
34.2072,-118.13403,367.0,0.62,0.71,2025-01-08,1042,N21,VIIRS,h,2.0NRT,294.71,74.65,N,2025-01-08 10:42:00,0.0020366544382652654,0.0016843334531081568,34.208884333453106,-118.13606665443827,34.208884333453106,-118.13199334556172,34.205515666546894,-118.13199334556172,34.205515666546894,-118.13606665443827,0.140625,571,0.2068,1373.78564453125,10,-2.119999885559082,0.0,0.004019999876618385,27.0,284.8999938964844,291.79998779296875,4.400000095367432,77.0
34.20734,-118.1079,347.21,0.62,0.71,2025-01-08,1042,N21,VIIRS,n,2.0NRT,303.91,85.69,N,2025-01-08 10:42:00,0.002036657821207351,0.0016843334531081568,34.20902433345311,-118.10993665782121,34.20902433345311,-118.1058633421788,34.205655666546896,-118.1058633421788,34.205655666546896,-118.10993665782121,0.140625,942,0.20220000000000002,8.786783218383789,20,-2.259999990463257,0.4000000059604645,0.003719999920576811,28.0,281.70001220703125,289.70001220703125,4.699999809265137,78.0
34.20794,-118.11252,354.59,0.62,0.71,2025-01-08,1042,N21,VIIRS,n,2.0NRT,304.72,73.09,N,2025-01-08 10:42:00,0.002036672319795598,0.0016843334531081568,34.20962433345311,-118.1145566723198,34.20962433345311,-118.11048332768021,34.206255666546895,-118.11048332768021,34.206255666546895,-118.1145566723198,0.140625,942,0.20220000000000002,8.786783218383789,20,-2.259999990463257,0.4000000059604645,0.003719999920576811,28.0,281.70001220703125,289.70001220703125,4.699999809265137,78.0
34.20797,-118.08635,351.99,0.62,0.71,2025-01-08,1042,N21,VIIRS,n,2.0NRT,283.35,33.83,N,2025-01-08 10:42:00,0.0020366730447362925,0.0016843334531081568,34.20965433345311,-118.08838667304474,34.20965433345311,-118.08431332695525,34.2062856665469,-118.08431332695525,34.2062856665469,-118.08838667304474,0.140625,896,0.21730000000000002,0.0,10,-2.259999990463257,0.4000000059604645,0.003719999920576811,28.0,281.70001220703125,289.70001220703125,4.699999809265137,78.0
34.20829,-118.13484,367.0,0.61,0.71,2025-01-08,1042,N21,VIIRS,h,2.0NRT,291.94,43.47,N,2025-01-08 10:42:00,0.0020366807775038815,0.0016843334531081568,34.209974333453104,-118.1368766807775,34.209974333453104,-118.13280331922249,34.20660566654689,-118.13280331922249,34.20660566654689,-118.1368766807775,0.140625,571,0.2068,1373.78564453125,10,-2.119999885559082,0.0,0.004019999876618385,27.0,284.8999938964844,291.79998779296875,4.400000095367432,77.0
34.20884,-118.13973,302.57,0.61,0.71,2025-01-08,1042,N21,VIIRS,n,2.0NRT,282.19,26.59,N,2025-01-08 10:42:00,0.002036694068483804,0.0016843334531081568,34.21052433345311,-118.14176669406848,34.21052433345311,-118.13769330593152,34.207155666546896,-118.13769330593152,34.207155666546896,-118.14176669406848,0.140625,571,0.2068,1373.78564453125,10,-2.119999885559082,0.0,0.004019999876618385,27.0,284.8999938964844,291.79998779296875,4.400000095367432,77.0
34.20896,-118.11343,367.0,0.62,0.71,2025-01-08,1042,N21,VIIRS,h,2.0NRT,300.98,51.55,N,2025-01-08 10:42:00,0.0020366969683819625,0.0016843334531081568,34.210644333453104,-118.11546669696837,34.210644333453104,-118.11139330303162,34.20727566654689,-118.11139330303162,34.20727566654689,-118.11546669696837,0.140625,942,0.20220000000000002,8.786783218383789,20,-2.259999990463257,0.4000000059604645,0.003719999920576811,28.0,281.70001220703125,289.70001220703125,4.699999809265137,78.0
34.20933,-118.09318,353.2,0.62,0.71,2025-01-08,1042,N21,VIIRS,n,2.0NRT,291.61,82.32,N,2025-01-08 10:42:00,0.0020367059098428423,0.0016843334531081568,34.21101433345311,-118.09521670590985,34.21101433345311,-118.09114329409016,34.207645666546895,-118.09114329409016,34.207645666546895,-118.09521670590985,0.140625,998,0.21730000000000002,0.0,20,-2.259999990463257,0.4000000059604645,0.003719999920576811,28.0,281.70001220703125,289.70001220703125,4.699999809265137,78.0
34.20952,-118.11803,367.0,0.62,0.71,2025-01-08,1042,N21,VIIRS,h,2.0NRT,290.52,240.5,N,2025-01-08 10:42:00,0.002036710501467351,0.0016843334531081568,34.211204333453104,-118.12006671050148,34.211204333453104,-118.11599328949853,34.20783566654689,-118.11599328949853,34.20783566654689,-118.12006671050148,0.140625,1086,0.23670000000000002,0.00017141526041086763,20,-2.680000066757202,0.699999988079071,0.0026000000070780516,28.0,276.8999938964844,281.70001220703125,5.300000190734863,62.0
34.20995,-118.14047,300.2,0.61,0.71,2025-01-08,1042,N21,VIIRS,n,2.0NRT,281.76,43.47,N,2025-01-08 10:42:00,0.002036720893197755,0.0016843334531081568,34.211634333453105,-118.1425067208932,34.211634333453105,-118.13843327910679,34.20826566654689,-118.13843327910679,34.20826566654689,-118.1425067208932,0.140625,761,0.2306,36.638545989990234,10,-2.440000057220459,0.5,0.0031500000040978193,27.0,278.6000061035156,283.8999938964844,4.900000095367432,79.0
34.2106,-118.11903,367.0,0.62,0.71,2025-01-08,1042,N21,VIIRS,h,2.0NRT,288.0,51.55,N,2025-01-08 10:42:00,0.0020367366020465102,0.0016843334531081568,34.212284333453105,-118.12106673660205,34.212284333453105,-118.11699326339794,34.20891566654689,-118.11699326339794,34.20891566654689,-118.12106673660205,0.140625,1086,0.23670000000000002,0.00017141526041086763,20,-2.680000066757202,0.699999988079071,0.0026000000070780516,28.0,276.8999938964844,281.70001220703125,5.300000190734863,62.0
34.21061,-118.09537,350.46,0.62,0.71,2025-01-08,1042,N21,VIIRS,n,2.0NRT,293.39,33.83,N,2025-01-08 10:42:00,0.0020367368437250464,0.0016843334531081568,34.21229433345311,-118.09740673684372,34.21229433345311,-118.09333326315628,34.2089256665469,-118.09333326315628,34.2089256665469,-118.09740673684372,0.140625,1148,0.3215,0.0,10,-2.680000066757202,0.699999988079071,0.0026000000070780516,28.0,276.8999938964844,281.70001220703125,5.300000190734863,62.0
34.21231,-118.12487,321.92,0.62,0.71,2025-01-08,1042,N21,VIIRS,n,2.0NRT,309.01,137.27,N,2025-01-08 10:42:00,0.002036777930811709,0.0016843334531081568,34.21399433345311,-118.12690677793081,34.21399433345311,-118.12283322206919,34.210625666546896,-118.12283322206919,34.210625666546896,-118.12690677793081,0.140625,953,0.1904,7.340096473693848,10,-2.440000057220459,0.5,0.0031500000040978193,27.0,278.6000061035156,283.8999938964844,4.900000095367432,79.0
34.21283,-118.12953,345.14,0.62,0.71,2025-01-08,1042,N21,VIIRS,n,2.0NRT,307.23,132.83,N,2025-01-08 10:42:00,0.002036790499315659,0.0016843334531081568,34.2145143334531,-118.13156679049932,34.2145143334531,-118.12749320950068,34.21114566654689,-118.12749320950068,34.21114566654689,-118.13156679049932,0.140625,953,0.1904,7.340096473693848,10,-2.440000057220459,0.5,0.0031500000040978193,27.0,278.6000061035156,283.8999938964844,4.900000095367432,79.0
34.21325,-118.10439,318.57,0.62,0.71,2025-01-08,1042,N21,VIIRS,n,2.0NRT,301.64,85.69,N,2025-01-08 10:42:00,0.002036800651035334,0.0016843334531081568,34.21493433345311,-118.10642680065104,34.21493433345311,-118.10235319934895,34.211565666546896,-118.10235319934895,34.211565666546896,-118.10642680065104,0.140625,1290,0.2265,0.0,10,-2.680000066757202,0.699999988079071,0.0026000000070780516,28.0,276.8999938964844,281.70001220703125,5.300000190734863,62.0
34.21383,-118.1089,367.0,0.62,0.71,2025-01-08,1042,N21,VIIRS,h,2.0NRT,290.85,73.09,N,2025-01-08 10:42:00,0.0020368146704230873,0.0016843334531081568,34.21551433345311,-118.11093681467042,34.21551433345311,-118.10686318532959,34.212145666546895,-118.10686318532959,34.212145666546895,-118.11093681467042,0.140625,1246,0.22390000000000002,0.0,20,-2.680000066757202,0.699999988079071,0.0026000000070780516,28.0,276.8999938964844,281.70001220703125,5.300000190734863,62.0
34.21391,-118.13031,367.0,0.62,0.71,2025-01-08,1042,N21,VIIRS,h,2.0NRT,294.78,137.27,N,2025-01-08 10:42:00,0.0020368166041632683,0.0016843334531081568,34.215594333453105,-118.13234681660416,34.215594333453105,-118.12827318339583,34.21222566654689,-118.12827318339583,34.21222566654689,-118.13234681660416,0.140625,953,0.1904,7.340096473693848,10,-2.440000057220459,0.5,0.0031500000040978193,27.0,278.6000061035156,283.8999938964844,4.900000095367432,79.0
34.21429,-118.1346,321.55,0.62,0.71,2025-01-08,1042,N21,VIIRS,n,2.0NRT,281.4,132.83,N,2025-01-08 10:42:00,0.0020368257895335,0.0016843334531081568,34.215974333453104,-118.13663682578954,34.215974333453104,-118.13256317421047,34.21260566654689,-118.13256317421047,34.21260566654689,-118.13663682578954,0.140625,761,0.2306,36.638545989990234,10,-2.440000057220459,0.5,0.0031500000040978193,27.0,278.6000061035156,283.8999938964844,4.900000095367432,79.0
34.21483,-118.10976,367.0,0.62,0.71,2025-01-08,1042,N21,VIIRS,h,2.0NRT,282.65,85.69,N,2025-01-08 10:42:00,0.002036838842724676,0.0016843334531081568,34.216514333453105,-118.11179683884272,34.216514333453105,-118.10772316115727,34.21314566654689,-118.10772316115727,34.21314566654689,-118.11179683884272,0.140625,1246,0.22390000000000002,0.0,20,-2.680000066757202,0.699999988079071,0.0026000000070780516,28.0,276.8999938964844,281.70001220703125,5.300000190734863,62.0
34.21539,-118.13534,306.95,0.61,0.71,2025-01-08,1042,N21,VIIRS,n,2.0NRT,280.75,35.02,N,2025-01-08 10:42:00,0.002036852379735196,0.0016843334531081568,34.217074333453105,-118.13737685237973,34.217074333453105,-118.13330314762027,34.21370566654689,-118.13330314762027,34.21370566654689,-118.13737685237973,0.140625,761,0.2306,36.638545989990234,10,-2.440000057220459,0.5,0.0031500000040978193,27.0,278.6000061035156,283.8999938964844,4.900000095367432,79.0
34.2154,-118.11438,299.39,0.62,0.71,2025-01-08,1042,N21,VIIRS,n,2.0NRT,277.93,73.09,N,2025-01-08 10:42:00,0.0020368526214709303,0.0016843334531081568,34.21708433345311,-118.11641685262147,34.21708433345311,-118.11234314737852,34.213715666546896,-118.11234314737852,34.213715666546896,-118.11641685262147,0.140625,1246,0.22390000000000002,0.0,20,-2.680000066757202,0.699999988079071,0.0026000000070780516,28.0,276.8999938964844,281.70001220703125,5.300000190734863,62.0
34.21645,-118.09385,329.51,0.62,0.71,2025-01-08,1042,N21,VIIRS,n,2.0NRT,276.8,5.59,N,2025-01-08 10:42:00,0.002036878004387643,0.0016843334531081568,34.21813433345311,-118.09588687800439,34.21813433345311,-118.09181312199561,34.214765666546896,-118.09181312199561,34.214765666546896,-118.09588687800439,0.140625,1148,0.3215,0.0,10,-2.680000066757202,0.699999988079071,0.0026000000070780516,28.0,276.8999938964844,281.70001220703125,5.300000190734863,62.0
34.21651,-118.1155,295.13,0.62,0.71,2025-01-08,1042,N21,VIIRS,n,2.0NRT,277.77,51.55,N,2025-01-08 10:42:00,0.002036879454879796,0.0016843334531081568,34.218194333453106,-118.11753687945487,34.218194333453106,-118.11346312054512,34.21482566654689,-118.11346312054512,34.21482566654689,-118.11753687945487,0.140625,1086,0.23670000000000002,0.00017141526041086763,20,-2.680000066757202,0.699999988079071,0.0026000000070780516,28.0,276.8999938964844,281.70001220703125,5.300000190734863,62.0
34.21658,-118.07002,297.92,0.62,0.72,2025-01-08,1042,N21,VIIRS,n,2.0NRT,275.75,1.0,N,2025-01-08 10:42:00,0.002036881147126076,0.0016843334531081568,34.21826433345311,-118.07205688114712,34.21826433345311,-118.06798311885288,34.214895666546894,-118.06798311885288,34.214895666546894,-118.07205688114712,0.140625,1439,0.3665,0.010477584786713123,10,-2.630000114440918,0.699999988079071,0.002580000087618828,28.0,277.8999938964844,282.5,5.599999904632568,63.0
34.2173,-118.07066,297.07,0.62,0.71,2025-01-08,1042,N21,VIIRS,n,2.0NRT,275.66,1.92,N,2025-01-08 10:42:00,0.0020368985534274784,0.0016843334531081568,34.21898433345311,-118.07269689855343,34.21898433345311,-118.06862310144658,34.215615666546896,-118.06862310144658,34.215615666546896,-118.07269689855343,0.140625,1209,0.3665,0.0,10,-2.630000114440918,0.699999988079071,0.002580000087618828,28.0,277.8999938964844,282.5,5.599999904632568,63.0
34.2175,-118.09512,301.64,0.62,0.71,2025-01-08,1042,N21,VIIRS,n,2.0NRT,275.43,4.33,N,2025-01-08 10:42:00,0.0020369033886210816,0.0016843334531081568,34.21918433345311,-118.09715690338861,34.21918433345311,-118.09308309661138,34.215815666546895,-118.09308309661138,34.215815666546895,-118.09715690338861,0.140625,1148,0.3215,0.0,10,-2.680000066757202,0.699999988079071,0.0026000000070780516,28.0,276.8999938964844,281.70001220703125,5.300000190734863,62.0
34.2191,-118.10315,314.82,0.62,0.71,2025-01-08,1042,N21,VIIRS,n,2.0NRT,274.27,5.59,N,2025-01-08 10:42:00,0.0020369420718898373,0.0016843334531081568,34.2207843334531,-118.1051869420719,34.2207843334531,-118.1011130579281,34.21741566654689,-118.1011130579281,34.21741566654689,-118.1051869420719,0.140625,1439,0.2877,0.0,10,-2.680000066757202,0.699999988079071,0.0026000000070780516,28.0,276.8999938964844,281.70001220703125,5.300000190734863,62.0
34.22016,-118.10424,295.01,0.62,0.71,2025-01-08,1042,N21,VIIRS,n,2.0NRT,273.79,2.94,N,2025-01-08 10:42:00,0.002036967701239326,0.0016843334531081568,34.221844333453106,-118.10627696770125,34.221844333453106,-118.10220303229876,34.218475666546894,-118.10220303229876,34.218475666546894,-118.10627696770125,0.140625,1439,0.2877,0.0,10,-2.680000066757202,0.699999988079071,0.0026000000070780516,28.0,276.8999938964844,281.70001220703125,5.300000190734863,62.0
34.17099,-118.03128,342.03,0.52,0.5,2025-01-08,2021,N21,VIIRS,n,2.0NRT,298.47,8.03,D,2025-01-08 20:21:00,0.002035780249653307,0.0016843334531081568,34.17267433345311,-118.03331578024965,34.17267433345311,-118.02924421975034,34.1693056665469,-118.02924421975034,34.1693056665469,-118.03331578024965,0.140625,349,0.2812,1111.5130615234375,50,-1.9800000190734863,0.0,0.0037499999161809683,28.0,284.3999938964844,293.79998779296875,5.199999809265137,73.0
34.17316,-118.04276,335.4,0.52,0.5,2025-01-08,2021,N21,VIIRS,n,2.0NRT,294.5,7.6,D,2025-01-08 20:21:00,0.00203583259415939,0.0016843334531081568,34.17484433345311,-118.04479583259416,34.17484433345311,-118.04072416740584,34.1714756665469,-118.04072416740584,34.1714756665469,-118.04479583259416,0.140625,370,0.315,661.39892578125,10,-2.059999942779541,0.0,0.0038799999747425318,28.0,284.5,294.1000061035156,4.699999809265137,71.0
34.17452,-118.03682,344.97,0.52,0.5,2025-01-08,2021,N21,VIIRS,n,2.0NRT,301.77,12.21,D,2025-01-08 20:21:00,0.002035865402793633,0.0016843334531081568,34.17620433345311,-118.0388558654028,34.17620433345311,-118.03478413459722,34.172835666546895,-118.03478413459722,34.172835666546895,-118.0388558654028,0.140625,685,0.22820000000000001,158.197265625,20,-2.5,0.5,0.0031300000846385956,28.0,280.20001220703125,287.20001220703125,5.0,81.0
34.17578,-118.03128,332.64,0.52,0.5,2025-01-08,2021,N21,VIIRS,n,2.0NRT,301.37,12.21,D,2025-01-08 20:21:00,0.002035895800995668,0.0016843334531081568,34.17746433345311,-118.033315895801,34.17746433345311,-118.029244104199,34.1740956665469,-118.029244104199,34.1740956665469,-118.033315895801,0.140625,667,0.21250000000000002,140.93898010253906,20,-2.309999942779541,0.699999988079071,0.0033400000538676977,28.0,280.79998779296875,287.6000061035156,5.699999809265137,62.0
34.17698,-118.02599,349.08,0.52,0.5,2025-01-08,2021,N21,VIIRS,n,2.0NRT,302.65,34.24,D,2025-01-08 20:21:00,0.0020359247534236413,0.0016843334531081568,34.178664333453106,-118.02802592475342,34.178664333453106,-118.02395407524656,34.175295666546894,-118.02395407524656,34.175295666546894,-118.02802592475342,0.140625,667,0.21250000000000002,140.93898010253906,20,-2.309999942779541,0.699999988079071,0.0033400000538676977,28.0,280.79998779296875,287.6000061035156,5.699999809265137,62.0
34.17801,-118.04251,340.03,0.52,0.5,2025-01-08,2021,N21,VIIRS,n,2.0NRT,295.99,7.6,D,2025-01-08 20:21:00,0.0020359496056266625,0.0016843334531081568,34.17969433345311,-118.04454594960562,34.17969433345311,-118.04047405039437,34.176325666546894,-118.04047405039437,34.176325666546894,-118.04454594960562,0.140625,685,0.22820000000000001,158.197265625,20,-2.5,0.5,0.0031300000846385956,28.0,280.20001220703125,287.20001220703125,5.0,81.0
34.17815,-118.02082,336.25,0.52,0.5,2025-01-08,2021,N21,VIIRS,n,2.0NRT,310.13,34.24,D,2025-01-08 20:21:00,0.0020359529836936376,0.0016843334531081568,34.17983433345311,-118.02285595298369,34.17983433345311,-118.01878404701631,34.176465666546896,-118.01878404701631,34.176465666546896,-118.02285595298369,0.140625,474,0.3352,237.27415466308594,10,-2.309999942779541,0.699999988079071,0.0033400000538676977,28.0,280.79998779296875,287.6000061035156,5.699999809265137,62.0
34.18109,-118.13453,353.92,0.53,0.5,2025-01-08,2021,N21,VIIRS,n,2.0NRT,297.62,42.38,D,2025-01-08 20:21:00,0.0020360239284978035,0.0016843334531081568,34.182774333453104,-118.1365660239285,34.182774333453104,-118.1324939760715,34.17940566654689,-118.1324939760715,34.17940566654689,-118.1365660239285,0.140625,355,0.3705,3128.55810546875,50,-2.119999885559082,0.0,0.004019999876618385,27.0,284.8999938964844,291.79998779296875,4.400000095367432,77.0
34.18174,-118.15286,343.69,0.53,0.5,2025-01-08,2021,N21,VIIRS,n,2.0NRT,290.15,19.47,D,2025-01-08 20:21:00,0.002036039614964606,0.0016843334531081568,34.183424333453104,-118.15489603961497,34.183424333453104,-118.15082396038504,34.18005566654689,-118.15082396038504,34.18005566654689,-118.15489603961497,0.140625,337,0.2569,4585.78662109375,50,-2.119999885559082,0.0,0.004019999876618385,27.0,284.8999938964844,291.79998779296875,4.400000095367432,77.0
34.18175,-118.02604,339.89,0.52,0.5,2025-01-08,2021,N21,VIIRS,n,2.0NRT,309.16,34.24,D,2025-01-08 20:21:00,0.0020360398562987996,0.0016843334531081568,34.18343433345311,-118.02807603985629,34.18343433345311,-118.0240039601437,34.180065666546895,-118.0240039601437,34.180065666546895,-118.02807603985629,0.140625,667,0.21250000000000002,140.93898010253906,20,-2.309999942779541,0.699999988079071,0.0033400000538676977,28.0,280.79998779296875,287.6000061035156,5.699999809265137,62.0
34.18238,-118.12879,367.0,0.53,0.5,2025-01-08,2021,N21,VIIRS,h,2.0NRT,297.41,42.38,D,2025-01-08 20:21:00,0.002036055060593342,0.0016843334531081568,34.18406433345311,-118.1308260550606,34.18406433345311,-118.1267539449394,34.180695666546896,-118.1267539449394,34.180695666546896,-118.1308260550606,0.140625,372,0.33,2403.90087890625,50,-2.119999885559082,0.0,0.004019999876618385,27.0,284.8999938964844,291.79998779296875,4.400000095367432,77.0
34.18289,-118.02103,325.34,0.52,0.5,2025-01-08,2021,N21,VIIRS,n,2.0NRT,292.15,34.24,D,2025-01-08 20:21:00,0.0020360673691784004,0.0016843334531081568,34.18457433345311,-118.02306606736917,34.18457433345311,-118.01899393263082,34.181205666546894,-118.01899393263082,34.181205666546894,-118.02306606736917,0.140625,650,0.3584,1.3821271657943726,20,-2.309999942779541,0.699999988079071,0.0033400000538676977,28.0,280.79998779296875,287.6000061035156,5.699999809265137,62.0
34.18367,-118.12315,353.08,0.53,0.5,2025-01-08,2021,N21,VIIRS,n,2.0NRT,293.68,28.94,D,2025-01-08 20:21:00,0.0020360861946730905,0.0016843334531081568,34.185354333453105,-118.12518608619467,34.185354333453105,-118.12111391380532,34.18198566654689,-118.12111391380532,34.18198566654689,-118.12518608619467,0.140625,433,0.2674,1497.5074462890625,10,-2.259999990463257,0.4000000059604645,0.003719999920576811,28.0,281.70001220703125,289.70001220703125,4.699999809265137,78.0
34.18433,-118.14144,340.32,0.53,0.5,2025-01-08,2021,N21,VIIRS,n,2.0NRT,287.67,22.71,D,2025-01-08 20:21:00,0.002036102124504472,0.0016843334531081568,34.18601433345311,-118.14347610212451,34.18601433345311,-118.1394038978755,34.1826456665469,-118.1394038978755,34.1826456665469,-118.14347610212451,0.140625,416,0.23220000000000002,2010.370361328125,50,-2.119999885559082,0.0,0.004019999876618385,27.0,284.8999938964844,291.79998779296875,4.400000095367432,77.0
34.18493,-118.11755,367.0,0.53,0.5,2025-01-08,2021,N21,VIIRS,h,2.0NRT,293.17,28.94,D,2025-01-08 20:21:00,0.002036116606620119,0.0016843334531081568,34.18661433345311,-118.11958611660661,34.18661433345311,-118.11551388339338,34.183245666546895,-118.11551388339338,34.183245666546895,-118.11958611660661,0.140625,433,0.2674,1497.5074462890625,10,-2.259999990463257,0.4000000059604645,0.003719999920576811,28.0,281.70001220703125,289.70001220703125,4.699999809265137,78.0
34.18496,-118.15985,342.05,0.53,0.5,2025-01-08,2021,N21,VIIRS,n,2.0NRT,290.39,51.12,D,2025-01-08 20:21:00,0.0020361173307371703,0.0016843334531081568,34.1866443334531,-118.16188611733074,34.1866443334531,-118.15781388266927,34.18327566654689,-118.15781388266927,34.18327566654689,-118.16188611733074,0.140625,369,0.26530000000000004,3756.700927734375,50,-2.119999885559082,0.0,0.004019999876618385,27.0,284.8999938964844,291.79998779296875,4.400000095367432,77.0
34.18547,-118.03069,367.0,0.52,0.5,2025-01-08,2021,N21,VIIRS,l,2.0NRT,340.94,189.45,D,2025-01-08 20:21:00,0.0020361296408912544,0.0016843334531081568,34.18715433345311,-118.03272612964089,34.18715433345311,-118.02865387035912,34.183785666546896,-118.02865387035912,34.183785666546896,-118.03272612964089,0.140625,932,0.2838,2.708519220352173,20,-2.309999942779541,0.699999988079071,0.0033400000538676977,28.0,280.79998779296875,287.6000061035156,5.699999809265137,62.0
34.18562,-118.1357,350.24,0.53,0.5,2025-01-08,2021,N21,VIIRS,n,2.0NRT,304.6,42.38,D,2025-01-08 20:21:00,0.002036133261583839,0.0016843334531081568,34.187304333453106,-118.13773613326158,34.187304333453106,-118.13366386673842,34.183935666546894,-118.13366386673842,34.183935666546894,-118.13773613326158,0.140625,416,0.23220000000000002,2010.370361328125,50,-2.119999885559082,0.0,0.004019999876618385,27.0,284.8999938964844,291.79998779296875,4.400000095367432,77.0
34.18625,-118.15417,353.45,0.53,0.5,2025-01-08,2021,N21,VIIRS,n,2.0NRT,300.43,51.12,D,2025-01-08 20:21:00,0.0020361484687857053,0.0016843334531081568,34.18793433345311,-118.15620614846878,34.18793433345311,-118.1521338515312,34.184565666546895,-118.1521338515312,34.184565666546895,-118.15620614846878,0.140625,369,0.26530000000000004,3756.700927734375,50,-2.119999885559082,0.0,0.004019999876618385,27.0,284.8999938964844,291.79998779296875,4.400000095367432,77.0
34.18653,-118.02602,341.47,0.52,0.5,2025-01-08,2021,N21,VIIRS,n,2.0NRT,307.1,152.43,D,2025-01-08 20:21:00,0.0020361552276940242,0.0016843334531081568,34.188214333453104,-118.0280561552277,34.188214333453104,-118.0239838447723,34.18484566654689,-118.0239838447723,34.18484566654689,-118.0280561552277,0.140625,932,0.2838,2.708519220352173,20,-2.309999942779541,0.699999988079071,0.0033400000538676977,28.0,280.79998779296875,287.6000061035156,5.699999809265137,62.0
34.18692,-118.12995,355.49,0.53,0.5,2025-01-08,2021,N21,VIIRS,n,2.0NRT,304.44,42.38,D,2025-01-08 20:21:00,0.002036164642043568,0.0016843334531081568,34.18860433345311,-118.13198616464204,34.18860433345311,-118.12791383535794,34.185235666546895,-118.12791383535794,34.185235666546895,-118.13198616464204,0.140625,433,0.23220000000000002,2245.83544921875,50,-2.119999885559082,0.0,0.004019999876618385,27.0,284.8999938964844,291.79998779296875,4.400000095367432,77.0
34.18755,-118.14841,367.0,0.53,0.5,2025-01-08,2021,N21,VIIRS,h,2.0NRT,296.4,33.74,D,2025-01-08 20:21:00,0.0020361798502221747,0.0016843334531081568,34.18923433345311,-118.15044617985022,34.18923433345311,-118.14637382014978,34.185865666546896,-118.14637382014978,34.185865666546896,-118.15044617985022,0.140625,392,0.2686,1909.0643310546875,10,-2.119999885559082,0.0,0.004019999876618385,27.0,284.8999938964844,291.79998779296875,4.400000095367432,77.0
34.18821,-118.12425,353.73,0.53,0.5,2025-01-08,2021,N21,VIIRS,n,2.0NRT,300.38,28.94,D,2025-01-08 20:21:00,0.002036195783107478,0.0016843334531081568,34.189894333453104,-118.12628619578311,34.189894333453104,-118.1222138042169,34.18652566654689,-118.1222138042169,34.18652566654689,-118.12628619578311,0.140625,433,0.23220000000000002,2245.83544921875,50,-2.119999885559082,0.0,0.004019999876618385,27.0,284.8999938964844,291.79998779296875,4.400000095367432,77.0
34.18867,-118.05878,329.17,0.52,0.5,2025-01-08,2021,N21,VIIRS,n,2.0NRT,298.38,15.68,D,2025-01-08 20:21:00,0.0020362068881529566,0.0016843334531081568,34.19035433345311,-118.06081620688815,34.19035433345311,-118.05674379311185,34.186985666546896,-118.05674379311185,34.186985666546896,-118.06081620688815,0.140625,1021,0.2612,0.0,20,-2.5,0.5,0.0031300000846385956,28.0,280.20001220703125,287.20001220703125,5.0,81.0
34.18886,-118.14263,367.0,0.53,0.5,2025-01-08,2021,N21,VIIRS,h,2.0NRT,299.67,33.74,D,2025-01-08 20:21:00,0.0020362114750932174,0.0016843334531081568,34.190544333453104,-118.14466621147508,34.190544333453104,-118.14059378852491,34.18717566654689,-118.14059378852491,34.18717566654689,-118.14466621147508,0.140625,392,0.2686,1909.0643310546875,10,-2.119999885559082,0.0,0.004019999876618385,27.0,284.8999938964844,291.79998779296875,4.400000095367432,77.0
34.18948,-118.16118,342.34,0.53,0.5,2025-01-08,2021,N21,VIIRS,n,2.0NRT,290.06,51.12,D,2025-01-08 20:21:00,0.0020362264433030396,0.0016843334531081568,34.19116433345311,-118.16321622644331,34.19116433345311,-118.15914377355669,34.1877956665469,-118.15914377355669,34.1877956665469,-118.16321622644331,0.140625,356,0.26180000000000003,3727.028564453125,50,-2.0999999046325684,0.0,0.0039900001138448715,27.0,288.1000061035156,292.5,4.199999809265137,73.0
34.1895,-118.11855,367.0,0.53,0.5,2025-01-08,2021,N21,VIIRS,h,2.0NRT,295.57,28.94,D,2025-01-08 20:21:00,0.0020362269261561517,0.0016843334531081568,34.19118433345311,-118.12058622692615,34.19118433345311,-118.11651377307385,34.187815666546896,-118.11651377307385,34.187815666546896,-118.12058622692615,0.140625,433,0.2674,1497.5074462890625,10,-2.259999990463257,0.4000000059604645,0.003719999920576811,28.0,281.70001220703125,289.70001220703125,4.699999809265137,78.0
34.1899,-118.05333,349.99,0.52,0.5,2025-01-08,2021,N21,VIIRS,n,2.0NRT,298.5,15.68,D,2025-01-08 20:21:00,0.0020362365833185804,0.0016843334531081568,34.19158433345311,-118.05536623658332,34.19158433345311,-118.05129376341668,34.188215666546895,-118.05129376341668,34.188215666546895,-118.05536623658332,0.140625,1021,0.2612,0.0,20,-2.5,0.5,0.0031300000846385956,28.0,280.20001220703125,287.20001220703125,5.0,81.0
34.19017,-118.13683,348.04,0.53,0.5,2025-01-08,2021,N21,VIIRS,n,2.0NRT,303.4,51.44,D,2025-01-08 20:21:00,0.0020362431020111075,0.0016843334531081568,34.19185433345311,-118.13886624310202,34.19185433345311,-118.13479375689799,34.188485666546896,-118.13479375689799,34.188485666546896,-118.13886624310202,0.140625,416,0.23220000000000002,2010.370361328125,50,-2.119999885559082,0.0,0.004019999876618385,27.0,284.8999938964844,291.79998779296875,4.400000095367432,77.0
34.1902,-118.03091,347.37,0.52,0.5,2025-01-08,2021,N21,VIIRS,n,2.0NRT,293.13,189.45,D,2025-01-08 20:21:00,0.002036243826315645,0.0016843334531081568,34.1918843334531,-118.03294624382632,34.1918843334531,-118.0288737561737,34.18851566654689,-118.0288737561737,34.18851566654689,-118.03294624382632,0.140625,932,0.2838,2.708519220352173,20,-2.309999942779541,0.699999988079071,0.0033400000538676977,28.0,280.79998779296875,287.6000061035156,5.699999809265137,62.0
34.19105,-118.04828,325.61,0.52,0.5,2025-01-08,2021,N21,VIIRS,n,2.0NRT,293.53,10.83,D,2025-01-08 20:21:00,0.0020362643487236514,0.0016843334531081568,34.1927343334531,-118.05031626434872,34.1927343334531,-118.04624373565129,34.18936566654689,-118.04624373565129,34.18936566654689,-118.05031626434872,0.140625,877,0.2612,0.0,10,-2.5,0.5,0.0031300000846385956,28.0,280.20001220703125,287.20001220703125,5.0,81.0
34.19149,-118.13102,349.6,0.53,0.5,2025-01-08,2021,N21,VIIRS,n,2.0NRT,308.81,51.44,D,2025-01-08 20:21:00,0.0020362749724263268,0.0016843334531081568,34.19317433345311,-118.13305627497243,34.19317433345311,-118.12898372502758,34.189805666546896,-118.12898372502758,34.189805666546896,-118.13305627497243,0.140625,433,0.23220000000000002,2245.83544921875,50,-2.119999885559082,0.0,0.004019999876618385,27.0,284.8999938964844,291.79998779296875,4.400000095367432,77.0
34.19209,-118.14964,354.59,0.53,0.5,2025-01-08,2021,N21,VIIRS,n,2.0NRT,312.83,33.74,D,2025-01-08 20:21:00,0.0020362894596657913,0.0016843334531081568,34.193774333453106,-118.15167628945967,34.193774333453106,-118.14760371054034,34.190405666546894,-118.14760371054034,34.190405666546894,-118.15167628945967,0.140625,444,0.16640000000000002,2648.635498046875,50,-2.119999885559082,0.0,0.004019999876618385,27.0,284.8999938964844,291.79998779296875,4.400000095367432,77.0
34.19279,-118.12525,367.0,0.53,0.5,2025-01-08,2021,N21,VIIRS,h,2.0NRT,293.73,27.42,D,2025-01-08 20:21:00,0.0020363063619879443,0.0016843334531081568,34.19447433345311,-118.12728630636198,34.19447433345311,-118.12321369363801,34.191105666546896,-118.12321369363801,34.191105666546896,-118.12728630636198,0.140625,519,0.27940000000000004,2304.54345703125,10,-2.119999885559082,0.0,0.004019999876618385,27.0,284.8999938964844,291.79998779296875,4.400000095367432,77.0
34.19334,-118.05927,341.69,0.52,0.5,2025-01-08,2021,N21,VIIRS,n,2.0NRT,299.99,15.68,D,2025-01-08 20:21:00,0.0020363196427939994,0.0016843334531081568,34.195024333453105,-118.0613063196428,34.195024333453105,-118.0572336803572,34.19165566654689,-118.0572336803572,34.19165566654689,-118.0613063196428,0.140625,1089,0.4838,0.0,10,-2.5,0.5,0.0031300000846385956,28.0,280.20001220703125,287.20001220703125,5.0,81.0
34.19341,-118.14379,367.0,0.53,0.5,2025-01-08,2021,N21,VIIRS,h,2.0NRT,303.18,33.74,D,2025-01-08 20:21:00,0.0020363213331042944,0.0016843334531081568,34.195094333453106,-118.1458263213331,34.195094333453106,-118.14175367866689,34.191725666546894,-118.14175367866689,34.191725666546894,-118.1458263213331,0.140625,444,0.16640000000000002,2648.635498046875,50,-2.119999885559082,0.0,0.004019999876618385,27.0,284.8999938964844,291.79998779296875,4.400000095367432,77.0
34.1941,-118.11943,334.4,0.53,0.5,2025-01-08,2021,N21,VIIRS,n,2.0NRT,289.17,27.42,D,2025-01-08 20:21:00,0.0020363379950471476,0.0016843334531081568,34.195784333453105,-118.12146633799505,34.195784333453105,-118.11739366200494,34.19241566654689,-118.11739366200494,34.19241566654689,-118.12146633799505,0.140625,549,0.2338,879.9257202148438,10,-2.259999990463257,0.4000000059604645,0.003719999920576811,28.0,281.70001220703125,289.70001220703125,4.699999809265137,78.0
34.1945,-118.05416,352.98,0.52,0.5,2025-01-08,2021,N21,VIIRS,n,2.0NRT,299.34,15.68,D,2025-01-08 20:21:00,0.0020363476544045336,0.0016843334531081568,34.196184333453104,-118.0561963476544,34.196184333453104,-118.05212365234559,34.19281566654689,-118.05212365234559,34.19281566654689,-118.0561963476544,0.140625,1089,0.4838,0.0,10,-2.5,0.5,0.0031300000846385956,28.0,280.20001220703125,287.20001220703125,5.0,81.0
34.19473,-118.13792,367.0,0.53,0.5,2025-01-08,2021,N21,VIIRS,h,2.0NRT,303.93,51.44,D,2025-01-08 20:21:00,0.002036353208621467,0.0016843334531081568,34.196414333453106,-118.13995635320862,34.196414333453106,-118.13588364679137,34.193045666546894,-118.13588364679137,34.193045666546894,-118.13995635320862,0.140625,480,0.1887,2485.000244140625,10,-2.119999885559082,0.0,0.004019999876618385,27.0,284.8999938964844,291.79998779296875,4.400000095367432,77.0
34.1953,-118.1567,341.32,0.53,0.5,2025-01-08,2021,N21,VIIRS,n,2.0NRT,314.16,49.12,D,2025-01-08 20:21:00,0.0020363669736919755,0.0016843334531081568,34.19698433345311,-118.1587363669737,34.19698433345311,-118.1546636330263,34.1936156665469,-118.1546636330263,34.1936156665469,-118.1587363669737,0.140625,405,0.1733,3550.091796875,50,-2.119999885559082,0.0,0.004019999876618385,27.0,284.8999938964844,291.79998779296875,4.400000095367432,77.0
34.19569,-118.04888,346.44,0.52,0.5,2025-01-08,2021,N21,VIIRS,n,2.0NRT,302.67,10.83,D,2025-01-08 20:21:00,0.00203637639212146,0.0016843334531081568,34.197374333453105,-118.05091637639212,34.197374333453105,-118.04684362360787,34.19400566654689,-118.04684362360787,34.19400566654689,-118.05091637639212,0.140625,1053,0.3279,0.0,10,-2.5,0.5,0.0031300000846385956,28.0,280.20001220703125,287.20001220703125,5.0,81.0
34.19606,-118.13203,340.27,0.53,0.5,2025-01-08,2021,N21,VIIRS,n,2.0NRT,306.97,51.44,D,2025-01-08 20:21:00,0.0020363853277223145,0.0016843334531081568,34.19774433345311,-118.13406638532773,34.19774433345311,-118.12999361467227,34.1943756665469,-118.12999361467227,34.1943756665469,-118.13406638532773,0.140625,519,0.27940000000000004,2304.54345703125,10,-2.119999885559082,0.0,0.004019999876618385,27.0,284.8999938964844,291.79998779296875,4.400000095367432,77.0
34.19661,-118.15086,345.38,0.53,0.5,2025-01-08,2021,N21,VIIRS,n,2.0NRT,317.25,65.52,D,2025-01-08 20:21:00,0.0020363986106740986,0.0016843334531081568,34.198294333453106,-118.15289639861066,34.198294333453106,-118.14882360138932,34.194925666546894,-118.14882360138932,34.194925666546894,-118.15289639861066,0.140625,444,0.16640000000000002,2648.635498046875,50,-2.119999885559082,0.0,0.004019999876618385,27.0,284.8999938964844,291.79998779296875,4.400000095367432,77.0
34.19675,-118.06537,343.46,0.53,0.5,2025-01-08,2021,N21,VIIRS,n,2.0NRT,315.12,41.89,D,2025-01-08 20:21:00,0.002036401991846728,0.0016843334531081568,34.19843433345311,-118.06740640199185,34.19843433345311,-118.06333359800816,34.195065666546895,-118.06333359800816,34.195065666546895,-118.06740640199185,0.140625,1198,0.2454,0.0,10,-2.5,0.5,0.0031300000846385956,28.0,280.20001220703125,287.20001220703125,5.0,81.0
34.19704,-118.04291,338.59,0.52,0.5,2025-01-08,2021,N21,VIIRS,n,2.0NRT,296.51,10.83,D,2025-01-08 20:21:00,0.0020364089957787134,0.0016843334531081568,34.19872433345311,-118.04494640899578,34.19872433345311,-118.04087359100423,34.195355666546895,-118.04087359100423,34.195355666546895,-118.04494640899578,0.140625,1122,0.37370000000000003,0.0,10,-2.5,0.5,0.0031300000846385956,28.0,280.20001220703125,287.20001220703125,5.0,81.0
34.19738,-118.12615,367.0,0.53,0.5,2025-01-08,2021,N21,VIIRS,h,2.0NRT,302.42,27.42,D,2025-01-08 20:21:00,0.0020364172074129705,0.0016843334531081568,34.19906433345311,-118.1281864172074,34.19906433345311,-118.12411358279259,34.1956956665469,-118.12411358279259,34.1956956665469,-118.1281864172074,0.140625,519,0.27940000000000004,2304.54345703125,10,-2.119999885559082,0.0,0.004019999876618385,27.0,284.8999938964844,291.79998779296875,4.400000095367432,77.0
34.19795,-118.14497,367.0,0.53,0.5,2025-01-08,2021,N21,VIIRS,h,2.0NRT,303.64,65.52,D,2025-01-08 20:21:00,0.002036430974285746,0.0016843334531081568,34.199634333453105,-118.14700643097429,34.199634333453105,-118.14293356902571,34.19626566654689,-118.14293356902571,34.19626566654689,-118.14700643097429,0.140625,444,0.16640000000000002,2648.635498046875,50,-2.119999885559082,0.0,0.004019999876618385,27.0,284.8999938964844,291.79998779296875,4.400000095367432,77.0
34.19806,-118.05959,355.09,0.52,0.5,2025-01-08,2021,N21,VIIRS,n,2.0NRT,307.36,207.93,D,2025-01-08 20:21:00,0.0020364336310952948,0.0016843334531081568,34.199744333453104,-118.06162643363109,34.199744333453104,-118.05755356636891,34.19637566654689,-118.05755356636891,34.19637566654689,-118.06162643363109,0.140625,1089,0.4838,0.0,10,-2.5,0.5,0.0031300000846385956,28.0,280.20001220703125,287.20001220703125,5.0,81.0
34.19928,-118.13901,367.0,0.53,0.5,2025-01-08,2021,N21,VIIRS,h,2.0NRT,302.86,20.67,D,2025-01-08 20:21:00,0.002036463098496581,0.0016843334531081568,34.20096433345311,-118.14104646309849,34.20096433345311,-118.13697353690151,34.197595666546896,-118.13697353690151,34.197595666546896,-118.14104646309849,0.140625,480,0.1887,2485.000244140625,10,-2.119999885559082,0.0,0.004019999876618385,27.0,284.8999938964844,291.79998779296875,4.400000095367432,77.0
34.19947,-118.16122,334.87,0.53,0.5,2025-01-08,2021,N21,VIIRS,n,2.0NRT,289.45,14.3,D,2025-01-08 20:21:00,0.0020364676878418704,0.0016843334531081568,34.201154333453104,-118.16325646768784,34.201154333453104,-118.15918353231216,34.19778566654689,-118.15918353231216,34.19778566654689,-118.16325646768784,0.140625,371,0.2787,3003.72314453125,50,-2.0999999046325684,0.0,0.0039900001138448715,27.0,288.1000061035156,292.5,4.199999809265137,73.0
34.19982,-118.15796,367.0,0.53,0.5,2025-01-08,2021,N21,VIIRS,h,2.0NRT,299.57,49.12,D,2025-01-08 20:21:00,0.0020364761420117545,0.0016843334531081568,34.20150433345311,-118.15999647614201,34.20150433345311,-118.155923523858,34.1981356665469,-118.155923523858,34.1981356665469,-118.15999647614201,0.140625,405,0.1733,3550.091796875,50,-2.119999885559082,0.0,0.004019999876618385,27.0,284.8999938964844,291.79998779296875,4.400000095367432,77.0
34.1999,-118.07256,331.57,0.53,0.5,2025-01-08,2021,N21,VIIRS,n,2.0NRT,289.05,41.89,D,2025-01-08 20:21:00,0.0020364780744139676,0.0016843334531081568,34.201584333453106,-118.07459647807441,34.201584333453106,-118.07052352192558,34.19821566654689,-118.07052352192558,34.19821566654689,-118.07459647807441,0.140625,1110,0.2409,0.0,10,-2.5,0.5,0.0031300000846385956,28.0,280.20001220703125,287.20001220703125,5.0,81.0
34.20041,-118.04913,350.72,0.52,0.5,2025-01-08,2021,N21,VIIRS,n,2.0NRT,307.82,21.76,D,2025-01-08 20:21:00,0.0020364903936576206,0.0016843334531081568,34.202094333453104,-118.05116649039367,34.202094333453104,-118.04709350960634,34.19872566654689,-118.04709350960634,34.19872566654689,-118.05116649039367,0.140625,1053,0.3279,0.0,10,-2.5,0.5,0.0031300000846385956,28.0,280.20001220703125,287.20001220703125,5.0,81.0
34.20064,-118.133,351.01,0.53,0.5,2025-01-08,2021,N21,VIIRS,n,2.0NRT,297.01,20.67,D,2025-01-08 20:21:00,0.0020364959494965115,0.0016843334531081568,34.202324333453106,-118.13503649594949,34.202324333453106,-118.1309635040505,34.198955666546894,-118.1309635040505,34.198955666546894,-118.13503649594949,0.140625,691,0.23440000000000003,784.9224853515625,50,-2.119999885559082,0.0,0.004019999876618385,27.0,284.8999938964844,291.79998779296875,4.400000095367432,77.0
34.20082,-118.1554,367.0,0.53,0.5,2025-01-08,2021,N21,VIIRS,h,2.0NRT,304.15,14.3,D,2025-01-08 20:21:00,0.0020365002975883755,0.0016843334531081568,34.202504333453106,-118.15743650029759,34.202504333453106,-118.15336349970241,34.199135666546894,-118.15336349970241,34.199135666546894,-118.15743650029759,0.140625,473,0.3321,1221.9278564453125,50,-2.119999885559082,0.0,0.004019999876618385,27.0,284.8999938964844,291.79998779296875,4.400000095367432,77.0
34.20114,-118.15209,347.64,0.53,0.5,2025-01-08,2021,N21,VIIRS,n,2.0NRT,313.75,65.52,D,2025-01-08 20:21:00,0.002036508027624941,0.0016843334531081568,34.20282433345311,-118.15412650802763,34.20282433345311,-118.15005349197237,34.199455666546896,-118.15005349197237,34.199455666546896,-118.15412650802763,0.140625,473,0.3321,1221.9278564453125,50,-2.119999885559082,0.0,0.004019999876618385,27.0,284.8999938964844,291.79998779296875,4.400000095367432,77.0
34.20146,-118.06568,354.08,0.53,0.5,2025-01-08,2021,N21,VIIRS,n,2.0NRT,305.57,41.89,D,2025-01-08 20:21:00,0.0020365157577837143,0.0016843334531081568,34.2031443334531,-118.06771651575778,34.2031443334531,-118.06364348424222,34.19977566654689,-118.06364348424222,34.19977566654689,-118.06771651575778,0.140625,1355,0.32030000000000003,0.0,10,-2.5,0.5,0.0031300000846385956,28.0,280.20001220703125,287.20001220703125,5.0,81.0
34.2017,-118.04346,328.63,0.52,0.5,2025-01-08,2021,N21,VIIRS,n,2.0NRT,297.62,21.76,D,2025-01-08 20:21:00,0.0020365215554829937,0.0016843334531081568,34.20338433345311,-118.04549652155548,34.20338433345311,-118.04142347844451,34.200015666546896,-118.04142347844451,34.200015666546896,-118.04549652155548,0.140625,1171,0.4909,0.0,10,-2.5,0.5,0.0031300000846385956,28.0,280.20001220703125,287.20001220703125,5.0,81.0
34.20202,-118.12691,353.37,0.53,0.5,2025-01-08,2021,N21,VIIRS,n,2.0NRT,297.55,18.53,D,2025-01-08 20:21:00,0.0020365292858556348,0.0016843334531081568,34.2037043334531,-118.12894652928586,34.2037043334531,-118.12487347071414,34.20033566654689,-118.12487347071414,34.20033566654689,-118.12894652928586,0.140625,691,0.23440000000000003,784.9224853515625,50,-2.119999885559082,0.0,0.004019999876618385,27.0,284.8999938964844,291.79998779296875,4.400000095367432,77.0
34.2022,-118.1495,347.39,0.53,0.5,2025-01-08,2021,N21,VIIRS,n,2.0NRT,309.17,35.92,D,2025-01-08 20:21:00,0.002036533634243952,0.0016843334531081568,34.203884333453104,-118.15153653363424,34.203884333453104,-118.14746346636576,34.20051566654689,-118.14746346636576,34.20051566654689,-118.15153653363424,0.140625,519,0.1801,1848.8197021484375,10,-2.119999885559082,0.0,0.004019999876618385,27.0,284.8999938964844,291.79998779296875,4.400000095367432,77.0
34.20249,-118.14613,350.03,0.53,0.5,2025-01-08,2021,N21,VIIRS,n,2.0NRT,311.73,65.52,D,2025-01-08 20:21:00,0.002036540640062022,0.0016843334531081568,34.2041743334531,-118.14816654064006,34.2041743334531,-118.14409345935994,34.20080566654689,-118.14409345935994,34.20080566654689,-118.14816654064006,0.140625,519,0.1801,1848.8197021484375,10,-2.119999885559082,0.0,0.004019999876618385,27.0,284.8999938964844,291.79998779296875,4.400000095367432,77.0
34.20275,-118.05996,367.0,0.52,0.5,2025-01-08,2021,N21,VIIRS,h,2.0NRT,332.21,207.93,D,2025-01-08 20:21:00,0.002036546921225628,0.0016843334531081568,34.20443433345311,-118.06199654692124,34.20443433345311,-118.05792345307877,34.201065666546896,-118.05792345307877,34.201065666546896,-118.06199654692124,0.140625,1311,0.40940000000000004,0.0,10,-2.5,0.5,0.0031300000846385956,28.0,280.20001220703125,287.20001220703125,5.0,81.0
34.20293,-118.08035,337.85,0.53,0.5,2025-01-08,2021,N21,VIIRS,n,2.0NRT,285.06,6.35,D,2025-01-08 20:21:00,0.0020365512697707723,0.0016843334531081568,34.20461433345311,-118.08238655126976,34.20461433345311,-118.07831344873023,34.201245666546896,-118.07831344873023,34.201245666546896,-118.08238655126976,0.140625,896,0.21730000000000002,0.0,10,-2.259999990463257,0.4000000059604645,0.003719999920576811,28.0,281.70001220703125,289.70001220703125,4.699999809265137,78.0
34.20359,-118.1435,367.0,0.53,0.5,2025-01-08,2021,N21,VIIRS,h,2.0NRT,306.33,35.92,D,2025-01-08 20:21:00,0.0020365672147671533,0.0016843334531081568,34.205274333453104,-118.14553656721478,34.205274333453104,-118.14146343278523,34.20190566654689,-118.14146343278523,34.20190566654689,-118.14553656721478,0.140625,519,0.1801,1848.8197021484375,10,-2.119999885559082,0.0,0.004019999876618385,27.0,284.8999938964844,291.79998779296875,4.400000095367432,77.0
34.20385,-118.14009,367.0,0.53,0.5,2025-01-08,2021,N21,VIIRS,h,2.0NRT,301.29,20.67,D,2025-01-08 20:21:00,0.0020365734962721144,0.0016843334531081568,34.20553433345311,-118.14212657349627,34.20553433345311,-118.13805342650373,34.2021656665469,-118.13805342650373,34.2021656665469,-118.14212657349627,0.140625,571,0.2068,1373.78564453125,10,-2.119999885559082,0.0,0.004019999876618385,27.0,284.8999938964844,291.79998779296875,4.400000095367432,77.0
34.20385,-118.05507,367.0,0.52,0.5,2025-01-08,2021,N21,VIIRS,h,2.0NRT,345.0,207.93,D,2025-01-08 20:21:00,0.0020365734962721144,0.0016843334531081568,34.20553433345311,-118.05710657349627,34.20553433345311,-118.05303342650373,34.2021656665469,-118.05303342650373,34.2021656665469,-118.05710657349627,0.140625,1311,0.40940000000000004,0.0,10,-2.5,0.5,0.0031300000846385956,28.0,280.20001220703125,287.20001220703125,5.0,81.0
34.20454,-118.07318,328.65,0.53,0.5,2025-01-08,2021,N21,VIIRS,n,2.0NRT,281.97,17.8,D,2025-01-08 20:21:00,0.0020365901668110975,0.0016843334531081568,34.20622433345311,-118.0752165901668,34.20622433345311,-118.07114340983318,34.202855666546895,-118.07114340983318,34.202855666546895,-118.0752165901668,0.140625,1042,0.3785,0.0,10,-2.5,0.5,0.0031300000846385956,28.0,280.20001220703125,287.20001220703125,5.0,81.0
34.20501,-118.1374,367.0,0.53,0.5,2025-01-08,2021,N21,VIIRS,h,2.0NRT,299.27,16.98,D,2025-01-08 20:21:00,0.002036601522431149,0.0016843334531081568,34.20669433345311,-118.13943660152243,34.20669433345311,-118.13536339847757,34.203325666546895,-118.13536339847757,34.203325666546895,-118.13943660152243,0.140625,571,0.2068,1373.78564453125,10,-2.119999885559082,0.0,0.004019999876618385,27.0,284.8999938964844,291.79998779296875,4.400000095367432,77.0
34.20508,-118.0496,340.28,0.52,0.5,2025-01-08,2021,N21,VIIRS,n,2.0NRT,293.58,21.76,D,2025-01-08 20:21:00,0.0020366032137162696,0.0016843334531081568,34.20676433345311,-118.05163660321371,34.20676433345311,-118.04756339678629,34.203395666546896,-118.04756339678629,34.203395666546896,-118.05163660321371,0.140625,1171,0.4909,0.0,10,-2.5,0.5,0.0031300000846385956,28.0,280.20001220703125,287.20001220703125,5.0,81.0
34.20526,-118.1338,350.01,0.53,0.5,2025-01-08,2021,N21,VIIRS,n,2.0NRT,297.65,20.67,D,2025-01-08 20:21:00,0.002036607562762009,0.0016843334531081568,34.20694433345311,-118.13583660756275,34.20694433345311,-118.13176339243724,34.2035756665469,-118.13176339243724,34.2035756665469,-118.13583660756275,0.140625,571,0.2068,1373.78564453125,10,-2.119999885559082,0.0,0.004019999876618385,27.0,284.8999938964844,291.79998779296875,4.400000095367432,77.0
34.20537,-118.15656,338.56,0.53,0.5,2025-01-08,2021,N21,VIIRS,n,2.0NRT,289.91,14.3,D,2025-01-08 20:21:00,0.002036610220531222,0.0016843334531081568,34.20705433345311,-118.15859661022053,34.20705433345311,-118.15452338977947,34.203685666546896,-118.15452338977947,34.203685666546896,-118.15859661022053,0.140625,473,0.3321,1221.9278564453125,50,-2.119999885559082,0.0,0.004019999876618385,27.0,284.8999938964844,291.79998779296875,4.400000095367432,77.0
34.20615,-118.06608,352.36,0.53,0.5,2025-01-08,2021,N21,VIIRS,n,2.0NRT,288.51,17.8,D,2025-01-08 20:21:00,0.002036629066945426,0.0016843334531081568,34.20783433345311,-118.06811662906695,34.20783433345311,-118.06404337093305,34.204465666546895,-118.06404337093305,34.204465666546895,-118.06811662906695,0.140625,1355,0.32030000000000003,0.0,10,-2.5,0.5,0.0031300000846385956,28.0,280.20001220703125,287.20001220703125,5.0,81.0
34.20654,-118.13083,332.14,0.53,0.5,2025-01-08,2021,N21,VIIRS,n,2.0NRT,292.6,16.98,D,2025-01-08 20:21:00,0.002036638490424874,0.0016843334531081568,34.2082243334531,-118.13286663849043,34.2082243334531,-118.12879336150958,34.20485566654689,-118.12879336150958,34.20485566654689,-118.13286663849043,0.140625,691,0.23440000000000003,784.9224853515625,50,-2.119999885559082,0.0,0.004019999876618385,27.0,284.8999938964844,291.79998779296875,4.400000095367432,77.0
34.20707,-118.14709,340.0,0.53,0.5,2025-01-08,2021,N21,VIIRS,n,2.0NRT,291.95,17.33,D,2025-01-08 20:21:00,0.002036651296982851,0.0016843334531081568,34.20875433345311,-118.14912665129698,34.20875433345311,-118.14505334870303,34.205385666546896,-118.14505334870303,34.205385666546896,-118.14912665129698,0.140625,519,0.1801,1848.8197021484375,10,-2.119999885559082,0.0,0.004019999876618385,27.0,284.8999938964844,291.79998779296875,4.400000095367432,77.0
34.20734,-118.08199,333.46,0.53,0.5,2025-01-08,2021,N21,VIIRS,n,2.0NRT,287.11,6.35,D,2025-01-08 20:21:00,0.002036657821207351,0.0016843334531081568,34.20902433345311,-118.08402665782121,34.20902433345311,-118.0799533421788,34.205655666546896,-118.0799533421788,34.205655666546896,-118.08402665782121,0.140625,896,0.21730000000000002,0.0,10,-2.259999990463257,0.4000000059604645,0.003719999920576811,28.0,281.70001220703125,289.70001220703125,4.699999809265137,78.0
34.20821,-118.14433,349.03,0.53,0.5,2025-01-08,2021,N21,VIIRS,n,2.0NRT,294.21,35.92,D,2025-01-08 20:21:00,0.0020366788443005237,0.0016843334531081568,34.20989433345311,-118.1463666788443,34.20989433345311,-118.14229332115569,34.206525666546895,-118.14229332115569,34.206525666546895,-118.1463666788443,0.140625,519,0.1801,1848.8197021484375,10,-2.119999885559082,0.0,0.004019999876618385,27.0,284.8999938964844,291.79998779296875,4.400000095367432,77.0
34.20848,-118.14084,346.04,0.53,0.5,2025-01-08,2021,N21,VIIRS,n,2.0NRT,295.62,15.95,D,2025-01-08 20:21:00,0.0020366853688924794,0.0016843334531081568,34.21016433345311,-118.14287668536889,34.21016433345311,-118.1388033146311,34.206795666546896,-118.1388033146311,34.206795666546896,-118.14287668536889,0.140625,571,0.2068,1373.78564453125,10,-2.119999885559082,0.0,0.004019999876618385,27.0,284.8999938964844,291.79998779296875,4.400000095367432,77.0
34.20938,-118.09419,338.93,0.53,0.5,2025-01-08,2021,N21,VIIRS,n,2.0NRT,289.97,16.57,D,2025-01-08 20:21:00,0.002036707118160903,0.0016843334531081568,34.21106433345311,-118.09622670711816,34.21106433345311,-118.09215329288183,34.2076956665469,-118.09215329288183,34.2076956665469,-118.09622670711816,0.140625,998,0.21730000000000002,0.0,20,-2.259999990463257,0.4000000059604645,0.003719999920576811,28.0,281.70001220703125,289.70001220703125,4.699999809265137,78.0
34.20996,-118.15751,339.2,0.53,0.5,2025-01-08,2021,N21,VIIRS,n,2.0NRT,290.27,9.92,D,2025-01-08 20:21:00,0.002036721134868531,0.0016843334531081568,34.21164433345311,-118.15954672113487,34.21164433345311,-118.15547327886513,34.208275666546896,-118.15547327886513,34.208275666546896,-118.15954672113487,0.140625,577,0.29600000000000004,547.4627685546875,10,-2.440000057220459,0.5,0.0031500000040978193,27.0,278.6000061035156,283.8999938964844,4.900000095367432,79.0
34.21058,-118.08886,346.97,0.53,0.5,2025-01-08,2021,N21,VIIRS,n,2.0NRT,294.47,27.22,D,2025-01-08 20:21:00,0.0020367361186897953,0.0016843334531081568,34.212264333453106,-118.09089673611868,34.212264333453106,-118.08682326388131,34.208895666546894,-118.08682326388131,34.208895666546894,-118.09089673611868,0.140625,1148,0.3215,0.0,10,-2.680000066757202,0.699999988079071,0.0026000000070780516,28.0,276.8999938964844,281.70001220703125,5.300000190734863,62.0
34.21184,-118.08327,337.43,0.53,0.5,2025-01-08,2021,N21,VIIRS,n,2.0NRT,289.97,27.22,D,2025-01-08 20:21:00,0.002036766571095556,0.0016843334531081568,34.21352433345311,-118.0853067665711,34.21352433345311,-118.0812332334289,34.210155666546896,-118.0812332334289,34.210155666546896,-118.0853067665711,0.140625,1013,0.2952,0.0,10,-2.680000066757202,0.699999988079071,0.0026000000070780516,28.0,276.8999938964844,281.70001220703125,5.300000190734863,62.0
34.21285,-118.14507,349.81,0.53,0.5,2025-01-08,2021,N21,VIIRS,n,2.0NRT,294.72,27.9,D,2025-01-08 20:21:00,0.002036790982726105,0.0016843334531081568,34.21453433345311,-118.14710679098273,34.21453433345311,-118.14303320901728,34.2111656665469,-118.14303320901728,34.2111656665469,-118.14710679098273,0.140625,649,0.29600000000000004,161.29188537597656,10,-2.440000057220459,0.5,0.0031500000040978193,27.0,278.6000061035156,283.8999938964844,4.900000095367432,79.0
34.21323,-118.05585,338.89,0.52,0.5,2025-01-08,2021,N21,VIIRS,n,2.0NRT,284.6,429.75,D,2025-01-08 20:21:00,0.0020368001676153344,0.0016843334531081568,34.21491433345311,-118.05788680016762,34.21491433345311,-118.05381319983239,34.2115456665469,-118.05381319983239,34.2115456665469,-118.05788680016762,0.140625,1445,0.5701,0.0,10,-2.630000114440918,0.699999988079071,0.002580000087618828,28.0,277.8999938964844,282.5,5.599999904632568,63.0
34.21442,-118.09702,333.26,0.53,0.5,2025-01-08,2021,N21,VIIRS,n,2.0NRT,284.79,5.44,D,2025-01-08 20:21:00,0.002036828931936587,0.0016843334531081568,34.2161043334531,-118.09905682893194,34.2161043334531,-118.09498317106807,34.21273566654689,-118.09498317106807,34.21273566654689,-118.09905682893194,0.140625,1148,0.3215,0.0,10,-2.680000066757202,0.699999988079071,0.0026000000070780516,28.0,276.8999938964844,281.70001220703125,5.300000190734863,62.0
34.21753,-118.14565,351.67,0.53,0.5,2025-01-08,2021,N21,VIIRS,n,2.0NRT,302.17,27.9,D,2025-01-08 20:21:00,0.0020369041139042423,0.0016843334531081568,34.2192143334531,-118.14768690411391,34.2192143334531,-118.1436130958861,34.21584566654689,-118.1436130958861,34.21584566654689,-118.14768690411391,0.140625,649,0.29600000000000004,161.29188537597656,10,-2.440000057220459,0.5,0.0031500000040978193,27.0,278.6000061035156,283.8999938964844,4.900000095367432,79.0
34.21782,-118.14199,339.22,0.53,0.5,2025-01-08,2021,N21,VIIRS,n,2.0NRT,296.98,28.54,D,2025-01-08 20:21:00,0.002036911125030218,0.0016843334531081568,34.21950433345311,-118.14402691112504,34.21950433345311,-118.13995308887498,34.2161356665469,-118.13995308887498,34.2161356665469,-118.14402691112504,0.140625,761,0.2306,36.638545989990234,10,-2.440000057220459,0.5,0.0031500000040978193,27.0,278.6000061035156,283.8999938964844,4.900000095367432,79.0
34.1776,-118.02348,306.93,0.63,0.72,2025-01-09,841,N21,VIIRS,n,2.0NRT,283.4,2.39,N,2025-01-09 08:41:00,0.002035939712850645,0.0016843334531081568,34.179284333453104,-118.02551593971286,34.179284333453104,-118.02144406028715,34.17591566654689,-118.02144406028715,34.17591566654689,-118.02551593971286,0.140625,474,0.3352,237.27415466308594,10,-2.309999942779541,0.0,0.0017600000137463212,23.0,281.20001220703125,290.5,6.199999809265137,89.0
34.17961,-118.01781,328.22,0.63,0.72,2025-01-09,841,N21,VIIRS,n,2.0NRT,283.57,7.62,N,2025-01-09 08:41:00,0.0020359882134988053,0.0016843334531081568,34.1812943334531,-118.01984598821349,34.1812943334531,-118.0157740117865,34.17792566654689,-118.0157740117865,34.17792566654689,-118.01984598821349,0.140625,474,0.3352,237.27415466308594,10,-2.309999942779541,0.0,0.0017600000137463212,23.0,281.20001220703125,290.5,6.199999809265137,89.0
34.17985,-118.02438,330.77,0.63,0.72,2025-01-09,841,N21,VIIRS,n,2.0NRT,284.47,7.62,N,2025-01-09 08:41:00,0.0020359940049428597,0.0016843334531081568,34.18153433345311,-118.02641599400494,34.18153433345311,-118.02234400599505,34.178165666546896,-118.02234400599505,34.178165666546896,-118.02641599400494,0.140625,474,0.3352,237.27415466308594,10,-2.309999942779541,0.0,0.0017600000137463212,23.0,281.20001220703125,290.5,6.199999809265137,89.0
34.18101,-118.13572,295.69,0.64,0.72,2025-01-09,841,N21,VIIRS,n,2.0NRT,281.5,1.33,N,2025-01-09 08:41:00,0.002036021997890551,0.0016843334531081568,34.18269433345311,-118.1377560219979,34.18269433345311,-118.13368397800211,34.179325666546895,-118.13368397800211,34.179325666546895,-118.1377560219979,0.140625,355,0.3705,3128.55810546875,50,-2.119999885559082,0.0,0.00215999991632998,23.0,285.0,293.5,5.199999809265137,83.0
34.18369,-118.13047,301.11,0.64,0.72,2025-01-09,841,N21,VIIRS,n,2.0NRT,283.76,3.97,N,2025-01-09 08:41:00,0.0020360866773876216,0.0016843334531081568,34.185374333453105,-118.1325060866774,34.185374333453105,-118.12843391332261,34.18200566654689,-118.12843391332261,34.18200566654689,-118.1325060866774,0.140625,433,0.23220000000000002,2245.83544921875,50,-2.119999885559082,0.0,0.00215999991632998,23.0,285.0,293.5,5.199999809265137,83.0
34.18415,-118.02006,345.75,0.63,0.72,2025-01-09,841,N21,VIIRS,n,2.0NRT,285.02,12.43,N,2025-01-09 08:41:00,0.00203609777995349,0.0016843334531081568,34.18583433345311,-118.02209609777995,34.18583433345311,-118.01802390222005,34.182465666546896,-118.01802390222005,34.182465666546896,-118.02209609777995,0.140625,650,0.3584,1.3821271657943726,20,-2.309999942779541,0.0,0.0017600000137463212,23.0,281.20001220703125,290.5,6.199999809265137,89.0
34.18639,-118.02132,301.8,0.63,0.72,2025-01-09,841,N21,VIIRS,n,2.0NRT,281.16,1.63,N,2025-01-09 08:41:00,0.0020361518482281773,0.0016843334531081568,34.18807433345311,-118.02335615184823,34.18807433345311,-118.01928384815177,34.1847056665469,-118.01928384815177,34.1847056665469,-118.02335615184823,0.140625,650,0.3584,1.3821271657943726,20,-2.309999942779541,0.0,0.0017600000137463212,23.0,281.20001220703125,290.5,6.199999809265137,89.0
34.18723,-118.12022,296.59,0.64,0.72,2025-01-09,841,N21,VIIRS,n,2.0NRT,283.54,3.03,N,2025-01-09 08:41:00,0.0020361721253738863,0.0016843334531081568,34.188914333453106,-118.12225617212538,34.188914333453106,-118.11818382787463,34.18554566654689,-118.11818382787463,34.18554566654689,-118.12225617212538,0.140625,433,0.2674,1497.5074462890625,10,-2.259999990463257,0.0,0.001970000099390745,23.0,282.6000061035156,291.29998779296875,5.400000095367432,86.0
34.18744,-118.12722,301.68,0.64,0.72,2025-01-09,841,N21,VIIRS,n,2.0NRT,284.53,3.03,N,2025-01-09 08:41:00,0.002036177194791801,0.0016843334531081568,34.18912433345311,-118.12925617719479,34.18912433345311,-118.1251838228052,34.185755666546896,-118.1251838228052,34.185755666546896,-118.12925617719479,0.140625,433,0.23220000000000002,2245.83544921875,50,-2.119999885559082,0.0,0.00215999991632998,23.0,285.0,293.5,5.199999809265137,83.0
34.18766,-118.13443,303.04,0.64,0.72,2025-01-09,841,N21,VIIRS,n,2.0NRT,284.45,2.88,N,2025-01-09 08:41:00,0.00203618250566698,0.0016843334531081568,34.18934433345311,-118.13646618250566,34.18934433345311,-118.13239381749433,34.185975666546895,-118.13239381749433,34.185975666546895,-118.13646618250566,0.140625,416,0.23220000000000002,2010.370361328125,50,-2.119999885559082,0.0,0.00215999991632998,23.0,285.0,293.5,5.199999809265137,83.0
34.18811,-118.14909,297.87,0.65,0.73,2025-01-09,841,N21,VIIRS,n,2.0NRT,283.45,2.05,N,2025-01-09 08:41:00,0.0020361933690005523,0.0016843334531081568,34.18979433345311,-118.151126193369,34.18979433345311,-118.147053806631,34.186425666546896,-118.147053806631,34.186425666546896,-118.151126193369,0.140625,392,0.2686,1909.0643310546875,10,-2.119999885559082,0.0,0.00215999991632998,23.0,285.0,293.5,5.199999809265137,83.0
34.18833,-118.15644,298.34,0.65,0.73,2025-01-09,841,N21,VIIRS,n,2.0NRT,282.18,2.05,N,2025-01-09 08:41:00,0.002036198680051533,0.0016843334531081568,34.19001433345311,-118.15847619868005,34.19001433345311,-118.15440380131996,34.186645666546895,-118.15440380131996,34.186645666546895,-118.15847619868005,0.140625,369,0.26530000000000004,3756.700927734375,50,-2.119999885559082,0.0,0.00215999991632998,23.0,285.0,293.5,5.199999809265137,83.0
34.19007,-118.12199,295.88,0.64,0.72,2025-01-09,841,N21,VIIRS,n,2.0NRT,283.69,3.26,N,2025-01-09 08:41:00,0.0020362406876704036,0.0016843334531081568,34.191754333453105,-118.12402624068767,34.191754333453105,-118.11995375931232,34.18838566654689,-118.11995375931232,34.18838566654689,-118.12402624068767,0.140625,433,0.2674,1497.5074462890625,10,-2.259999990463257,0.0,0.001970000099390745,23.0,282.6000061035156,291.29998779296875,5.400000095367432,86.0
34.19033,-118.12902,303.25,0.64,0.72,2025-01-09,841,N21,VIIRS,n,2.0NRT,284.75,2.14,N,2025-01-09 08:41:00,0.0020362469649810454,0.0016843334531081568,34.19201433345311,-118.13105624696497,34.19201433345311,-118.12698375303502,34.1886456665469,-118.12698375303502,34.1886456665469,-118.13105624696497,0.140625,433,0.23220000000000002,2245.83544921875,50,-2.119999885559082,0.0,0.00215999991632998,23.0,285.0,293.5,5.199999809265137,83.0
34.19059,-118.13631,302.61,0.64,0.72,2025-01-09,841,N21,VIIRS,n,2.0NRT,285.15,2.14,N,2025-01-09 08:41:00,0.0020362532423723215,0.0016843334531081568,34.192274333453106,-118.13834625324236,34.192274333453106,-118.13427374675763,34.188905666546894,-118.13427374675763,34.188905666546894,-118.13834625324236,0.140625,416,0.23220000000000002,2010.370361328125,50,-2.119999885559082,0.0,0.00215999991632998,23.0,285.0,293.5,5.199999809265137,83.0
34.19086,-118.14372,299.99,0.64,0.72,2025-01-09,841,N21,VIIRS,n,2.0NRT,285.19,2.52,N,2025-01-09 08:41:00,0.002036259761287071,0.0016843334531081568,34.19254433345311,-118.14575625976128,34.19254433345311,-118.14168374023872,34.189175666546895,-118.14168374023872,34.189175666546895,-118.14575625976128,0.140625,392,0.2686,1909.0643310546875,10,-2.119999885559082,0.0,0.00215999991632998,23.0,285.0,293.5,5.199999809265137,83.0
34.19113,-118.15117,305.95,0.65,0.73,2025-01-09,841,N21,VIIRS,n,2.0NRT,285.68,2.52,N,2025-01-09 08:41:00,0.002036266280288779,0.0016843334531081568,34.19281433345311,-118.15320626628028,34.19281433345311,-118.14913373371971,34.189445666546895,-118.14913373371971,34.189445666546895,-118.15320626628028,0.140625,369,0.26530000000000004,3756.700927734375,50,-2.119999885559082,0.0,0.00215999991632998,23.0,285.0,293.5,5.199999809265137,83.0
34.19139,-118.15855,296.96,0.65,0.73,2025-01-09,841,N21,VIIRS,n,2.0NRT,281.59,2.0,N,2025-01-09 08:41:00,0.0020362725579281668,0.0016843334531081568,34.193074333453104,-118.16058627255794,34.193074333453104,-118.15651372744207,34.18970566654689,-118.15651372744207,34.18970566654689,-118.16058627255794,0.140625,369,0.26530000000000004,3756.700927734375,50,-2.119999885559082,0.0,0.00215999991632998,23.0,285.0,293.5,5.199999809265137,83.0
34.19196,-118.05694,296.05,0.64,0.72,2025-01-09,841,N21,VIIRS,n,2.0NRT,282.3,1.18,N,2025-01-09 08:41:00,0.0020362863207274637,0.0016843334531081568,34.19364433345311,-118.05897628632073,34.19364433345311,-118.05490371367927,34.190275666546896,-118.05490371367927,34.190275666546896,-118.05897628632073,0.140625,1089,0.4838,0.0,10,-2.5,0.0,0.0016299999551847577,23.0,281.1000061035156,289.0,5.599999904632568,88.0
34.19419,-118.05276,296.19,0.64,0.72,2025-01-09,841,N21,VIIRS,n,2.0NRT,282.35,1.78,N,2025-01-09 08:41:00,0.0020363401683859165,0.0016843334531081568,34.195874333453105,-118.0547963401684,34.195874333453105,-118.05072365983162,34.19250566654689,-118.05072365983162,34.19250566654689,-118.0547963401684,0.140625,1089,0.4838,0.0,10,-2.5,0.0,0.0016299999551847577,23.0,281.1000061035156,289.0,5.599999904632568,88.0
34.1943,-118.1327,301.85,0.64,0.72,2025-01-09,841,N21,VIIRS,n,2.0NRT,285.06,2.88,N,2025-01-09 08:41:00,0.0020363428247019795,0.0016843334531081568,34.195984333453104,-118.1347363428247,34.195984333453104,-118.1306636571753,34.19261566654689,-118.1306636571753,34.19261566654689,-118.1347363428247,0.140625,519,0.27940000000000004,2304.54345703125,10,-2.119999885559082,0.0,0.00215999991632998,23.0,285.0,293.5,5.199999809265137,83.0
34.19439,-118.05814,301.14,0.64,0.72,2025-01-09,841,N21,VIIRS,n,2.0NRT,283.35,2.53,N,2025-01-09 08:41:00,0.0020363449980622234,0.0016843334531081568,34.196074333453105,-118.06017634499806,34.196074333453105,-118.05610365500193,34.19270566654689,-118.05610365500193,34.19270566654689,-118.06017634499806,0.140625,1089,0.4838,0.0,10,-2.5,0.0,0.0016299999551847577,23.0,281.1000061035156,289.0,5.599999904632568,88.0
34.19453,-118.14021,299.93,0.65,0.73,2025-01-09,841,N21,VIIRS,n,2.0NRT,285.68,2.88,N,2025-01-09 08:41:00,0.002036348378864033,0.0016843334531081568,34.196214333453106,-118.14224634837886,34.196214333453106,-118.13817365162113,34.192845666546894,-118.13817365162113,34.192845666546894,-118.14224634837886,0.140625,480,0.1887,2485.000244140625,10,-2.119999885559082,0.0,0.00215999991632998,23.0,285.0,293.5,5.199999809265137,83.0
34.19476,-118.14783,300.82,0.65,0.73,2025-01-09,841,N21,VIIRS,n,2.0NRT,285.76,2.05,N,2025-01-09 08:41:00,0.0020363539330891986,0.0016843334531081568,34.19644433345311,-118.14986635393309,34.19644433345311,-118.1457936460669,34.193075666546896,-118.1457936460669,34.193075666546896,-118.14986635393309,0.140625,444,0.16640000000000002,2648.635498046875,50,-2.119999885559082,0.0,0.00215999991632998,23.0,285.0,293.5,5.199999809265137,83.0
34.19499,-118.1554,304.15,0.65,0.73,2025-01-09,841,N21,VIIRS,n,2.0NRT,284.93,2.05,N,2025-01-09 08:41:00,0.0020363594873774775,0.0016843334531081568,34.1966743334531,-118.15743635948738,34.1966743334531,-118.15336364051262,34.19330566654689,-118.15336364051262,34.19330566654689,-118.15743635948738,0.140625,405,0.1733,3550.091796875,50,-2.119999885559082,0.0,0.00215999991632998,23.0,285.0,293.5,5.199999809265137,83.0
34.19695,-118.12712,296.56,0.64,0.72,2025-01-09,841,N21,VIIRS,n,2.0NRT,283.69,2.14,N,2025-01-09 08:41:00,0.00203640682213391,0.0016843334531081568,34.19863433345311,-118.12915640682213,34.19863433345311,-118.12508359317788,34.195265666546895,-118.12508359317788,34.195265666546895,-118.12915640682213,0.140625,519,0.27940000000000004,2304.54345703125,10,-2.119999885559082,0.0,0.00215999991632998,23.0,285.0,293.5,5.199999809265137,83.0
34.19722,-118.13458,296.24,0.64,0.72,2025-01-09,841,N21,VIIRS,n,2.0NRT,284.72,2.14,N,2025-01-09 08:41:00,0.002036413343097314,0.0016843334531081568,34.19890433345311,-118.13661641334309,34.19890433345311,-118.13254358665691,34.195535666546895,-118.13254358665691,34.195535666546895,-118.13661641334309,0.140625,480,0.1887,2485.000244140625,10,-2.119999885559082,0.0,0.00215999991632998,23.0,285.0,293.5,5.199999809265137,83.0
34.19749,-118.14225,297.75,0.64,0.72,2025-01-09,841,N21,VIIRS,n,2.0NRT,285.22,2.52,N,2025-01-09 08:41:00,0.0020364198641477033,0.0016843334531081568,34.19917433345311,-118.14428641986416,34.19917433345311,-118.14021358013585,34.195805666546896,-118.14021358013585,34.195805666546896,-118.14428641986416,0.140625,444,0.16640000000000002,2648.635498046875,50,-2.119999885559082,0.0,0.00215999991632998,23.0,285.0,293.5,5.199999809265137,83.0
34.19777,-118.14996,302.55,0.65,0.73,2025-01-09,841,N21,VIIRS,n,2.0NRT,285.15,2.52,N,2025-01-09 08:41:00,0.002036426626810355,0.0016843334531081568,34.199454333453104,-118.15199642662681,34.199454333453104,-118.14792357337318,34.19608566654689,-118.14792357337318,34.19608566654689,-118.15199642662681,0.140625,444,0.16640000000000002,2648.635498046875,50,-2.119999885559082,0.0,0.00215999991632998,23.0,285.0,293.5,5.199999809265137,83.0
34.19806,-118.15755,296.4,0.65,0.73,2025-01-09,841,N21,VIIRS,n,2.0NRT,282.23,2.0,N,2025-01-09 08:41:00,0.0020364336310952948,0.0016843334531081568,34.199744333453104,-118.15958643363109,34.199744333453104,-118.15551356636891,34.19637566654689,-118.15551356636891,34.19637566654689,-118.15958643363109,0.140625,405,0.1733,3550.091796875,50,-2.119999885559082,0.0,0.00215999991632998,23.0,285.0,293.5,5.199999809265137,83.0
34.19871,-118.05993,296.39,0.64,0.72,2025-01-09,841,N21,VIIRS,n,2.0NRT,282.25,5.01,N,2025-01-09 08:41:00,0.0020364493307191847,0.0016843334531081568,34.200394333453104,-118.06196644933071,34.200394333453104,-118.05789355066928,34.19702566654689,-118.05789355066928,34.19702566654689,-118.06196644933071,0.140625,1089,0.4838,0.0,10,-2.5,0.0,0.0016299999551847577,23.0,281.1000061035156,289.0,5.599999904632568,88.0
34.20141,-118.14642,298.53,0.65,0.73,2025-01-09,841,N21,VIIRS,n,2.0NRT,284.57,3.92,N,2025-01-09 08:41:00,0.00203651454993835,0.0016843334531081568,34.20309433345311,-118.14845651454995,34.20309433345311,-118.14438348545006,34.1997256665469,-118.14438348545006,34.1997256665469,-118.14845651454995,0.140625,519,0.1801,1848.8197021484375,10,-2.119999885559082,0.0,0.00215999991632998,23.0,285.0,293.5,5.199999809265137,83.0
34.20441,-118.14849,295.17,0.65,0.73,2025-01-09,841,N21,VIIRS,n,2.0NRT,282.29,2.39,N,2025-01-09 08:41:00,0.0020365870259414645,0.0016843334531081568,34.20609433345311,-118.15052658702594,34.20609433345311,-118.14645341297405,34.2027256665469,-118.14645341297405,34.2027256665469,-118.15052658702594,0.140625,519,0.1801,1848.8197021484375,10,-2.119999885559082,0.0,0.00215999991632998,23.0,285.0,293.5,5.199999809265137,83.0
34.20529,-118.05727,320.12,0.64,0.72,2025-01-09,841,N21,VIIRS,n,2.0NRT,285.53,5.01,N,2025-01-09 08:41:00,0.0020366082876067254,0.0016843334531081568,34.206974333453104,-118.05930660828761,34.206974333453104,-118.05523339171239,34.20360566654689,-118.05523339171239,34.20360566654689,-118.05930660828761,0.140625,1311,0.40940000000000004,0.0,10,-2.5,0.0,0.0016299999551847577,23.0,281.1000061035156,289.0,5.599999904632568,88.0
34.20546,-118.06264,330.38,0.64,0.72,2025-01-09,841,N21,VIIRS,n,2.0NRT,286.67,5.01,N,2025-01-09 08:41:00,0.0020366123950804125,0.0016843334531081568,34.20714433345311,-118.06467661239508,34.20714433345311,-118.06060338760493,34.203775666546896,-118.06060338760493,34.203775666546896,-118.06467661239508,0.140625,1355,0.32030000000000003,0.0,10,-2.5,0.0,0.0016299999551847577,23.0,281.1000061035156,289.0,5.599999904632568,88.0
34.20578,-118.07273,304.91,0.64,0.72,2025-01-09,841,N21,VIIRS,n,2.0NRT,283.21,5.4,N,2025-01-09 08:41:00,0.0020366201268891717,0.0016843334531081568,34.2074643334531,-118.0747666201269,34.2074643334531,-118.07069337987312,34.20409566654689,-118.07069337987312,34.20409566654689,-118.0747666201269,0.140625,1042,0.3785,0.0,10,-2.5,0.0,0.0016299999551847577,23.0,281.1000061035156,289.0,5.599999904632568,88.0
34.20771,-118.05827,326.71,0.64,0.72,2025-01-09,841,N21,VIIRS,n,2.0NRT,285.85,11.11,N,2025-01-09 08:41:00,0.0020366667619526406,0.0016843334531081568,34.209394333453105,-118.06030666676195,34.209394333453105,-118.05623333323804,34.20602566654689,-118.05623333323804,34.20602566654689,-118.06030666676195,0.140625,1311,0.40940000000000004,0.0,10,-2.5,0.0,0.0016299999551847577,23.0,281.1000061035156,289.0,5.599999904632568,88.0
34.2079,-118.06344,329.61,0.64,0.72,2025-01-09,841,N21,VIIRS,n,2.0NRT,285.91,6.79,N,2025-01-09 08:41:00,0.0020366713532096784,0.0016843334531081568,34.20958433345311,-118.06547667135321,34.20958433345311,-118.06140332864679,34.206215666546896,-118.06140332864679,34.206215666546896,-118.06547667135321,0.140625,1355,0.32030000000000003,0.0,10,-2.5,0.0,0.0016299999551847577,23.0,281.1000061035156,289.0,5.599999904632568,88.0
34.20845,-118.0779,316.34,0.64,0.72,2025-01-09,841,N21,VIIRS,n,2.0NRT,282.41,6.79,N,2025-01-09 08:41:00,0.0020366846439335198,0.0016843334531081568,34.210134333453105,-118.07993668464394,34.210134333453105,-118.07586331535606,34.20676566654689,-118.07586331535606,34.20676566654689,-118.07993668464394,0.140625,1042,0.3785,0.0,10,-2.5,0.0,0.0016299999551847577,23.0,281.1000061035156,289.0,5.599999904632568,88.0
34.20882,-118.08756,296.29,0.64,0.72,2025-01-09,841,N21,VIIRS,n,2.0NRT,281.73,2.09,N,2025-01-09 08:41:00,0.002036693585169116,0.0016843334531081568,34.21050433345311,-118.08959669358516,34.21050433345311,-118.08552330641483,34.2071356665469,-118.08552330641483,34.2071356665469,-118.08959669358516,0.140625,896,0.21730000000000002,0.0,10,-2.259999990463257,0.0,0.001970000099390745,23.0,282.6000061035156,291.29998779296875,5.400000095367432,86.0
34.20904,-118.09344,302.44,0.64,0.72,2025-01-09,841,N21,VIIRS,n,2.0NRT,280.6,2.09,N,2025-01-09 08:41:00,0.002036698901656952,0.0016843334531081568,34.21072433345311,-118.09547669890166,34.21072433345311,-118.09140330109834,34.207355666546896,-118.09140330109834,34.207355666546896,-118.09547669890166,0.140625,998,0.21730000000000002,0.0,20,-2.259999990463257,0.0,0.001970000099390745,23.0,282.6000061035156,291.29998779296875,5.400000095367432,86.0
34.21235,-118.06949,301.88,0.64,0.72,2025-01-09,841,N21,VIIRS,n,2.0NRT,280.75,5.06,N,2025-01-09 08:41:00,0.002036778897608242,0.0016843334531081568,34.21403433345311,-118.0715267788976,34.21403433345311,-118.0674532211024,34.210665666546895,-118.0674532211024,34.210665666546895,-118.0715267788976,0.140625,1439,0.3665,0.010477584786713123,10,-2.630000114440918,0.0,0.0013800000306218863,23.0,278.0,286.0,6.199999809265137,88.0
34.21279,-118.08321,331.58,0.64,0.72,2025-01-09,841,N21,VIIRS,n,2.0NRT,285.0,5.06,N,2025-01-09 08:41:00,0.0020367895324961993,0.0016843334531081568,34.214474333453104,-118.08524678953249,34.214474333453104,-118.0811732104675,34.21110566654689,-118.0811732104675,34.21110566654689,-118.08524678953249,0.140625,1013,0.2952,0.0,10,-2.680000066757202,0.0,0.00139999995008111,23.0,277.20001220703125,286.3999938964844,5.900000095367432,88.0
34.21298,-118.08936,308.28,0.64,0.72,2025-01-09,841,N21,VIIRS,n,2.0NRT,281.84,3.04,N,2025-01-09 08:41:00,0.0020367941249056476,0.0016843334531081568,34.21466433345311,-118.0913967941249,34.21466433345311,-118.0873232058751,34.211295666546896,-118.0873232058751,34.211295666546896,-118.0913967941249,0.140625,1148,0.3215,0.0,10,-2.680000066757202,0.0,0.00139999995008111,23.0,277.20001220703125,286.3999938964844,5.900000095367432,88.0
34.21313,-118.09404,295.14,0.64,0.72,2025-01-09,841,N21,VIIRS,n,2.0NRT,281.71,3.04,N,2025-01-09 08:41:00,0.002036797750522504,0.0016843334531081568,34.214814333453106,-118.09607679775053,34.214814333453106,-118.09200320224949,34.211445666546894,-118.09200320224949,34.211445666546894,-118.09607679775053,0.140625,1148,0.3215,0.0,10,-2.680000066757202,0.0,0.00139999995008111,23.0,277.20001220703125,286.3999938964844,5.900000095367432,88.0
34.21489,-118.14928,312.25,0.65,0.73,2025-01-09,841,N21,VIIRS,n,2.0NRT,282.3,5.57,N,2025-01-09 08:41:00,0.0020368402931007466,0.0016843334531081568,34.2165743334531,-118.1513168402931,34.2165743334531,-118.1472431597069,34.21320566654689,-118.1472431597069,34.21320566654689,-118.1513168402931,0.140625,649,0.29600000000000004,161.29188537597656,10,-2.440000057220459,0.0,0.0017000000225380063,23.0,278.8999938964844,288.70001220703125,5.599999904632568,88.0
34.21498,-118.0743,302.76,0.64,0.72,2025-01-09,841,N21,VIIRS,n,2.0NRT,280.85,2.97,N,2025-01-09 08:41:00,0.002036842468672914,0.0016843334531081568,34.2166643334531,-118.07633684246866,34.2166643334531,-118.07226315753132,34.21329566654689,-118.07226315753132,34.21329566654689,-118.07633684246866,0.140625,1209,0.3665,0.0,10,-2.630000114440918,0.0,0.0013800000306218863,23.0,278.0,286.0,6.199999809265137,88.0
34.21515,-118.15753,310.68,0.65,0.73,2025-01-09,841,N21,VIIRS,n,2.0NRT,281.35,7.01,N,2025-01-09 08:41:00,0.0020368465781134,0.0016843334531081568,34.21683433345311,-118.1595668465781,34.21683433345311,-118.15549315342189,34.213465666546895,-118.15549315342189,34.213465666546895,-118.1595668465781,0.140625,577,0.29600000000000004,547.4627685546875,10,-2.440000057220459,0.0,0.0017000000225380063,23.0,278.8999938964844,288.70001220703125,5.599999904632568,88.0
34.21539,-118.08495,302.56,0.64,0.72,2025-01-09,841,N21,VIIRS,n,2.0NRT,281.54,1.9,N,2025-01-09 08:41:00,0.002036852379735196,0.0016843334531081568,34.217074333453105,-118.08698685237974,34.217074333453105,-118.08291314762027,34.21370566654689,-118.08291314762027,34.21370566654689,-118.08698685237974,0.140625,1013,0.2952,0.0,10,-2.680000066757202,0.0,0.00139999995008111,23.0,277.20001220703125,286.3999938964844,5.900000095367432,88.0
34.2156,-118.09071,296.5,0.64,0.72,2025-01-09,841,N21,VIIRS,n,2.0NRT,280.7,1.9,N,2025-01-09 08:41:00,0.0020368574562106955,0.0016843334531081568,34.21728433345311,-118.0927468574562,34.21728433345311,-118.0886731425438,34.213915666546896,-118.0886731425438,34.213915666546896,-118.0927468574562,0.140625,1148,0.3215,0.0,10,-2.680000066757202,0.0,0.00139999995008111,23.0,277.20001220703125,286.3999938964844,5.900000095367432,88.0
34.21754,-118.14172,299.1,0.65,0.73,2025-01-09,841,N21,VIIRS,n,2.0NRT,280.65,4.31,N,2025-01-09 08:41:00,0.002036904355665535,0.0016843334531081568,34.219224333453106,-118.14375690435567,34.219224333453106,-118.13968309564434,34.215855666546894,-118.13968309564434,34.215855666546894,-118.14375690435567,0.140625,761,0.2306,36.638545989990234,10,-2.440000057220459,0.0,0.0017000000225380063,23.0,278.8999938964844,288.70001220703125,5.599999904632568,88.0
34.21788,-118.15088,344.23,0.65,0.73,2025-01-09,841,N21,VIIRS,n,2.0NRT,285.15,9.48,N,2025-01-09 08:41:00,0.0020369125756205474,0.0016843334531081568,34.21956433345311,-118.15291691257562,34.21956433345311,-118.14884308742438,34.216195666546895,-118.14884308742438,34.216195666546895,-118.15291691257562,0.140625,649,0.29600000000000004,161.29188537597656,10,-2.440000057220459,0.0,0.0017000000225380063,23.0,278.8999938964844,288.70001220703125,5.599999904632568,88.0
34.21819,-118.15897,311.99,0.65,0.73,2025-01-09,841,N21,VIIRS,n,2.0NRT,281.16,9.48,N,2025-01-09 08:41:00,0.0020369200704057466,0.0016843334531081568,34.219874333453106,-118.1610069200704,34.219874333453106,-118.15693307992959,34.216505666546894,-118.15693307992959,34.216505666546894,-118.1610069200704,0.140625,577,0.29600000000000004,547.4627685546875,10,-2.440000057220459,0.0,0.0017000000225380063,23.0,278.8999938964844,288.70001220703125,5.599999904632568,88.0
34.22143,-118.1446,299.79,0.65,0.73,2025-01-09,841,N21,VIIRS,n,2.0NRT,280.66,5.57,N,2025-01-09 08:41:00,0.0020369984098688107,0.0016843334531081568,34.223114333453104,-118.14663699840986,34.223114333453104,-118.14256300159013,34.21974566654689,-118.14256300159013,34.21974566654689,-118.14663699840986,0.140625,923,0.2359,0.7607831358909607,20,-2.440000057220459,0.0,0.0017000000225380063,23.0,278.8999938964844,288.70001220703125,5.599999904632568,88.0
34.22173,-118.15388,334.97,0.65,0.73,2025-01-09,841,N21,VIIRS,n,2.0NRT,282.88,7.01,N,2025-01-09 08:41:00,0.0020370056641570984,0.0016843334531081568,34.22341433345311,-118.15591700566416,34.22341433345311,-118.15184299433584,34.220045666546895,-118.15184299433584,34.220045666546895,-118.15591700566416,0.140625,795,0.5138,3.519368886947632,10,-2.440000057220459,0.0,0.0017000000225380063,23.0,278.8999938964844,288.70001220703125,5.599999904632568,88.0
34.15409,-118.19014,300.66,0.33,0.56,2025-01-09,1021,N21,VIIRS,n,2.0NRT,277.89,1.38,N,2025-01-09 10:21:00,0.002035372781664163,0.0016843334531081568,34.1557743334531,-118.19217537278166,34.1557743334531,-118.18810462721834,34.15240566654689,-118.18810462721834,34.15240566654689,-118.19217537278166,0.140625,306,0.38380000000000003,35.057273864746094,20,-2.069999933242798,0.0,0.0023799999617040157,23.0,283.79998779296875,293.6000061035156,4.900000095367432,71.0
34.18034,-118.01821,315.2,0.34,0.56,2025-01-09,1021,N21,VIIRS,n,2.0NRT,284.15,2.39,N,2025-01-09 10:21:00,0.0020360058293543665,0.0016843334531081568,34.18202433345311,-118.02024600582935,34.18202433345311,-118.01617399417064,34.178655666546895,-118.01617399417064,34.178655666546895,-118.02024600582935,0.140625,474,0.3352,237.27415466308594,10,-2.309999942779541,0.0,0.0017600000137463212,23.0,281.20001220703125,290.5,6.199999809265137,89.0
34.18057,-118.12804,295.63,0.34,0.56,2025-01-09,1021,N21,VIIRS,n,2.0NRT,281.87,1.11,N,2025-01-09 10:21:00,0.0020360113796870564,0.0016843334531081568,34.18225433345311,-118.13007601137969,34.18225433345311,-118.12600398862031,34.1788856665469,-118.12600398862031,34.1788856665469,-118.13007601137969,0.140625,372,0.33,2403.90087890625,50,-2.119999885559082,0.0,0.00215999991632998,23.0,285.0,293.5,5.199999809265137,83.0
34.18124,-118.02187,302.53,0.34,0.56,2025-01-09,1021,N21,VIIRS,n,2.0NRT,283.95,1.57,N,2025-01-09 10:21:00,0.0020360275484069697,0.0016843334531081568,34.18292433345311,-118.02390602754842,34.18292433345311,-118.0198339724516,34.1795556665469,-118.0198339724516,34.1795556665469,-118.02390602754842,0.140625,474,0.3352,237.27415466308594,10,-2.309999942779541,0.0,0.0017600000137463212,23.0,281.20001220703125,290.5,6.199999809265137,89.0
34.18143,-118.13155,297.79,0.34,0.56,2025-01-09,1021,N21,VIIRS,n,2.0NRT,282.39,1.11,N,2025-01-09 10:21:00,0.002036032133663758,0.0016843334531081568,34.183114333453105,-118.13358603213366,34.183114333453105,-118.12951396786634,34.17974566654689,-118.12951396786634,34.17974566654689,-118.13358603213366,0.140625,372,0.33,2403.90087890625,50,-2.119999885559082,0.0,0.00215999991632998,23.0,285.0,293.5,5.199999809265137,83.0
34.18229,-118.13503,297.73,0.34,0.56,2025-01-09,1021,N21,VIIRS,n,2.0NRT,281.73,1.27,N,2025-01-09 10:21:00,0.0020360528885222905,0.0016843334531081568,34.18397433345311,-118.13706605288853,34.18397433345311,-118.13299394711147,34.180605666546896,-118.13299394711147,34.180605666546896,-118.13706605288853,0.140625,355,0.3705,3128.55810546875,50,-2.119999885559082,0.0,0.00215999991632998,23.0,285.0,293.5,5.199999809265137,83.0
34.18471,-118.12311,299.83,0.34,0.56,2025-01-09,1021,N21,VIIRS,n,2.0NRT,283.59,1.45,N,2025-01-09 10:21:00,0.002036111296461202,0.0016843334531081568,34.18639433345311,-118.12514611129646,34.18639433345311,-118.12107388870353,34.1830256665469,-118.12107388870353,34.1830256665469,-118.12514611129646,0.140625,433,0.2674,1497.5074462890625,10,-2.259999990463257,0.0,0.001970000099390745,23.0,282.6000061035156,291.29998779296875,5.400000095367432,86.0
34.18485,-118.01465,311.78,0.34,0.56,2025-01-09,1021,N21,VIIRS,n,2.0NRT,281.85,1.34,N,2025-01-09 10:21:00,0.0020361146756465616,0.0016843334531081568,34.1865343334531,-118.01668611467565,34.1865343334531,-118.01261388532436,34.18316566654689,-118.01261388532436,34.18316566654689,-118.01668611467565,0.140625,643,0.5864,0.0,20,-2.309999942779541,0.0,0.0017600000137463212,23.0,281.20001220703125,290.5,6.199999809265137,89.0
34.18559,-118.12666,304.12,0.34,0.56,2025-01-09,1021,N21,VIIRS,n,2.0NRT,284.47,1.11,N,2025-01-09 10:21:00,0.002036132537443176,0.0016843334531081568,34.187274333453104,-118.12869613253744,34.187274333453104,-118.12462386746256,34.18390566654689,-118.12462386746256,34.18390566654689,-118.12869613253744,0.140625,433,0.23220000000000002,2245.83544921875,50,-2.119999885559082,0.0,0.00215999991632998,23.0,285.0,293.5,5.199999809265137,83.0
34.18645,-118.13019,312.3,0.34,0.56,2025-01-09,1021,N21,VIIRS,n,2.0NRT,287.06,1.11,N,2025-01-09 10:21:00,0.0020361532965678213,0.0016843334531081568,34.18813433345311,-118.13222615329657,34.18813433345311,-118.12815384670343,34.184765666546895,-118.12815384670343,34.184765666546895,-118.13222615329657,0.140625,433,0.23220000000000002,2245.83544921875,50,-2.119999885559082,0.0,0.00215999991632998,23.0,285.0,293.5,5.199999809265137,83.0
34.18659,-118.15242,309.93,0.34,0.56,2025-01-09,1021,N21,VIIRS,n,2.0NRT,282.25,1.48,N,2025-01-09 10:21:00,0.0020361566760436858,0.0016843334531081568,34.18827433345311,-118.15445615667605,34.18827433345311,-118.15038384332397,34.184905666546896,-118.15038384332397,34.184905666546896,-118.15445615667605,0.140625,369,0.26530000000000004,3756.700927734375,50,-2.119999885559082,0.0,0.00215999991632998,23.0,285.0,293.5,5.199999809265137,83.0
34.18732,-118.1337,309.54,0.34,0.56,2025-01-09,1021,N21,VIIRS,n,2.0NRT,285.2,1.27,N,2025-01-09 10:21:00,0.0020361742979751233,0.0016843334531081568,34.189004333453106,-118.13573617429797,34.189004333453106,-118.13166382570203,34.185635666546894,-118.13166382570203,34.185635666546894,-118.13573617429797,0.140625,416,0.23220000000000002,2010.370361328125,50,-2.119999885559082,0.0,0.00215999991632998,23.0,285.0,293.5,5.199999809265137,83.0
34.18744,-118.15587,298.12,0.33,0.56,2025-01-09,1021,N21,VIIRS,n,2.0NRT,282.43,1.36,N,2025-01-09 10:21:00,0.002036177194791801,0.0016843334531081568,34.18912433345311,-118.15790617719479,34.18912433345311,-118.1538338228052,34.185755666546896,-118.1538338228052,34.185755666546896,-118.15790617719479,0.140625,369,0.26530000000000004,3756.700927734375,50,-2.119999885559082,0.0,0.00215999991632998,23.0,285.0,293.5,5.199999809265137,83.0
34.18818,-118.13718,296.62,0.34,0.56,2025-01-09,1021,N21,VIIRS,n,2.0NRT,283.35,1.27,N,2025-01-09 10:21:00,0.0020361950588741475,0.0016843334531081568,34.18986433345311,-118.13921619505888,34.18986433345311,-118.13514380494112,34.1864956665469,-118.13514380494112,34.1864956665469,-118.13921619505888,0.140625,416,0.23220000000000002,2010.370361328125,50,-2.119999885559082,0.0,0.00215999991632998,23.0,285.0,293.5,5.199999809265137,83.0
34.18887,-118.11825,296.22,0.34,0.56,2025-01-09,1021,N21,VIIRS,n,2.0NRT,283.27,1.24,N,2025-01-09 10:21:00,0.0020362117165123187,0.0016843334531081568,34.19055433345311,-118.12028621171652,34.19055433345311,-118.11621378828349,34.187185666546895,-118.11621378828349,34.187185666546895,-118.12028621171652,0.140625,433,0.2674,1497.5074462890625,10,-2.259999990463257,0.0,0.001970000099390745,23.0,282.6000061035156,291.29998779296875,5.400000095367432,86.0
34.18904,-118.14066,303.66,0.34,0.56,2025-01-09,1021,N21,VIIRS,n,2.0NRT,284.84,1.15,N,2025-01-09 10:21:00,0.002036215820655288,0.0016843334531081568,34.190724333453105,-118.14269621582065,34.190724333453105,-118.13862378417934,34.18735566654689,-118.13862378417934,34.18735566654689,-118.14269621582065,0.140625,416,0.23220000000000002,2010.370361328125,50,-2.119999885559082,0.0,0.00215999991632998,23.0,285.0,293.5,5.199999809265137,83.0
34.18975,-118.12183,301.95,0.34,0.56,2025-01-09,1021,N21,VIIRS,n,2.0NRT,284.4,1.24,N,2025-01-09 10:21:00,0.002036232961860305,0.0016843334531081568,34.1914343334531,-118.12386623296186,34.1914343334531,-118.11979376703815,34.18806566654689,-118.11979376703815,34.18806566654689,-118.12386623296186,0.140625,433,0.2674,1497.5074462890625,10,-2.259999990463257,0.0,0.001970000099390745,23.0,282.6000061035156,291.29998779296875,5.400000095367432,86.0
34.18989,-118.14412,301.52,0.34,0.56,2025-01-09,1021,N21,VIIRS,n,2.0NRT,285.7,1.15,N,2025-01-09 10:21:00,0.0020362363418871938,0.0016843334531081568,34.191574333453104,-118.1461562363419,34.191574333453104,-118.1420837636581,34.18820566654689,-118.1420837636581,34.18820566654689,-118.1461562363419,0.140625,392,0.2686,1909.0643310546875,10,-2.119999885559082,0.0,0.00215999991632998,23.0,285.0,293.5,5.199999809265137,83.0
34.19064,-118.1254,300.84,0.34,0.56,2025-01-09,1021,N21,VIIRS,n,2.0NRT,284.48,1.8,N,2025-01-09 10:21:00,0.0020362544495721962,0.0016843334531081568,34.19232433345311,-118.12743625444958,34.19232433345311,-118.12336374555042,34.188955666546896,-118.12336374555042,34.188955666546896,-118.12743625444958,0.140625,433,0.23220000000000002,2245.83544921875,50,-2.119999885559082,0.0,0.00215999991632998,23.0,285.0,293.5,5.199999809265137,83.0
34.19074,-118.14756,305.33,0.34,0.56,2025-01-09,1021,N21,VIIRS,n,2.0NRT,286.47,1.48,N,2025-01-09 10:21:00,0.002036256863980891,0.0016843334531081568,34.192424333453104,-118.14959625686397,34.192424333453104,-118.14552374313602,34.18905566654689,-118.14552374313602,34.18905566654689,-118.14959625686397,0.140625,392,0.2686,1909.0643310546875,10,-2.119999885559082,0.0,0.00215999991632998,23.0,285.0,293.5,5.199999809265137,83.0
34.19152,-118.12898,313.7,0.34,0.56,2025-01-09,1021,N21,VIIRS,n,2.0NRT,285.95,1.8,N,2025-01-09 10:21:00,0.0020362756967781006,0.0016843334531081568,34.1932043334531,-118.13101627569678,34.1932043334531,-118.12694372430322,34.18983566654689,-118.12694372430322,34.18983566654689,-118.13101627569678,0.140625,433,0.23220000000000002,2245.83544921875,50,-2.119999885559082,0.0,0.00215999991632998,23.0,285.0,293.5,5.199999809265137,83.0
34.19159,-118.15099,308.92,0.34,0.56,2025-01-09,1021,N21,VIIRS,n,2.0NRT,287.2,1.48,N,2025-01-09 10:21:00,0.0020362773869364147,0.0016843334531081568,34.193274333453104,-118.15302627738693,34.193274333453104,-118.14895372261306,34.18990566654689,-118.14895372261306,34.18990566654689,-118.15302627738693,0.140625,444,0.16640000000000002,2648.635498046875,50,-2.119999885559082,0.0,0.00215999991632998,23.0,285.0,293.5,5.199999809265137,83.0
34.19238,-118.13249,313.89,0.34,0.56,2025-01-09,1021,N21,VIIRS,n,2.0NRT,286.62,1.64,N,2025-01-09 10:21:00,0.002036296461985477,0.0016843334531081568,34.194064333453106,-118.13452629646198,34.194064333453106,-118.13045370353802,34.190695666546894,-118.13045370353802,34.190695666546894,-118.13452629646198,0.140625,519,0.27940000000000004,2304.54345703125,10,-2.119999885559082,0.0,0.00215999991632998,23.0,285.0,293.5,5.199999809265137,83.0
34.19243,-118.15442,308.66,0.33,0.56,2025-01-09,1021,N21,VIIRS,n,2.0NRT,286.29,1.36,N,2025-01-09 10:21:00,0.002036297669292115,0.0016843334531081568,34.19411433345311,-118.1564562976693,34.19411433345311,-118.15238370233071,34.190745666546896,-118.15238370233071,34.190745666546896,-118.1564562976693,0.140625,405,0.1733,3550.091796875,50,-2.119999885559082,0.0,0.00215999991632998,23.0,285.0,293.5,5.199999809265137,83.0
34.19323,-118.13598,307.89,0.34,0.56,2025-01-09,1021,N21,VIIRS,n,2.0NRT,286.72,1.64,N,2025-01-09 10:21:00,0.0020363169866039186,0.0016843334531081568,34.194914333453106,-118.13801631698661,34.194914333453106,-118.1339436830134,34.191545666546894,-118.1339436830134,34.191545666546894,-118.13801631698661,0.140625,480,0.1887,2485.000244140625,10,-2.119999885559082,0.0,0.00215999991632998,23.0,285.0,293.5,5.199999809265137,83.0
34.19328,-118.15783,306.19,0.33,0.56,2025-01-09,1021,N21,VIIRS,n,2.0NRT,283.59,1.36,N,2025-01-09 10:21:00,0.002036318193961257,0.0016843334531081568,34.19496433345311,-118.15986631819396,34.19496433345311,-118.15579368180605,34.191595666546895,-118.15579368180605,34.191595666546895,-118.15986631819396,0.140625,405,0.1733,3550.091796875,50,-2.119999885559082,0.0,0.00215999991632998,23.0,285.0,293.5,5.199999809265137,83.0
34.19408,-118.13942,305.98,0.34,0.56,2025-01-09,1021,N21,VIIRS,n,2.0NRT,286.48,1.13,N,2025-01-09 10:21:00,0.0020363375120842895,0.0016843334531081568,34.195764333453106,-118.14145633751208,34.195764333453106,-118.13738366248792,34.19239566654689,-118.13738366248792,34.19239566654689,-118.14145633751208,0.140625,480,0.1887,2485.000244140625,10,-2.119999885559082,0.0,0.00215999991632998,23.0,285.0,293.5,5.199999809265137,83.0
34.19493,-118.14284,302.45,0.34,0.56,2025-01-09,1021,N21,VIIRS,n,2.0NRT,286.04,1.13,N,2025-01-09 10:21:00,0.0020363580384266246,0.0016843334531081568,34.196614333453105,-118.14487635803843,34.196614333453105,-118.14080364196158,34.19324566654689,-118.14080364196158,34.19324566654689,-118.14487635803843,0.140625,444,0.16640000000000002,2648.635498046875,50,-2.119999885559082,0.0,0.00215999991632998,23.0,285.0,293.5,5.199999809265137,83.0
34.19505,-118.05621,297.79,0.34,0.56,2025-01-09,1021,N21,VIIRS,n,2.0NRT,282.56,1.96,N,2025-01-09 10:21:00,0.002036360936332626,0.0016843334531081568,34.19673433345311,-118.05824636093632,34.19673433345311,-118.05417363906366,34.193365666546896,-118.05417363906366,34.193365666546896,-118.05824636093632,0.140625,1089,0.4838,0.0,10,-2.5,0.0,0.0016299999551847577,23.0,281.1000061035156,289.0,5.599999904632568,88.0
34.19572,-118.12432,296.19,0.34,0.56,2025-01-09,1021,N21,VIIRS,n,2.0NRT,283.47,1.8,N,2025-01-09 10:21:00,0.0020363771166235526,0.0016843334531081568,34.19740433345311,-118.12635637711662,34.19740433345311,-118.12228362288337,34.194035666546895,-118.12228362288337,34.194035666546895,-118.12635637711662,0.140625,519,0.27940000000000004,2304.54345703125,10,-2.119999885559082,0.0,0.00215999991632998,23.0,285.0,293.5,5.199999809265137,83.0
34.19577,-118.14622,301.86,0.34,0.56,2025-01-09,1021,N21,VIIRS,n,2.0NRT,286.26,1.09,N,2025-01-09 10:21:00,0.002036378324129426,0.0016843334531081568,34.19745433345311,-118.14825637832413,34.19745433345311,-118.14418362167586,34.1940856665469,-118.14418362167586,34.1940856665469,-118.14825637832413,0.140625,444,0.16640000000000002,2648.635498046875,50,-2.119999885559082,0.0,0.00215999991632998,23.0,285.0,293.5,5.199999809265137,83.0
34.1966,-118.14961,302.89,0.34,0.56,2025-01-09,1021,N21,VIIRS,n,2.0NRT,285.13,1.09,N,2025-01-09 10:21:00,0.0020363983691626627,0.0016843334531081568,34.1982843334531,-118.15164639836915,34.1982843334531,-118.14757360163084,34.19491566654689,-118.14757360163084,34.19491566654689,-118.15164639836915,0.140625,444,0.16640000000000002,2648.635498046875,50,-2.119999885559082,0.0,0.00215999991632998,23.0,285.0,293.5,5.199999809265137,83.0
34.1966,-118.12789,332.42,0.34,0.56,2025-01-09,1021,N21,VIIRS,n,2.0NRT,285.87,1.8,N,2025-01-09 10:21:00,0.0020363983691626627,0.0016843334531081568,34.1982843334531,-118.12992639836915,34.1982843334531,-118.12585360163084,34.19491566654689,-118.12585360163084,34.19491566654689,-118.12992639836915,0.140625,519,0.27940000000000004,2304.54345703125,10,-2.119999885559082,0.0,0.00215999991632998,23.0,285.0,293.5,5.199999809265137,83.0
34.19744,-118.15301,307.14,0.33,0.56,2025-01-09,1021,N21,VIIRS,n,2.0NRT,286.53,1.15,N,2025-01-09 10:21:00,0.0020364186565392166,0.0016843334531081568,34.199124333453106,-118.15504641865654,34.199124333453106,-118.15097358134345,34.195755666546894,-118.15097358134345,34.195755666546894,-118.15504641865654,0.140625,405,0.1733,3550.091796875,50,-2.119999885559082,0.0,0.00215999991632998,23.0,285.0,293.5,5.199999809265137,83.0
34.19747,-118.13139,304.89,0.34,0.56,2025-01-09,1021,N21,VIIRS,n,2.0NRT,285.34,1.64,N,2025-01-09 10:21:00,0.0020364193811039507,0.0016843334531081568,34.19915433345311,-118.1334264193811,34.19915433345311,-118.1293535806189,34.1957856665469,-118.1293535806189,34.1957856665469,-118.1334264193811,0.140625,519,0.27940000000000004,2304.54345703125,10,-2.119999885559082,0.0,0.00215999991632998,23.0,285.0,293.5,5.199999809265137,83.0
34.19827,-118.15639,302.16,0.33,0.56,2025-01-09,1021,N21,VIIRS,n,2.0NRT,283.61,1.15,N,2025-01-09 10:21:00,0.0020364387032263454,0.0016843334531081568,34.19995433345311,-118.15842643870323,34.19995433345311,-118.15435356129677,34.196585666546895,-118.15435356129677,34.196585666546895,-118.15842643870323,0.140625,405,0.1733,3550.091796875,50,-2.119999885559082,0.0,0.00215999991632998,23.0,285.0,293.5,5.199999809265137,83.0
34.19831,-118.13482,298.19,0.34,0.56,2025-01-09,1021,N21,VIIRS,n,2.0NRT,284.6,1.64,N,2025-01-09 10:21:00,0.002036439669352512,0.0016843334531081568,34.199994333453105,-118.13685643966936,34.199994333453105,-118.13278356033065,34.19662566654689,-118.13278356033065,34.19662566654689,-118.13685643966936,0.140625,480,0.1887,2485.000244140625,10,-2.119999885559082,0.0,0.00215999991632998,23.0,285.0,293.5,5.199999809265137,83.0
34.19914,-118.13821,302.88,0.34,0.56,2025-01-09,1021,N21,VIIRS,n,2.0NRT,285.43,1.13,N,2025-01-09 10:21:00,0.002036459716901302,0.0016843334531081568,34.200824333453106,-118.1402464597169,34.200824333453106,-118.1361735402831,34.197455666546894,-118.1361735402831,34.197455666546894,-118.1402464597169,0.140625,480,0.1887,2485.000244140625,10,-2.119999885559082,0.0,0.00215999991632998,23.0,285.0,293.5,5.199999809265137,83.0
34.19997,-118.14159,300.76,0.34,0.56,2025-01-09,1021,N21,VIIRS,n,2.0NRT,285.64,1.13,N,2025-01-09 10:21:00,0.0020364797652721693,0.0016843334531081568,34.20165433345311,-118.14362647976526,34.20165433345311,-118.13955352023473,34.198285666546894,-118.13955352023473,34.198285666546894,-118.14362647976526,0.140625,480,0.1887,2485.000244140625,10,-2.119999885559082,0.0,0.00215999991632998,23.0,285.0,293.5,5.199999809265137,83.0
34.2008,-118.14495,301.37,0.34,0.56,2025-01-09,1021,N21,VIIRS,n,2.0NRT,285.16,1.09,N,2025-01-09 10:21:00,0.002036499814465148,0.0016843334531081568,34.20248433345311,-118.14698649981446,34.20248433345311,-118.14291350018553,34.199115666546895,-118.14291350018553,34.199115666546895,-118.14698649981446,0.140625,519,0.1801,1848.8197021484375,10,-2.119999885559082,0.0,0.00215999991632998,23.0,285.0,293.5,5.199999809265137,83.0
34.20163,-118.14832,301.95,0.34,0.56,2025-01-09,1021,N21,VIIRS,n,2.0NRT,284.69,1.09,N,2025-01-09 10:21:00,0.0020365198644802696,0.0016843334531081568,34.20331433345311,-118.15035651986447,34.20331433345311,-118.14628348013552,34.199945666546895,-118.14628348013552,34.199945666546895,-118.15035651986447,0.140625,519,0.1801,1848.8197021484375,10,-2.119999885559082,0.0,0.00215999991632998,23.0,285.0,293.5,5.199999809265137,83.0
34.20245,-118.15166,296.49,0.33,0.56,2025-01-09,1021,N21,VIIRS,n,2.0NRT,282.36,1.15,N,2025-01-09 10:21:00,0.002036539673736321,0.0016843334531081568,34.204134333453105,-118.15369653967375,34.204134333453105,-118.14962346032627,34.20076566654689,-118.14962346032627,34.20076566654689,-118.15369653967375,0.140625,473,0.3321,1221.9278564453125,50,-2.119999885559082,0.0,0.00215999991632998,23.0,285.0,293.5,5.199999809265137,83.0
34.20246,-118.06458,320.45,0.34,0.56,2025-01-09,1021,N21,VIIRS,n,2.0NRT,284.48,2.34,N,2025-01-09 10:21:00,0.0020365399153175674,0.0016843334531081568,34.20414433345311,-118.06661653991533,34.20414433345311,-118.06254346008468,34.200775666546896,-118.06254346008468,34.200775666546896,-118.06661653991533,0.140625,1355,0.32030000000000003,0.0,10,-2.5,0.0,0.0016299999551847577,23.0,281.1000061035156,289.0,5.599999904632568,88.0
34.20324,-118.06773,324.08,0.34,0.56,2025-01-09,1021,N21,VIIRS,n,2.0NRT,284.97,2.34,N,2025-01-09 10:21:00,0.002036558759022504,0.0016843334531081568,34.20492433345311,-118.06976655875901,34.20492433345311,-118.06569344124098,34.201555666546895,-118.06569344124098,34.201555666546895,-118.06976655875901,0.140625,1355,0.32030000000000003,0.0,10,-2.5,0.0,0.0016299999551847577,23.0,281.1000061035156,289.0,5.599999904632568,88.0
34.20538,-118.07645,320.98,0.34,0.56,2025-01-09,1021,N21,VIIRS,n,2.0NRT,284.02,2.02,N,2025-01-09 10:21:00,0.0020366104621473216,0.0016843334531081568,34.207064333453104,-118.07848661046214,34.207064333453104,-118.07441338953785,34.20369566654689,-118.07441338953785,34.20369566654689,-118.07848661046214,0.140625,1042,0.3785,0.0,10,-2.5,0.0,0.0016299999551847577,23.0,281.1000061035156,289.0,5.599999904632568,88.0
34.20551,-118.05508,296.13,0.34,0.56,2025-01-09,1021,N21,VIIRS,n,2.0NRT,282.73,2.25,N,2025-01-09 10:21:00,0.0020366136031674735,0.0016843334531081568,34.2071943334531,-118.05711661360317,34.2071943334531,-118.05304338639684,34.20382566654689,-118.05304338639684,34.20382566654689,-118.05711661360317,0.140625,1311,0.40940000000000004,0.0,10,-2.5,0.0,0.0016299999551847577,23.0,281.1000061035156,289.0,5.599999904632568,88.0
34.20607,-118.0792,305.08,0.34,0.56,2025-01-09,1021,N21,VIIRS,n,2.0NRT,281.86,2.02,N,2025-01-09 10:21:00,0.002036627133946443,0.0016843334531081568,34.2077543334531,-118.08123662713395,34.2077543334531,-118.07716337286605,34.20438566654689,-118.07716337286605,34.20438566654689,-118.08123662713395,0.140625,1042,0.3785,0.0,10,-2.5,0.0,0.0016299999551847577,23.0,281.1000061035156,289.0,5.599999904632568,88.0
34.20676,-118.0602,300.35,0.34,0.56,2025-01-09,1021,N21,VIIRS,n,2.0NRT,284.07,2.25,N,2025-01-09 10:21:00,0.002036643806313893,0.0016843334531081568,34.20844433345311,-118.06223664380632,34.20844433345311,-118.05816335619367,34.2050756665469,-118.05816335619367,34.2050756665469,-118.06223664380632,0.140625,1311,0.40940000000000004,0.0,10,-2.5,0.0,0.0016299999551847577,23.0,281.1000061035156,289.0,5.599999904632568,88.0
34.20678,-118.0821,348.66,0.34,0.56,2025-01-09,1021,N21,VIIRS,n,2.0NRT,283.6,7.16,N,2025-01-09 10:21:00,0.0020366442895793963,0.0016843334531081568,34.20846433345311,-118.08413664428957,34.20846433345311,-118.08006335571042,34.205095666546896,-118.08006335571042,34.205095666546896,-118.08413664428957,0.140625,896,0.21730000000000002,0.0,10,-2.259999990463257,0.0,0.001970000099390745,23.0,282.6000061035156,291.29998779296875,5.400000095367432,86.0
34.20753,-118.08516,345.71,0.34,0.56,2025-01-09,1021,N21,VIIRS,n,2.0NRT,283.03,7.16,N,2025-01-09 10:21:00,0.002036662412380464,0.0016843334531081568,34.209214333453104,-118.08719666241238,34.209214333453104,-118.08312333758762,34.20584566654689,-118.08312333758762,34.20584566654689,-118.08719666241238,0.140625,896,0.21730000000000002,0.0,10,-2.259999990463257,0.0,0.001970000099390745,23.0,282.6000061035156,291.29998779296875,5.400000095367432,86.0
34.20771,-118.06411,348.73,0.34,0.56,2025-01-09,1021,N21,VIIRS,n,2.0NRT,288.18,6.38,N,2025-01-09 10:21:00,0.0020366667619526406,0.0016843334531081568,34.209394333453105,-118.06614666676195,34.209394333453105,-118.06207333323805,34.20602566654689,-118.06207333323805,34.20602566654689,-118.06614666676195,0.140625,1355,0.32030000000000003,0.0,10,-2.5,0.0,0.0016299999551847577,23.0,281.1000061035156,289.0,5.599999904632568,88.0
34.20846,-118.06714,335.39,0.34,0.56,2025-01-09,1021,N21,VIIRS,n,2.0NRT,284.86,6.38,N,2025-01-09 10:21:00,0.002036684885586387,0.0016843334531081568,34.21014433345311,-118.06917668488558,34.21014433345311,-118.06510331511441,34.206775666546896,-118.06510331511441,34.206775666546896,-118.06917668488558,0.140625,1355,0.32030000000000003,0.0,10,-2.5,0.0,0.0016299999551847577,23.0,281.1000061035156,289.0,5.599999904632568,88.0
34.21209,-118.06007,331.1,0.34,0.56,2025-01-09,1021,N21,VIIRS,n,2.0NRT,284.92,2.25,N,2025-01-09 10:21:00,0.002036772613464928,0.0016843334531081568,34.21377433345311,-118.06210677261346,34.21377433345311,-118.05803322738653,34.2104056665469,-118.05803322738653,34.2104056665469,-118.06210677261346,0.140625,1445,0.5701,0.0,10,-2.630000114440918,0.0,0.0013800000306218863,23.0,278.0,286.0,6.199999809265137,88.0
34.213,-118.06381,345.95,0.34,0.56,2025-01-09,1021,N21,VIIRS,n,2.0NRT,287.08,6.38,N,2025-01-09 10:21:00,0.002036794608319676,0.0016843334531081568,34.21468433345311,-118.06584679460832,34.21468433345311,-118.06177320539169,34.211315666546895,-118.06177320539169,34.211315666546895,-118.06584679460832,0.140625,1439,0.3665,0.010477584786713123,10,-2.630000114440918,0.0,0.0013800000306218863,23.0,278.0,286.0,6.199999809265137,88.0
34.2136,-118.08807,326.35,0.34,0.56,2025-01-09,1021,N21,VIIRS,n,2.0NRT,283.86,1.98,N,2025-01-09 10:21:00,0.002036809110962638,0.0016843334531081568,34.215284333453106,-118.09010680911096,34.215284333453106,-118.08603319088904,34.21191566654689,-118.08603319088904,34.21191566654689,-118.09010680911096,0.140625,1013,0.2952,0.0,10,-2.680000066757202,0.0,0.00139999995008111,23.0,277.20001220703125,286.3999938964844,5.900000095367432,88.0
34.21369,-118.0666,341.41,0.34,0.56,2025-01-09,1021,N21,VIIRS,n,2.0NRT,286.7,6.38,N,2025-01-09 10:21:00,0.00203681128639616,0.0016843334531081568,34.215374333453106,-118.0686368112864,34.215374333453106,-118.06456318871359,34.212005666546894,-118.06456318871359,34.212005666546894,-118.0686368112864,0.140625,1439,0.3665,0.010477584786713123,10,-2.630000114440918,0.0,0.0013800000306218863,23.0,278.0,286.0,6.199999809265137,88.0
34.21434,-118.15652,311.27,0.33,0.56,2025-01-09,1021,N21,VIIRS,n,2.0NRT,282.51,1.24,N,2025-01-09 10:21:00,0.0020368269981476837,0.0016843334531081568,34.216024333453106,-118.15855682699815,34.216024333453106,-118.15448317300185,34.212655666546894,-118.15448317300185,34.212655666546894,-118.15855682699815,0.140625,577,0.29600000000000004,547.4627685546875,10,-2.440000057220459,0.0,0.0017000000225380063,23.0,278.8999938964844,288.70001220703125,5.599999904632568,88.0
34.21476,-118.09281,316.08,0.34,0.56,2025-01-09,1021,N21,VIIRS,n,2.0NRT,282.76,1.98,N,2025-01-09 10:21:00,0.002036837150624694,0.0016843334531081568,34.216444333453104,-118.09484683715063,34.216444333453104,-118.09077316284937,34.21307566654689,-118.09077316284937,34.21307566654689,-118.09484683715063,0.140625,1148,0.3215,0.0,10,-2.680000066757202,0.0,0.00139999995008111,23.0,277.20001220703125,286.3999938964844,5.900000095367432,88.0
34.2171,-118.146,308.46,0.34,0.56,2025-01-09,1021,N21,VIIRS,n,2.0NRT,282.99,1.3,N,2025-01-09 10:21:00,0.00203689371828165,0.0016843334531081568,34.21878433345311,-118.14803689371828,34.21878433345311,-118.14396310628172,34.215415666546896,-118.14396310628172,34.215415666546896,-118.14803689371828,0.140625,649,0.29600000000000004,161.29188537597656,10,-2.440000057220459,0.0,0.0017000000225380063,23.0,278.8999938964844,288.70001220703125,5.599999904632568,88.0
34.2179,-118.14925,318.15,0.33,0.56,2025-01-09,1021,N21,VIIRS,n,2.0NRT,283.92,3.39,N,2025-01-09 10:21:00,0.0020369130591516124,0.0016843334531081568,34.219584333453106,-118.15128691305915,34.219584333453106,-118.14721308694084,34.216215666546894,-118.14721308694084,34.216215666546894,-118.15128691305915,0.140625,649,0.29600000000000004,161.29188537597656,10,-2.440000057220459,0.0,0.0017000000225380063,23.0,278.8999938964844,288.70001220703125,5.599999904632568,88.0
34.2187,-118.15253,340.26,0.33,0.56,2025-01-09,1021,N21,VIIRS,n,2.0NRT,286.63,3.39,N,2025-01-09 10:21:00,0.0020369324007859864,0.0016843334531081568,34.220384333453104,-118.15456693240078,34.220384333453104,-118.15049306759921,34.21701566654689,-118.15049306759921,34.21701566654689,-118.15456693240078,0.140625,795,0.5138,3.519368886947632,10,-2.440000057220459,0.0,0.0017000000225380063,23.0,278.8999938964844,288.70001220703125,5.599999904632568,88.0
34.21952,-118.15589,302.37,0.33,0.56,2025-01-09,1021,N21,VIIRS,n,2.0NRT,281.66,2.48,N,2025-01-09 10:21:00,0.0020369522267545672,0.0016843334531081568,34.22120433345311,-118.15792695222676,34.22120433345311,-118.15385304777324,34.2178356665469,-118.15385304777324,34.2178356665469,-118.15792695222676,0.140625,795,0.5138,3.519368886947632,10,-2.440000057220459,0.0,0.0017000000225380063,23.0,278.8999938964844,288.70001220703125,5.599999904632568,88.0
34.20275,-118.07743,336.96,0.48,0.65,2025-01-09,2001,N21,VIIRS,n,2.0NRT,290.16,7.85,D,2025-01-09 20:01:00,0.002036546921225628,0.0016843334531081568,34.20443433345311,-118.07946654692124,34.20443433345311,-118.07539345307877,34.201065666546896,-118.07539345307877,34.201065666546896,-118.07946654692124,0.140625,1042,0.3785,0.0,10,-2.5,0.0,0.0016299999551847577,23.0,281.1000061035156,289.0,5.599999904632568,88.0
34.20462,-118.09359,325.16,0.48,0.65,2025-01-09,2001,N21,VIIRS,n,2.0NRT,285.8,6.98,D,2025-01-09 20:01:00,0.002036592099663975,0.0016843334531081568,34.206304333453105,-118.09562659209968,34.206304333453105,-118.09155340790034,34.20293566654689,-118.09155340790034,34.20293566654689,-118.09562659209968,0.140625,998,0.21730000000000002,0.0,20,-2.259999990463257,0.0,0.001970000099390745,23.0,282.6000061035156,291.29998779296875,5.400000095367432,86.0
34.20491,-118.06948,336.27,0.48,0.65,2025-01-09,2001,N21,VIIRS,n,2.0NRT,290.43,9.03,D,2025-01-09 20:01:00,0.0020365991063196935,0.0016843334531081568,34.206594333453104,-118.07151659910632,34.206594333453104,-118.06744340089368,34.20322566654689,-118.06744340089368,34.20322566654689,-118.07151659910632,0.140625,1355,0.32030000000000003,0.0,10,-2.5,0.0,0.0016299999551847577,23.0,281.1000061035156,289.0,5.599999904632568,88.0
34.20635,-118.08727,330.1,0.48,0.65,2025-01-09,2001,N21,VIIRS,n,2.0NRT,286.06,7.85,D,2025-01-09 20:01:00,0.0020366338994763085,0.0016843334531081568,34.20803433345311,-118.08930663389948,34.20803433345311,-118.08523336610052,34.204665666546894,-118.08523336610052,34.204665666546894,-118.08930663389948,0.140625,896,0.21730000000000002,0.0,10,-2.259999990463257,0.0,0.001970000099390745,23.0,282.6000061035156,291.29998779296875,5.400000095367432,86.0
34.20819,-118.08051,347.4,0.48,0.65,2025-01-09,2001,N21,VIIRS,n,2.0NRT,290.75,7.85,D,2025-01-09 20:01:00,0.002036678361000878,0.0016843334531081568,34.20987433345311,-118.082546678361,34.20987433345311,-118.07847332163901,34.206505666546896,-118.07847332163901,34.206505666546896,-118.082546678361,0.140625,896,0.21730000000000002,0.0,10,-2.259999990463257,0.0,0.001970000099390745,23.0,282.6000061035156,291.29998779296875,5.400000095367432,86.0
34.21009,-118.09665,330.85,0.49,0.65,2025-01-09,2001,N21,VIIRS,n,2.0NRT,284.8,9.51,D,2025-01-09 20:01:00,0.0020367242765994783,0.0016843334531081568,34.21177433345311,-118.09868672427659,34.21177433345311,-118.0946132757234,34.208405666546895,-118.0946132757234,34.208405666546895,-118.09868672427659,0.140625,1148,0.3215,0.0,10,-2.680000066757202,0.0,0.00139999995008111,23.0,277.20001220703125,286.3999938964844,5.900000095367432,88.0
34.2106,-118.07166,354.44,0.48,0.65,2025-01-09,2001,N21,VIIRS,n,2.0NRT,293.8,9.03,D,2025-01-09 20:01:00,0.0020367366020465102,0.0016843334531081568,34.212284333453105,-118.07369673660205,34.212284333453105,-118.06962326339794,34.20891566654689,-118.06962326339794,34.20891566654689,-118.07369673660205,0.140625,1209,0.3665,0.0,10,-2.630000114440918,0.0,0.0013800000306218863,23.0,278.0,286.0,6.199999809265137,88.0
34.21135,-118.092,344.45,0.48,0.65,2025-01-09,2001,N21,VIIRS,n,2.0NRT,286.64,9.51,D,2025-01-09 20:01:00,0.002036754728268065,0.0016843334531081568,34.21303433345311,-118.09403675472826,34.21303433345311,-118.08996324527173,34.2096656665469,-118.08996324527173,34.2096656665469,-118.09403675472826,0.140625,1148,0.3215,0.0,10,-2.680000066757202,0.0,0.00139999995008111,23.0,277.20001220703125,286.3999938964844,5.900000095367432,88.0
34.21256,-118.08754,353.3,0.48,0.65,2025-01-09,2001,N21,VIIRS,n,2.0NRT,287.75,52.27,D,2025-01-09 20:01:00,0.0020367839733213843,0.0016843334531081568,34.21424433345311,-118.08957678397333,34.21424433345311,-118.08550321602668,34.2108756665469,-118.08550321602668,34.2108756665469,-118.08957678397333,0.140625,1013,0.2952,0.0,10,-2.680000066757202,0.0,0.00139999995008111,23.0,277.20001220703125,286.3999938964844,5.900000095367432,88.0
34.21317,-118.06221,333.57,0.48,0.65,2025-01-09,2001,N21,VIIRS,n,2.0NRT,289.92,9.03,D,2025-01-09 20:01:00,0.002036798717358203,0.0016843334531081568,34.214854333453104,-118.06424679871735,34.214854333453104,-118.06017320128264,34.21148566654689,-118.06017320128264,34.21148566654689,-118.06424679871735,0.140625,1439,0.3665,0.010477584786713123,10,-2.630000114440918,0.0,0.0013800000306218863,23.0,278.0,286.0,6.199999809265137,88.0
34.21397,-118.08234,353.28,0.48,0.65,2025-01-09,2001,N21,VIIRS,n,2.0NRT,290.95,52.27,D,2025-01-09 20:01:00,0.00203681805447342,0.0016843334531081568,34.21565433345311,-118.08437681805448,34.21565433345311,-118.08030318194552,34.2122856665469,-118.08030318194552,34.2122856665469,-118.08437681805448,0.140625,1013,0.2952,0.0,10,-2.680000066757202,0.0,0.00139999995008111,23.0,277.20001220703125,286.3999938964844,5.900000095367432,88.0
34.21526,-118.10078,336.67,0.49,0.65,2025-01-09,2001,N21,VIIRS,n,2.0NRT,289.33,12.23,D,2025-01-09 20:01:00,0.0020368492371815173,0.0016843334531081568,34.21694433345311,-118.10281684923719,34.21694433345311,-118.09874315076281,34.213575666546895,-118.09874315076281,34.213575666546895,-118.10281684923719,0.140625,1290,0.2265,0.0,10,-2.680000066757202,0.0,0.00139999995008111,23.0,277.20001220703125,286.3999938964844,5.900000095367432,88.0
34.21645,-118.09634,340.44,0.49,0.65,2025-01-09,2001,N21,VIIRS,n,2.0NRT,289.77,9.51,D,2025-01-09 20:01:00,0.002036878004387643,0.0016843334531081568,34.21813433345311,-118.09837687800439,34.21813433345311,-118.09430312199561,34.214765666546896,-118.09430312199561,34.214765666546896,-118.09837687800439,0.140625,1148,0.3215,0.0,10,-2.680000066757202,0.0,0.00139999995008111,23.0,277.20001220703125,286.3999938964844,5.900000095367432,88.0
34.21753,-118.09238,351.84,0.48,0.65,2025-01-09,2001,N21,VIIRS,n,2.0NRT,289.81,9.51,D,2025-01-09 20:01:00,0.0020369041139042423,0.0016843334531081568,34.2192143334531,-118.09441690411391,34.2192143334531,-118.0903430958861,34.21584566654689,-118.0903430958861,34.21584566654689,-118.09441690411391,0.140625,1148,0.3215,0.0,10,-2.680000066757202,0.0,0.00139999995008111,23.0,277.20001220703125,286.3999938964844,5.900000095367432,88.0
34.21819,-118.11314,351.53,0.49,0.65,2025-01-09,2001,N21,VIIRS,n,2.0NRT,291.5,25.57,D,2025-01-09 20:01:00,0.0020369200704057466,0.0016843334531081568,34.219874333453106,-118.11517692007041,34.219874333453106,-118.11110307992959,34.216505666546894,-118.11110307992959,34.216505666546894,-118.11517692007041,0.140625,1246,0.22390000000000002,0.0,20,-2.680000066757202,0.0,0.00139999995008111,23.0,277.20001220703125,286.3999938964844,5.900000095367432,88.0
34.21865,-118.08823,367.0,0.48,0.65,2025-01-09,2001,N21,VIIRS,h,2.0NRT,290.73,52.27,D,2025-01-09 20:01:00,0.002036931191911443,0.0016843334531081568,34.2203343334531,-118.0902669311919,34.2203343334531,-118.08619306880809,34.21696566654689,-118.08619306880809,34.21696566654689,-118.0902669311919,0.140625,1256,0.2831,0.0,10,-2.680000066757202,0.0,0.00139999995008111,23.0,277.20001220703125,286.3999938964844,5.900000095367432,88.0
34.21923,-118.063,355.39,0.48,0.65,2025-01-09,2001,N21,VIIRS,l,2.0NRT,289.82,120.16,D,2025-01-09 20:01:00,0.0020369452150397383,0.0016843334531081568,34.22091433345311,-118.06503694521504,34.22091433345311,-118.06096305478496,34.2175456665469,-118.06096305478496,34.2175456665469,-118.06503694521504,0.140625,1659,0.3793,0.6439756155014038,10,-2.630000114440918,0.0,0.0013800000306218863,23.0,278.0,286.0,6.199999809265137,88.0
34.22003,-118.10635,355.65,0.49,0.65,2025-01-09,2001,N21,VIIRS,l,2.0NRT,296.14,29.28,D,2025-01-09 20:01:00,0.0020369645579450114,0.0016843334531081568,34.22171433345311,-118.10838696455795,34.22171433345311,-118.10431303544206,34.218345666546895,-118.10431303544206,34.218345666546895,-118.10838696455795,0.140625,1390,0.2343,0.0,10,-2.680000066757202,0.0,0.00139999995008111,23.0,277.20001220703125,286.3999938964844,5.900000095367432,88.0
34.2202,-118.08253,336.39,0.48,0.65,2025-01-09,2001,N21,VIIRS,n,2.0NRT,295.66,52.27,D,2025-01-09 20:01:00,0.002036968668410869,0.0016843334531081568,34.221884333453104,-118.08456696866841,34.221884333453104,-118.0804930313316,34.21851566654689,-118.0804930313316,34.21851566654689,-118.08456696866841,0.140625,1256,0.2831,0.0,10,-2.680000066757202,0.0,0.00139999995008111,23.0,277.20001220703125,286.3999938964844,5.900000095367432,88.0
34.22136,-118.10144,355.56,0.49,0.65,2025-01-09,2001,N21,VIIRS,l,2.0NRT,293.44,29.28,D,2025-01-09 20:01:00,0.0020369967172170138,0.0016843334531081568,34.2230443334531,-118.10347699671722,34.2230443334531,-118.09940300328277,34.21967566654689,-118.09940300328277,34.21967566654689,-118.10347699671722,0.140625,1439,0.2877,0.0,10,-2.680000066757202,0.0,0.00139999995008111,23.0,277.20001220703125,286.3999938964844,5.900000095367432,88.0
34.2225,-118.12047,340.12,0.49,0.65,2025-01-09,2001,N21,VIIRS,n,2.0NRT,287.88,25.57,D,2025-01-09 20:01:00,0.002037024283989161,0.0016843334531081568,34.2241843334531,-118.12250702428399,34.2241843334531,-118.118432975716,34.22081566654689,-118.118432975716,34.22081566654689,-118.12250702428399,0.140625,1246,0.2286,0.0,20,-2.680000066757202,0.0,0.00139999995008111,23.0,277.20001220703125,286.3999938964844,5.900000095367432,88.0
34.22254,-118.0971,354.84,0.49,0.65,2025-01-09,2001,N21,VIIRS,n,2.0NRT,291.65,19.37,D,2025-01-09 20:01:00,0.0020370252512725176,0.0016843334531081568,34.22422433345311,-118.09913702525127,34.22422433345311,-118.09506297474873,34.220855666546896,-118.09506297474873,34.220855666546896,-118.09913702525127,0.140625,1268,0.2832,0.0,10,-2.680000066757202,0.0,0.00139999995008111,23.0,277.20001220703125,286.3999938964844,5.900000095367432,88.0
34.22302,-118.07216,342.04,0.48,0.65,2025-01-09,2001,N21,VIIRS,n,2.0NRT,310.21,120.16,D,2025-01-09 20:01:00,0.0020370368588218894,0.0016843334531081568,34.224704333453104,-118.07419703685882,34.224704333453104,-118.07012296314117,34.22133566654689,-118.07012296314117,34.22133566654689,-118.07419703685882,0.140625,1382,0.3377,0.0,10,-2.630000114440918,0.0,0.0013800000306218863,23.0,278.0,286.0,6.199999809265137,88.0
34.22373,-118.0927,355.56,0.48,0.65,2025-01-09,2001,N21,VIIRS,l,2.0NRT,293.35,19.37,D,2025-01-09 20:01:00,0.0020370540288266992,0.0016843334531081568,34.22541433345311,-118.09473705402883,34.22541433345311,-118.09066294597116,34.2220456665469,-118.09066294597116,34.2220456665469,-118.09473705402883,0.140625,1268,0.2832,0.0,10,-2.680000066757202,0.0,0.00139999995008111,23.0,277.20001220703125,286.3999938964844,5.900000095367432,88.0
34.22461,-118.11267,336.59,0.49,0.65,2025-01-09,2001,N21,VIIRS,n,2.0NRT,301.46,25.57,D,2025-01-09 20:01:00,0.0020370753107952543,0.0016843334531081568,34.226294333453104,-118.11470707531079,34.226294333453104,-118.1106329246892,34.22292566654689,-118.1106329246892,34.22292566654689,-118.11470707531079,0.140625,1390,0.2343,0.0,10,-2.680000066757202,0.0,0.00139999995008111,23.0,277.20001220703125,286.3999938964844,5.900000095367432,88.0
34.22507,-118.08775,355.65,0.48,0.65,2025-01-09,2001,N21,VIIRS,l,2.0NRT,293.02,28.51,D,2025-01-09 20:01:00,0.002037086435828864,0.0016843334531081568,34.22675433345311,-118.08978708643583,34.22675433345311,-118.08571291356417,34.223385666546896,-118.08571291356417,34.223385666546896,-118.08978708643583,0.140625,1256,0.2831,0.0,10,-2.680000066757202,0.0,0.00139999995008111,23.0,277.20001220703125,286.3999938964844,5.900000095367432,88.0
34.22536,-118.06352,354.78,0.48,0.65,2025-01-09,2001,N21,VIIRS,n,2.0NRT,286.71,120.16,D,2025-01-09 20:01:00,0.002037093449566943,0.0016843334531081568,34.22704433345311,-118.06555709344957,34.22704433345311,-118.06148290655042,34.223675666546896,-118.06148290655042,34.223675666546896,-118.06555709344957,0.140625,1659,0.3793,0.6439756155014038,10,-2.630000114440918,0.0,0.0013800000306218863,23.0,278.0,286.0,6.199999809265137,88.0
34.22609,-118.13045,331.65,0.49,0.65,2025-01-09,2001,N21,VIIRS,n,2.0NRT,286.15,10.38,D,2025-01-09 20:01:00,0.0020371111052834945,0.0016843334531081568,34.227774333453105,-118.13248711110528,34.227774333453105,-118.12841288889472,34.22440566654689,-118.12841288889472,34.22440566654689,-118.13248711110528,0.140625,1042,0.2931,0.0,20,-2.440000057220459,0.0,0.0017000000225380063,23.0,278.8999938964844,288.70001220703125,5.599999904632568,88.0
34.22644,-118.1059,367.0,0.49,0.65,2025-01-09,2001,N21,VIIRS,h,2.0NRT,296.74,29.28,D,2025-01-09 20:01:00,0.0020371195705789023,0.0016843334531081568,34.2281243334531,-118.10793711957058,34.2281243334531,-118.10386288042943,34.22475566654689,-118.10386288042943,34.22475566654689,-118.10793711957058,0.140625,1439,0.2877,0.0,10,-2.680000066757202,0.0,0.00139999995008111,23.0,277.20001220703125,286.3999938964844,5.900000095367432,88.0
34.22688,-118.08109,348.59,0.48,0.65,2025-01-09,2001,N21,VIIRS,n,2.0NRT,297.84,28.51,D,2025-01-09 20:01:00,0.002037130212872228,0.0016843334531081568,34.22856433345311,-118.08312713021287,34.22856433345311,-118.07905286978713,34.225195666546895,-118.07905286978713,34.225195666546895,-118.08312713021287,0.140625,1256,0.2831,0.0,10,-2.680000066757202,0.0,0.00139999995008111,23.0,277.20001220703125,286.3999938964844,5.900000095367432,88.0
34.22817,-118.12276,354.01,0.49,0.65,2025-01-09,2001,N21,VIIRS,n,2.0NRT,289.47,178.12,D,2025-01-09 20:01:00,0.002037161415474652,0.0016843334531081568,34.229854333453105,-118.12479716141547,34.229854333453105,-118.12072283858453,34.22648566654689,-118.12072283858453,34.22648566654689,-118.12479716141547,0.140625,1333,0.302,0.0,20,-2.680000066757202,0.0,0.00139999995008111,23.0,277.20001220703125,286.3999938964844,5.900000095367432,88.0
34.22947,-118.0715,367.0,0.48,0.65,2025-01-09,2001,N21,VIIRS,h,2.0NRT,292.34,44.72,D,2025-01-09 20:01:00,0.002037192861969466,0.0016843334531081568,34.231154333453105,-118.07353719286196,34.231154333453105,-118.06946280713804,34.22778566654689,-118.06946280713804,34.22778566654689,-118.07353719286196,0.140625,1538,0.5264,0.0,10,-2.630000114440918,0.0,0.0013800000306218863,23.0,278.0,286.0,6.199999809265137,88.0
34.22958,-118.11229,350.52,0.49,0.65,2025-01-09,2001,N21,VIIRS,n,2.0NRT,321.29,242.6,D,2025-01-09 20:01:00,0.0020371955229193943,0.0016843334531081568,34.231264333453105,-118.11432719552292,34.231264333453105,-118.11025280447708,34.22789566654689,-118.11025280447708,34.22789566654689,-118.11432719552292,0.140625,1454,0.302,0.0,10,-2.680000066757202,0.0,0.00139999995008111,23.0,277.20001220703125,286.3999938964844,5.900000095367432,88.0
34.23016,-118.09214,339.18,0.48,0.65,2025-01-09,2001,N21,VIIRS,n,2.0NRT,286.47,19.37,D,2025-01-09 20:01:00,0.0020372095536217863,0.0016843334531081568,34.231844333453104,-118.09417720955362,34.231844333453104,-118.09010279044638,34.22847566654689,-118.09010279044638,34.22847566654689,-118.09417720955362,0.140625,1457,0.42700000000000005,0.0,10,-2.680000066757202,0.0,0.00139999995008111,23.0,277.20001220703125,286.3999938964844,5.900000095367432,88.0
34.23166,-118.08662,367.0,0.48,0.65,2025-01-09,2001,N21,VIIRS,h,2.0NRT,299.42,28.51,D,2025-01-09 20:01:00,0.002037245841785453,0.0016843334531081568,34.233344333453104,-118.08865724584179,34.233344333453104,-118.0845827541582,34.22997566654689,-118.0845827541582,34.22997566654689,-118.08865724584179,0.140625,1557,0.41650000000000004,0.0,10,-2.680000066757202,0.0,0.00139999995008111,23.0,277.20001220703125,286.3999938964844,5.900000095367432,88.0
34.23248,-118.10681,345.56,0.49,0.65,2025-01-09,2001,N21,VIIRS,n,2.0NRT,286.86,75.46,D,2025-01-09 20:01:00,0.002037265680451768,0.0016843334531081568,34.23416433345311,-118.10884726568045,34.23416433345311,-118.10477273431954,34.230795666546896,-118.10477273431954,34.230795666546896,-118.10884726568045,0.140625,1454,0.302,0.0,10,-2.680000066757202,0.0,0.00139999995008111,23.0,277.20001220703125,286.3999938964844,5.900000095367432,88.0
34.23326,-118.08065,351.24,0.48,0.65,2025-01-09,2001,N21,VIIRS,n,2.0NRT,287.78,28.51,D,2025-01-09 20:01:00,0.0020372845521240846,0.0016843334531081568,34.23494433345311,-118.08268728455214,34.23494433345311,-118.07861271544787,34.231575666546895,-118.07861271544787,34.231575666546895,-118.08268728455214,0.140625,1557,0.41650000000000004,0.0,10,-2.680000066757202,0.0,0.00139999995008111,23.0,277.20001220703125,286.3999938964844,5.900000095367432,88.0
34.20357,-118.07259,341.65,0.44,0.62,2025-01-09,2142,N21,VIIRS,n,2.0NRT,288.98,12.74,D,2025-01-09 21:42:00,0.002036566731577806,0.0016843334531081568,34.205254333453105,-118.07462656673158,34.205254333453105,-118.07055343326843,34.20188566654689,-118.07055343326843,34.20188566654689,-118.07462656673158,0.140625,1042,0.3785,0.0,10,-2.5,0.0,0.0016299999551847577,23.0,281.1000061035156,289.0,5.599999904632568,88.0
34.20376,-118.06897,367.0,0.44,0.62,2025-01-09,2142,N21,VIIRS,h,2.0NRT,293.88,6.96,D,2025-01-09 21:42:00,0.002036571321895882,0.0016843334531081568,34.20544433345311,-118.07100657132189,34.20544433345311,-118.0669334286781,34.2020756665469,-118.0669334286781,34.2020756665469,-118.07100657132189,0.140625,1355,0.32030000000000003,0.0,10,-2.5,0.0,0.0016299999551847577,23.0,281.1000061035156,289.0,5.599999904632568,88.0
34.20397,-118.06515,327.08,0.44,0.62,2025-01-09,2142,N21,VIIRS,n,2.0NRT,291.19,6.96,D,2025-01-09 21:42:00,0.002036576395455464,0.0016843334531081568,34.205654333453104,-118.06718657639546,34.205654333453104,-118.06311342360455,34.20228566654689,-118.06311342360455,34.20228566654689,-118.06718657639546,0.140625,1355,0.32030000000000003,0.0,10,-2.5,0.0,0.0016299999551847577,23.0,281.1000061035156,289.0,5.599999904632568,88.0
34.20892,-118.0802,367.0,0.44,0.62,2025-01-09,2142,N21,VIIRS,h,2.0NRT,300.09,16.06,D,2025-01-09 21:42:00,0.0020366960017473325,0.0016843334531081568,34.210604333453105,-118.08223669600176,34.210604333453105,-118.07816330399825,34.20723566654689,-118.07816330399825,34.20723566654689,-118.08223669600176,0.140625,896,0.21730000000000002,0.0,10,-2.259999990463257,0.0,0.001970000099390745,23.0,282.6000061035156,291.29998779296875,5.400000095367432,86.0
34.20911,-118.07672,367.0,0.44,0.62,2025-01-09,2142,N21,VIIRS,h,2.0NRT,299.3,12.74,D,2025-01-09 21:42:00,0.002036700593278836,0.0016843334531081568,34.21079433345311,-118.07875670059327,34.21079433345311,-118.07468329940671,34.2074256665469,-118.07468329940671,34.2074256665469,-118.07875670059327,0.140625,1042,0.3785,0.0,10,-2.5,0.0,0.0016299999551847577,23.0,281.1000061035156,289.0,5.599999904632568,88.0
34.20929,-118.07339,351.2,0.44,0.62,2025-01-09,2142,N21,VIIRS,n,2.0NRT,295.85,12.74,D,2025-01-09 21:42:00,0.0020367049431905433,0.0016843334531081568,34.21097433345311,-118.0754267049432,34.21097433345311,-118.07135329505681,34.2076056665469,-118.07135329505681,34.2076056665469,-118.0754267049432,0.140625,1042,0.3785,0.0,10,-2.5,0.0,0.0016299999551847577,23.0,281.1000061035156,289.0,5.599999904632568,88.0
34.20947,-118.07011,341.09,0.44,0.62,2025-01-09,2142,N21,VIIRS,n,2.0NRT,293.45,6.96,D,2025-01-09 21:42:00,0.0020367092931409332,0.0016843334531081568,34.21115433345311,-118.07214670929314,34.21115433345311,-118.06807329070686,34.2077856665469,-118.06807329070686,34.2077856665469,-118.07214670929314,0.140625,1355,0.32030000000000003,0.0,10,-2.5,0.0,0.0016299999551847577,23.0,281.1000061035156,289.0,5.599999904632568,88.0
34.20965,-118.06681,335.96,0.44,0.62,2025-01-09,2142,N21,VIIRS,n,2.0NRT,292.14,6.96,D,2025-01-09 21:42:00,0.0020367136431300057,0.0016843334531081568,34.21133433345311,-118.06884671364314,34.21133433345311,-118.06477328635687,34.2079656665469,-118.06477328635687,34.2079656665469,-118.06884671364314,0.140625,1439,0.3665,0.010477584786713123,10,-2.630000114440918,0.0,0.0013800000306218863,23.0,278.0,286.0,6.199999809265137,88.0
34.21482,-118.07764,347.23,0.44,0.62,2025-01-09,2142,N21,VIIRS,n,2.0NRT,298.51,27.51,D,2025-01-09 21:42:00,0.002036838600995749,0.0016843334531081568,34.21650433345311,-118.079676838601,34.21650433345311,-118.075603161399,34.2131356665469,-118.075603161399,34.2131356665469,-118.079676838601,0.140625,1209,0.3665,0.0,10,-2.630000114440918,0.0,0.0013800000306218863,23.0,278.0,286.0,6.199999809265137,88.0
34.215,-118.07439,352.12,0.44,0.62,2025-01-09,2142,N21,VIIRS,n,2.0NRT,304.84,27.51,D,2025-01-09 21:42:00,0.0020368429521347093,0.0016843334531081568,34.21668433345311,-118.07642684295213,34.21668433345311,-118.07235315704786,34.2133156665469,-118.07235315704786,34.2133156665469,-118.07642684295213,0.140625,1209,0.3665,0.0,10,-2.630000114440918,0.0,0.0013800000306218863,23.0,278.0,286.0,6.199999809265137,88.0
34.21516,-118.07127,346.84,0.44,0.62,2025-01-09,2142,N21,VIIRS,n,2.0NRT,317.13,199.48,D,2025-01-09 21:42:00,0.0020368468198462687,0.0016843334531081568,34.2168443334531,-118.07330684681985,34.2168443334531,-118.06923315318015,34.21347566654689,-118.06923315318015,34.21347566654689,-118.07330684681985,0.140625,1209,0.3665,0.0,10,-2.630000114440918,0.0,0.0013800000306218863,23.0,278.0,286.0,6.199999809265137,88.0
34.21552,-118.06487,350.01,0.44,0.62,2025-01-09,2142,N21,VIIRS,n,2.0NRT,313.84,118.64,D,2025-01-09 21:42:00,0.0020368555223090573,0.0016843334531081568,34.217204333453104,-118.0669068555223,34.217204333453104,-118.0628331444777,34.21383566654689,-118.0628331444777,34.21383566654689,-118.0669068555223,0.140625,1439,0.3665,0.010477584786713123,10,-2.630000114440918,0.0,0.0013800000306218863,23.0,278.0,286.0,6.199999809265137,88.0
34.21574,-118.06087,355.72,0.44,0.62,2025-01-09,2142,N21,VIIRS,l,2.0NRT,299.99,118.64,D,2025-01-09 21:42:00,0.0020368608405569545,0.0016843334531081568,34.2174243334531,-118.06290686084056,34.2174243334531,-118.05883313915943,34.21405566654689,-118.05883313915943,34.21405566654689,-118.06290686084056,0.140625,1445,0.5701,0.0,10,-2.630000114440918,0.0,0.0013800000306218863,23.0,278.0,286.0,6.199999809265137,88.0
34.21638,-118.15408,335.63,0.43,0.62,2025-01-09,2142,N21,VIIRS,n,2.0NRT,295.06,5.16,D,2025-01-09 21:42:00,0.0020368763121522307,0.0016843334531081568,34.21806433345311,-118.15611687631214,34.21806433345311,-118.15204312368785,34.214695666546895,-118.15204312368785,34.214695666546895,-118.15611687631214,0.140625,577,0.29600000000000004,547.4627685546875,10,-2.440000057220459,0.0,0.0017000000225380063,23.0,278.8999938964844,288.70001220703125,5.599999904632568,88.0
34.21908,-118.10524,334.66,0.44,0.62,2025-01-09,2142,N21,VIIRS,n,2.0NRT,295.22,7.61,D,2025-01-09 21:42:00,0.002036941588330106,0.0016843334531081568,34.220764333453104,-118.10727694158832,34.220764333453104,-118.10320305841167,34.21739566654689,-118.10320305841167,34.21739566654689,-118.10727694158832,0.140625,1439,0.2877,0.0,10,-2.680000066757202,0.0,0.00139999995008111,23.0,277.20001220703125,286.3999938964844,5.900000095367432,88.0
34.21937,-118.09994,330.55,0.44,0.62,2025-01-09,2142,N21,VIIRS,n,2.0NRT,295.15,8.53,D,2025-01-09 21:42:00,0.0020369485999929752,0.0016843334531081568,34.221054333453104,-118.1019769486,34.221054333453104,-118.09790305140001,34.21768566654689,-118.09790305140001,34.21768566654689,-118.1019769486,0.140625,1439,0.2877,0.0,10,-2.680000066757202,0.0,0.00139999995008111,23.0,277.20001220703125,286.3999938964844,5.900000095367432,88.0
34.22002,-118.08777,329.43,0.44,0.62,2025-01-09,2142,N21,VIIRS,n,2.0NRT,295.59,13.14,D,2025-01-09 21:42:00,0.002036964316153977,0.0016843334531081568,34.221704333453104,-118.08980696431615,34.221704333453104,-118.08573303568386,34.21833566654689,-118.08573303568386,34.21833566654689,-118.08980696431615,0.140625,1256,0.2831,0.0,10,-2.680000066757202,0.0,0.00139999995008111,23.0,277.20001220703125,286.3999938964844,5.900000095367432,88.0
34.22027,-118.08324,367.0,0.44,0.62,2025-01-09,2142,N21,VIIRS,h,2.0NRT,298.66,13.14,D,2025-01-09 21:42:00,0.0020369703609656674,0.0016843334531081568,34.221954333453105,-118.08527697036097,34.221954333453105,-118.08120302963904,34.21858566654689,-118.08120302963904,34.21858566654689,-118.08527697036097,0.140625,1256,0.2831,0.0,10,-2.680000066757202,0.0,0.00139999995008111,23.0,277.20001220703125,286.3999938964844,5.900000095367432,88.0
34.22048,-118.07942,367.0,0.44,0.62,2025-01-09,2142,N21,VIIRS,h,2.0NRT,301.52,27.51,D,2025-01-09 21:42:00,0.002036975438665183,0.0016843334531081568,34.22216433345311,-118.08145697543867,34.22216433345311,-118.07738302456133,34.218795666546896,-118.07738302456133,34.218795666546896,-118.08145697543867,0.140625,1256,0.2831,0.0,10,-2.680000066757202,0.0,0.00139999995008111,23.0,277.20001220703125,286.3999938964844,5.900000095367432,88.0
34.22066,-118.07609,367.0,0.44,0.62,2025-01-09,2142,N21,VIIRS,h,2.0NRT,302.27,27.51,D,2025-01-09 21:42:00,0.0020369797910209817,0.0016843334531081568,34.22234433345311,-118.07812697979101,34.22234433345311,-118.07405302020898,34.218975666546896,-118.07405302020898,34.218975666546896,-118.07812697979101,0.140625,1382,0.3377,0.0,10,-2.630000114440918,0.0,0.0013800000306218863,23.0,278.0,286.0,6.199999809265137,88.0
34.22102,-118.06974,367.0,0.44,0.62,2025-01-09,2142,N21,VIIRS,h,2.0NRT,325.23,199.48,D,2025-01-09 21:42:00,0.0020369884958486907,0.0016843334531081568,34.22270433345311,-118.07177698849584,34.22270433345311,-118.06770301150415,34.2193356665469,-118.06770301150415,34.2193356665469,-118.07177698849584,0.140625,1659,0.3793,0.6439756155014038,10,-2.630000114440918,0.0,0.0013800000306218863,23.0,278.0,286.0,6.199999809265137,88.0
34.22141,-118.06264,355.41,0.44,0.62,2025-01-09,2142,N21,VIIRS,n,2.0NRT,312.47,118.64,D,2025-01-09 21:42:00,0.0020369979262534143,0.0016843334531081568,34.223094333453105,-118.06467699792626,34.223094333453105,-118.06060300207375,34.21972566654689,-118.06060300207375,34.21972566654689,-118.06467699792626,0.140625,1659,0.3793,0.6439756155014038,10,-2.630000114440918,0.0,0.0013800000306218863,23.0,278.0,286.0,6.199999809265137,88.0
34.22166,-118.05782,335.69,0.44,0.62,2025-01-09,2142,N21,VIIRS,n,2.0NRT,295.15,37.55,D,2025-01-09 21:42:00,0.0020370039714802143,0.0016843334531081568,34.223344333453106,-118.05985700397149,34.223344333453106,-118.05578299602853,34.219975666546894,-118.05578299602853,34.219975666546894,-118.05985700397149,0.140625,1670,0.5543,0.8829770088195801,10,-2.630000114440918,0.0,0.0013800000306218863,23.0,278.0,286.0,6.199999809265137,88.0
34.22427,-118.11557,344.89,0.44,0.62,2025-01-09,2142,N21,VIIRS,n,2.0NRT,290.92,72.3,D,2025-01-09 21:42:00,0.002037067088106816,0.0016843334531081568,34.2259543334531,-118.11760706708812,34.2259543334531,-118.1135329329119,34.22258566654689,-118.1135329329119,34.22258566654689,-118.11760706708812,0.140625,1246,0.2286,0.0,20,-2.680000066757202,0.0,0.00139999995008111,23.0,277.20001220703125,286.3999938964844,5.900000095367432,88.0
34.22447,-118.11181,354.27,0.44,0.62,2025-01-09,2142,N21,VIIRS,n,2.0NRT,301.51,141.92,D,2025-01-09 21:42:00,0.0020370719249656415,0.0016843334531081568,34.2261543334531,-118.11384707192497,34.2261543334531,-118.10977292807505,34.22278566654689,-118.10977292807505,34.22278566654689,-118.11384707192497,0.140625,1390,0.2343,0.0,10,-2.680000066757202,0.0,0.00139999995008111,23.0,277.20001220703125,286.3999938964844,5.900000095367432,88.0
34.22469,-118.10778,367.0,0.44,0.62,2025-01-09,2142,N21,VIIRS,h,2.0NRT,298.83,141.92,D,2025-01-09 21:42:00,0.002037077245565548,0.0016843334531081568,34.22637433345311,-118.10981707724557,34.22637433345311,-118.10574292275444,34.2230056665469,-118.10574292275444,34.2230056665469,-118.10981707724557,0.140625,1390,0.2343,0.0,10,-2.680000066757202,0.0,0.00139999995008111,23.0,277.20001220703125,286.3999938964844,5.900000095367432,88.0
34.22495,-118.10311,347.94,0.44,0.62,2025-01-09,2142,N21,VIIRS,n,2.0NRT,298.72,35.19,D,2025-01-09 21:42:00,0.0020370835336218094,0.0016843334531081568,34.226634333453106,-118.10514708353362,34.226634333453106,-118.10107291646638,34.223265666546894,-118.10107291646638,34.223265666546894,-118.10514708353362,0.140625,1439,0.2877,0.0,10,-2.680000066757202,0.0,0.00139999995008111,23.0,277.20001220703125,286.3999938964844,5.900000095367432,88.0
34.22529,-118.09686,340.03,0.44,0.62,2025-01-09,2142,N21,VIIRS,n,2.0NRT,296.23,35.19,D,2025-01-09 21:42:00,0.0020370917565864827,0.0016843334531081568,34.22697433345311,-118.0988970917566,34.22697433345311,-118.09482290824342,34.223605666546895,-118.09482290824342,34.223605666546895,-118.0988970917566,0.140625,1268,0.2832,0.0,10,-2.680000066757202,0.0,0.00139999995008111,23.0,277.20001220703125,286.3999938964844,5.900000095367432,88.0
34.22561,-118.09103,367.0,0.44,0.62,2025-01-09,2142,N21,VIIRS,h,2.0NRT,301.55,16.67,D,2025-01-09 21:42:00,0.002037099495973524,0.0016843334531081568,34.22729433345311,-118.09306709949598,34.22729433345311,-118.08899290050402,34.2239256665469,-118.08899290050402,34.2239256665469,-118.09306709949598,0.140625,1268,0.2832,0.0,10,-2.680000066757202,0.0,0.00139999995008111,23.0,277.20001220703125,286.3999938964844,5.900000095367432,88.0
34.22588,-118.08613,351.44,0.44,0.62,2025-01-09,2142,N21,VIIRS,n,2.0NRT,301.33,16.67,D,2025-01-09 21:42:00,0.0020371060261765083,0.0016843334531081568,34.2275643334531,-118.08816710602618,34.2275643334531,-118.08409289397382,34.22419566654689,-118.08409289397382,34.22419566654689,-118.08816710602618,0.140625,1256,0.2831,0.0,10,-2.680000066757202,0.0,0.00139999995008111,23.0,277.20001220703125,286.3999938964844,5.900000095367432,88.0
34.2261,-118.08202,367.0,0.44,0.62,2025-01-09,2142,N21,VIIRS,h,2.0NRT,299.94,24.92,D,2025-01-09 21:42:00,0.0020371113471470467,0.0016843334531081568,34.22778433345311,-118.08405711134715,34.22778433345311,-118.07998288865285,34.224415666546896,-118.07998288865285,34.224415666546896,-118.08405711134715,0.140625,1256,0.2831,0.0,10,-2.680000066757202,0.0,0.00139999995008111,23.0,277.20001220703125,286.3999938964844,5.900000095367432,88.0
34.2263,-118.07841,355.54,0.44,0.62,2025-01-09,2142,N21,VIIRS,l,2.0NRT,305.03,24.92,D,2025-01-09 21:42:00,0.0020371161844431745,0.0016843334531081568,34.22798433345311,-118.08044711618444,34.22798433345311,-118.07637288381557,34.224615666546896,-118.07637288381557,34.224615666546896,-118.08044711618444,0.140625,1382,0.3377,0.0,10,-2.630000114440918,0.0,0.0013800000306218863,23.0,278.0,286.0,6.199999809265137,88.0
34.22649,-118.07512,355.57,0.44,0.62,2025-01-09,2142,N21,VIIRS,l,2.0NRT,308.88,29.9,D,2025-01-09 21:42:00,0.002037120779918766,0.0016843334531081568,34.228174333453104,-118.07715712077992,34.228174333453104,-118.07308287922008,34.22480566654689,-118.07308287922008,34.22480566654689,-118.07715712077992,0.140625,1382,0.3377,0.0,10,-2.630000114440918,0.0,0.0013800000306218863,23.0,278.0,286.0,6.199999809265137,88.0
34.22666,-118.07198,367.0,0.44,0.62,2025-01-09,2142,N21,VIIRS,h,2.0NRT,312.12,29.9,D,2025-01-09 21:42:00,0.0020371248916966488,0.0016843334531081568,34.22834433345311,-118.0740171248917,34.22834433345311,-118.0699428751083,34.2249756665469,-118.0699428751083,34.2249756665469,-118.0740171248917,0.140625,1382,0.3377,0.0,10,-2.630000114440918,0.0,0.0013800000306218863,23.0,278.0,286.0,6.199999809265137,88.0
34.22686,-118.06833,367.0,0.44,0.62,2025-01-09,2142,N21,VIIRS,h,2.0NRT,319.87,17.66,D,2025-01-09 21:42:00,0.0020371297291266036,0.0016843334531081568,34.22854433345311,-118.07036712972914,34.22854433345311,-118.06629287027087,34.225175666546896,-118.06629287027087,34.225175666546896,-118.07036712972914,0.140625,1659,0.3793,0.6439756155014038,10,-2.630000114440918,0.0,0.0013800000306218863,23.0,278.0,286.0,6.199999809265137,88.0
34.22708,-118.06426,353.17,0.44,0.62,2025-01-09,2142,N21,VIIRS,n,2.0NRT,296.45,17.66,D,2025-01-09 21:42:00,0.002037135050354759,0.0016843334531081568,34.22876433345311,-118.06629713505036,34.22876433345311,-118.06222286494965,34.225395666546895,-118.06222286494965,34.225395666546895,-118.06629713505036,0.140625,1659,0.3793,0.6439756155014038,10,-2.630000114440918,0.0,0.0013800000306218863,23.0,278.0,286.0,6.199999809265137,88.0
34.22977,-118.12005,329.88,0.44,0.62,2025-01-09,2142,N21,VIIRS,n,2.0NRT,288.86,72.3,D,2025-01-09 21:42:00,0.002037200119139693,0.0016843334531081568,34.23145433345311,-118.12208720011914,34.23145433345311,-118.11801279988087,34.228085666546896,-118.11801279988087,34.228085666546896,-118.12208720011914,0.140625,1333,0.302,0.0,20,-2.680000066757202,0.0,0.00139999995008111,23.0,277.20001220703125,286.3999938964844,5.900000095367432,88.0
34.22996,-118.11655,207.38,0.44,0.62,2025-01-09,2142,N21,VIIRS,l,2.0NRT,316.47,72.3,D,2025-01-09 21:42:00,0.0020372047154031347,0.0016843334531081568,34.231644333453104,-118.11858720471541,34.231644333453104,-118.1145127952846,34.22827566654689,-118.1145127952846,34.22827566654689,-118.11858720471541,0.140625,1333,0.302,0.0,20,-2.680000066757202,0.0,0.00139999995008111,23.0,277.20001220703125,286.3999938964844,5.900000095367432,88.0
34.23016,-118.11304,367.0,0.44,0.62,2025-01-09,2142,N21,VIIRS,l,2.0NRT,356.11,141.92,D,2025-01-09 21:42:00,0.0020372095536217863,0.0016843334531081568,34.231844333453104,-118.11507720955362,34.231844333453104,-118.11100279044638,34.22847566654689,-118.11100279044638,34.22847566654689,-118.11507720955362,0.140625,1454,0.302,0.0,10,-2.680000066757202,0.0,0.00139999995008111,23.0,277.20001220703125,286.3999938964844,5.900000095367432,88.0
34.23035,-118.10949,367.0,0.44,0.62,2025-01-09,2142,N21,VIIRS,h,2.0NRT,337.19,141.92,D,2025-01-09 21:42:00,0.0020372141499737837,0.0016843334531081568,34.23203433345311,-118.11152721414997,34.23203433345311,-118.10745278585001,34.228665666546895,-118.10745278585001,34.228665666546895,-118.11152721414997,0.140625,1454,0.302,0.0,10,-2.680000066757202,0.0,0.00139999995008111,23.0,277.20001220703125,286.3999938964844,5.900000095367432,88.0
34.23057,-118.10558,353.94,0.44,0.62,2025-01-09,2142,N21,VIIRS,n,2.0NRT,325.15,35.19,D,2025-01-09 21:42:00,0.0020372194721194697,0.0016843334531081568,34.232254333453106,-118.10761721947212,34.232254333453106,-118.10354278052789,34.228885666546894,-118.10354278052789,34.228885666546894,-118.10761721947212,0.140625,1582,0.5376000000000001,0.0,10,-2.680000066757202,0.0,0.00139999995008111,23.0,277.20001220703125,286.3999938964844,5.900000095367432,88.0
34.23086,-118.10033,342.2,0.44,0.62,2025-01-09,2142,N21,VIIRS,n,2.0NRT,297.44,35.19,D,2025-01-09 21:42:00,0.002037226487763526,0.0016843334531081568,34.232544333453106,-118.10236722648776,34.232544333453106,-118.09829277351224,34.229175666546894,-118.09829277351224,34.229175666546894,-118.10236722648776,0.140625,1582,0.5376000000000001,0.0,10,-2.680000066757202,0.0,0.00139999995008111,23.0,277.20001220703125,286.3999938964844,5.900000095367432,88.0
34.23119,-118.09426,367.0,0.44,0.62,2025-01-09,2142,N21,VIIRS,h,2.0NRT,300.47,16.67,D,2025-01-09 21:42:00,0.002037234471204886,0.0016843334531081568,34.232874333453104,-118.09629723447121,34.232874333453104,-118.0922227655288,34.22950566654689,-118.0922227655288,34.22950566654689,-118.09629723447121,0.140625,1457,0.42700000000000005,0.0,10,-2.680000066757202,0.0,0.00139999995008111,23.0,277.20001220703125,286.3999938964844,5.900000095367432,88.0
34.23146,-118.08934,367.0,0.44,0.62,2025-01-09,2142,N21,VIIRS,h,2.0NRT,300.6,16.67,D,2025-01-09 21:42:00,0.0020372410032082613,0.0016843334531081568,34.233144333453104,-118.09137724100322,34.233144333453104,-118.0873027589968,34.22977566654689,-118.0873027589968,34.22977566654689,-118.09137724100322,0.140625,1457,0.42700000000000005,0.0,10,-2.680000066757202,0.0,0.00139999995008111,23.0,277.20001220703125,286.3999938964844,5.900000095367432,88.0
34.23172,-118.08474,367.0,0.44,0.62,2025-01-09,2142,N21,VIIRS,h,2.0NRT,300.59,24.92,D,2025-01-09 21:42:00,0.0020372472933679327,0.0016843334531081568,34.23340433345311,-118.08677724729337,34.23340433345311,-118.08270275270662,34.2300356665469,-118.08270275270662,34.2300356665469,-118.08677724729337,0.140625,1557,0.41650000000000004,0.0,10,-2.680000066757202,0.0,0.00139999995008111,23.0,277.20001220703125,286.3999938964844,5.900000095367432,88.0
34.23195,-118.08047,367.0,0.44,0.62,2025-01-09,2142,N21,VIIRS,h,2.0NRT,302.1,24.92,D,2025-01-09 21:42:00,0.002037252857807298,0.0016843334531081568,34.233634333453104,-118.08250725285781,34.233634333453104,-118.0784327471422,34.23026566654689,-118.0784327471422,34.23026566654689,-118.08250725285781,0.140625,1557,0.41650000000000004,0.0,10,-2.680000066757202,0.0,0.00139999995008111,23.0,277.20001220703125,286.3999938964844,5.900000095367432,88.0
34.23217,-118.07648,367.0,0.44,0.62,2025-01-09,2142,N21,VIIRS,h,2.0NRT,303.36,29.9,D,2025-01-09 21:42:00,0.00203725818037368,0.0016843334531081568,34.23385433345311,-118.07851725818038,34.23385433345311,-118.07444274181962,34.2304856665469,-118.07444274181962,34.2304856665469,-118.07851725818038,0.140625,1538,0.5264,0.0,10,-2.630000114440918,0.0,0.0013800000306218863,23.0,278.0,286.0,6.199999809265137,88.0
34.23239,-118.07251,367.0,0.44,0.62,2025-01-09,2142,N21,VIIRS,h,2.0NRT,302.3,29.9,D,2025-01-09 21:42:00,0.00203726350299791,0.0016843334531081568,34.23407433345311,-118.07454726350299,34.23407433345311,-118.070472736497,34.230705666546896,-118.070472736497,34.230705666546896,-118.07454726350299,0.140625,1538,0.5264,0.0,10,-2.630000114440918,0.0,0.0013800000306218863,23.0,278.0,286.0,6.199999809265137,88.0
34.23263,-118.06814,340.53,0.44,0.62,2025-01-09,2142,N21,VIIRS,n,2.0NRT,293.46,17.66,D,2025-01-09 21:42:00,0.0020372693095630457,0.0016843334531081568,34.234314333453106,-118.07017726930957,34.234314333453106,-118.06610273069043,34.230945666546894,-118.06610273069043,34.230945666546894,-118.07017726930957,0.140625,1482,0.5728,1.0445187091827393,10,-2.630000114440918,0.0,0.0013800000306218863,23.0,278.0,286.0,6.199999809265137,88.0
34.23565,-118.11755,207.38,0.44,0.62,2025-01-09,2142,N21,VIIRS,l,2.0NRT,313.41,149.13,D,2025-01-09 21:42:00,0.00203734238139161,0.0016843334531081568,34.237334333453106,-118.11958734238138,34.237334333453106,-118.11551265761861,34.233965666546894,-118.11551265761861,34.233965666546894,-118.11958734238138,0.140625,1333,0.302,0.0,20,-2.680000066757202,0.0,0.00139999995008111,23.0,277.20001220703125,286.3999938964844,5.900000095367432,88.0
34.23586,-118.11381,344.81,0.44,0.62,2025-01-09,2142,N21,VIIRS,n,2.0NRT,311.69,95.42,D,2025-01-09 21:42:00,0.002037347462950657,0.0016843334531081568,34.23754433345311,-118.11584734746295,34.23754433345311,-118.11177265253706,34.234175666546896,-118.11177265253706,34.234175666546896,-118.11584734746295,0.140625,1454,0.302,0.0,10,-2.680000066757202,0.0,0.00139999995008111,23.0,277.20001220703125,286.3999938964844,5.900000095367432,88.0
34.23607,-118.11015,367.0,0.44,0.62,2025-01-09,2142,N21,VIIRS,h,2.0NRT,299.96,95.42,D,2025-01-09 21:42:00,0.0020373525445624217,0.0016843334531081568,34.237754333453104,-118.11218735254457,34.237754333453104,-118.10811264745544,34.23438566654689,-118.10811264745544,34.23438566654689,-118.11218735254457,0.140625,1454,0.302,0.0,10,-2.680000066757202,0.0,0.00139999995008111,23.0,277.20001220703125,286.3999938964844,5.900000095367432,88.0
34.23761,-118.08222,340.99,0.44,0.62,2025-01-09,2142,N21,VIIRS,n,2.0NRT,289.12,5.18,D,2025-01-09 21:42:00,0.0020373898113262476,0.0016843334531081568,34.2392943334531,-118.08425738981133,34.2392943334531,-118.08018261018869,34.23592566654689,-118.08018261018869,34.23592566654689,-118.08425738981133,0.140625,1402,0.7611,0.0,20,-2.680000066757202,0.0,0.00139999995008111,23.0,277.20001220703125,286.3999938964844,5.900000095367432,88.0
34.23792,-118.07678,334.11,0.44,0.62,2025-01-09,2142,N21,VIIRS,n,2.0NRT,286.36,3.97,D,2025-01-09 21:42:00,0.002037397313420217,0.0016843334531081568,34.23960433345311,-118.07881739731341,34.23960433345311,-118.07474260268658,34.2362356665469,-118.07474260268658,34.2362356665469,-118.07881739731341,0.140625,1286,0.7627,0.0,10,-2.630000114440918,0.0,0.0013800000306218863,23.0,278.0,286.0,6.199999809265137,88.0
34.15397,-118.19033,314.2,0.55,0.43,2025-01-10,1004,N21,VIIRS,n,2.0NRT,279.84,2.39,N,2025-01-10 10:04:00,0.002035369889616652,0.0016843334531081568,34.15565433345311,-118.19236536988961,34.15565433345311,-118.18829463011039,34.152285666546895,-118.18829463011039,34.152285666546895,-118.19236536988961,0.140625,306,0.38380000000000003,35.057273864746094,20,-2.069999933242798,0.0,0.0019399999873712659,18.0,283.29998779296875,294.79998779296875,2.4000000953674316,75.0
34.20262,-118.06922,310.5,0.56,0.43,2025-01-10,1004,N21,VIIRS,n,2.0NRT,282.52,2.19,N,2025-01-10 10:04:00,0.00203654378063374,0.0016843334531081568,34.20430433345311,-118.07125654378063,34.20430433345311,-118.06718345621937,34.2009356665469,-118.06718345621937,34.2009356665469,-118.07125654378063,0.140625,1355,0.32030000000000003,0.0,10,-2.5,0.0,0.0011099999537691474,25.0,284.0,291.0,3.5,93.0
34.20372,-118.07463,310.62,0.56,0.43,2025-01-10,1004,N21,VIIRS,n,2.0NRT,282.88,2.19,N,2025-01-10 10:04:00,0.0020365703555095477,0.0016843334531081568,34.2054043334531,-118.07666657035551,34.2054043334531,-118.07259342964448,34.20203566654689,-118.07259342964448,34.20203566654689,-118.07666657035551,0.140625,1042,0.3785,0.0,10,-2.5,0.0,0.0011099999537691474,25.0,284.0,291.0,3.5,93.0
34.20762,-118.07375,303.78,0.56,0.43,2025-01-10,1004,N21,VIIRS,n,2.0NRT,282.52,1.79,N,2025-01-10 10:04:00,0.0020366645871617173,0.0016843334531081568,34.209304333453105,-118.07578666458717,34.209304333453105,-118.07171333541284,34.20593566654689,-118.07171333541284,34.20593566654689,-118.07578666458717,0.140625,1042,0.3785,0.0,10,-2.5,0.0,0.0011099999537691474,25.0,284.0,291.0,3.5,93.0
34.20866,-118.07887,296.03,0.56,0.43,2025-01-10,1004,N21,VIIRS,n,2.0NRT,282.69,1.34,N,2025-01-10 10:04:00,0.002036689718668801,0.0016843334531081568,34.21034433345311,-118.08090668971866,34.21034433345311,-118.07683331028133,34.206975666546896,-118.07683331028133,34.206975666546896,-118.08090668971866,0.140625,1042,0.3785,0.0,10,-2.5,0.0,0.0011099999537691474,25.0,284.0,291.0,3.5,93.0
34.21152,-118.07288,299.62,0.56,0.43,2025-01-10,1004,N21,VIIRS,n,2.0NRT,282.35,1.79,N,2025-01-10 10:04:00,0.0020367588369716557,0.0016843334531081568,34.213204333453106,-118.07491675883696,34.213204333453106,-118.07084324116303,34.209835666546894,-118.07084324116303,34.209835666546894,-118.07491675883696,0.140625,1209,0.3665,0.0,10,-2.630000114440918,0.0,0.0009299999801442027,25.0,282.1000061035156,289.20001220703125,4.099999904632568,93.0
34.21185,-118.07249,301.56,0.56,0.43,2025-01-10,1004,N21,VIIRS,n,2.0NRT,283.36,1.73,N,2025-01-10 10:04:00,0.0020367668127888976,0.0016843334531081568,34.213534333453104,-118.0745267668128,34.213534333453104,-118.07045323318721,34.21016566654689,-118.07045323318721,34.21016566654689,-118.0745267668128,0.140625,1209,0.3665,0.0,10,-2.630000114440918,0.0,0.0009299999801442027,25.0,282.1000061035156,289.20001220703125,4.099999904632568,93.0
34.21254,-118.0779,298.31,0.56,0.43,2025-01-10,1004,N21,VIIRS,n,2.0NRT,282.28,1.34,N,2025-01-10 10:04:00,0.0020367834899178636,0.0016843334531081568,34.2142243334531,-118.07993678348991,34.2142243334531,-118.07586321651009,34.21085566654689,-118.07586321651009,34.21085566654689,-118.07993678348991,0.140625,1209,0.3665,0.0,10,-2.630000114440918,0.0,0.0009299999801442027,25.0,282.1000061035156,289.20001220703125,4.099999904632568,93.0
34.21289,-118.07752,297.65,0.56,0.43,2025-01-10,1004,N21,VIIRS,n,2.0NRT,281.71,1.73,N,2025-01-10 10:04:00,0.00203679194954843,0.0016843334531081568,34.21457433345311,-118.07955679194956,34.21457433345311,-118.07548320805046,34.211205666546896,-118.07548320805046,34.211205666546896,-118.07955679194956,0.140625,1209,0.3665,0.0,10,-2.630000114440918,0.0,0.0009299999801442027,25.0,282.1000061035156,289.20001220703125,4.099999904632568,93.0
34.21336,-118.06185,302.93,0.56,0.43,2025-01-10,1004,N21,VIIRS,n,2.0NRT,281.08,1.86,N,2025-01-10 10:04:00,0.0020368033098538667,0.0016843334531081568,34.21504433345311,-118.06388680330986,34.21504433345311,-118.05981319669016,34.211675666546896,-118.05981319669016,34.211675666546896,-118.06388680330986,0.140625,1439,0.3665,0.010477584786713123,10,-2.630000114440918,0.0,0.0009299999801442027,25.0,282.1000061035156,289.20001220703125,4.099999904632568,93.0
34.21364,-118.06139,306.61,0.56,0.43,2025-01-10,1004,N21,VIIRS,n,2.0NRT,281.58,2.24,N,2025-01-10 10:04:00,0.0020368100778207867,0.0016843334531081568,34.215324333453104,-118.06342681007783,34.215324333453104,-118.05935318992218,34.21195566654689,-118.05935318992218,34.21195566654689,-118.06342681007783,0.140625,1439,0.3665,0.010477584786713123,10,-2.630000114440918,0.0,0.0009299999801442027,25.0,282.1000061035156,289.20001220703125,4.099999904632568,93.0
34.21445,-118.06725,311.41,0.56,0.43,2025-01-10,1004,N21,VIIRS,n,2.0NRT,283.13,2.33,N,2025-01-10 10:04:00,0.0020368296571093964,0.0016843334531081568,34.216134333453105,-118.06928682965712,34.216134333453105,-118.06521317034289,34.21276566654689,-118.06521317034289,34.21276566654689,-118.06928682965712,0.140625,1439,0.3665,0.010477584786713123,10,-2.630000114440918,0.0,0.0009299999801442027,25.0,282.1000061035156,289.20001220703125,4.099999904632568,93.0
34.21478,-118.06689,311.18,0.56,0.43,2025-01-10,1004,N21,VIIRS,n,2.0NRT,282.84,2.24,N,2025-01-10 10:04:00,0.0020368376340812342,0.0016843334531081568,34.216464333453104,-118.06892683763408,34.216464333453104,-118.06485316236592,34.21309566654689,-118.06485316236592,34.21309566654689,-118.06892683763408,0.140625,1439,0.3665,0.010477584786713123,10,-2.630000114440918,0.0,0.0009299999801442027,25.0,282.1000061035156,289.20001220703125,4.099999904632568,93.0
34.21547,-118.07227,309.34,0.56,0.43,2025-01-10,1004,N21,VIIRS,n,2.0NRT,283.52,2.33,N,2025-01-10 10:04:00,0.0020368543136244145,0.0016843334531081568,34.21715433345311,-118.07430685431363,34.21715433345311,-118.07023314568637,34.2137856665469,-118.07023314568637,34.2137856665469,-118.07430685431363,0.140625,1209,0.3665,0.0,10,-2.630000114440918,0.0,0.0009299999801442027,25.0,282.1000061035156,289.20001220703125,4.099999904632568,93.0
34.21579,-118.15458,319.22,0.56,0.43,2025-01-10,1004,N21,VIIRS,n,2.0NRT,285.31,4.09,N,2025-01-10 10:04:00,0.00203686204925772,0.0016843334531081568,34.217474333453104,-118.15661686204925,34.217474333453104,-118.15254313795074,34.21410566654689,-118.15254313795074,34.21410566654689,-118.15661686204925,0.140625,577,0.29600000000000004,547.4627685546875,10,-2.440000057220459,0.0,0.0012400000123307109,18.0,284.0,291.1000061035156,3.200000047683716,93.0
34.21582,-118.07191,311.09,0.56,0.43,2025-01-10,1004,N21,VIIRS,n,2.0NRT,283.04,1.73,N,2025-01-10 10:04:00,0.0020368627744796123,0.0016843334531081568,34.21750433345311,-118.07394686277448,34.21750433345311,-118.06987313722553,34.214135666546895,-118.06987313722553,34.214135666546895,-118.07394686277448,0.140625,1209,0.3665,0.0,10,-2.630000114440918,0.0,0.0009299999801442027,25.0,282.1000061035156,289.20001220703125,4.099999904632568,93.0
34.2173,-118.0612,307.3,0.56,0.43,2025-01-10,1004,N21,VIIRS,n,2.0NRT,282.13,1.86,N,2025-01-10 10:04:00,0.0020368985534274784,0.0016843334531081568,34.21898433345311,-118.06323689855343,34.21898433345311,-118.05916310144657,34.215615666546896,-118.05916310144657,34.215615666546896,-118.06323689855343,0.140625,1445,0.5701,0.0,10,-2.630000114440918,0.0,0.0009299999801442027,25.0,282.1000061035156,289.20001220703125,4.099999904632568,93.0
34.21759,-118.06075,306.69,0.56,0.43,2025-01-10,1004,N21,VIIRS,n,2.0NRT,281.68,2.04,N,2025-01-10 10:04:00,0.0020369055644737896,0.0016843334531081568,34.21927433345311,-118.06278690556448,34.21927433345311,-118.05871309443552,34.215905666546895,-118.05871309443552,34.215905666546895,-118.06278690556448,0.140625,1445,0.5701,0.0,10,-2.630000114440918,0.0,0.0009299999801442027,25.0,282.1000061035156,289.20001220703125,4.099999904632568,93.0
34.21761,-118.08282,299.78,0.56,0.43,2025-01-10,1004,N21,VIIRS,n,2.0NRT,282.16,1.43,N,2025-01-10 10:04:00,0.0020369060479979275,0.0016843334531081568,34.21929433345311,-118.084856906048,34.21929433345311,-118.080783093952,34.215925666546894,-118.080783093952,34.215925666546894,-118.084856906048,0.140625,1013,0.2952,0.0,10,-2.680000066757202,0.0,0.0009800000116229057,25.0,282.29998779296875,289.1000061035156,3.5999999046325684,92.0
34.21799,-118.0824,302.74,0.56,0.43,2025-01-10,1004,N21,VIIRS,n,2.0NRT,282.94,2.22,N,2025-01-10 10:04:00,0.0020369152350473182,0.0016843334531081568,34.219674333453106,-118.08443691523506,34.219674333453106,-118.08036308476495,34.216305666546894,-118.08036308476495,34.216305666546894,-118.08443691523506,0.140625,1013,0.2952,0.0,10,-2.680000066757202,0.0,0.0009800000116229057,25.0,282.29998779296875,289.1000061035156,3.5999999046325684,92.0
34.2184,-118.06665,319.35,0.56,0.43,2025-01-10,1004,N21,VIIRS,n,2.0NRT,282.96,2.33,N,2025-01-10 10:04:00,0.0020369251475835155,0.0016843334531081568,34.22008433345311,-118.06868692514757,34.22008433345311,-118.06461307485242,34.2167156665469,-118.06461307485242,34.2167156665469,-118.06868692514757,0.140625,1439,0.3665,0.010477584786713123,10,-2.630000114440918,0.0,0.0009299999801442027,25.0,282.1000061035156,289.20001220703125,4.099999904632568,93.0
34.21873,-118.06628,318.71,0.56,0.43,2025-01-10,1004,N21,VIIRS,n,2.0NRT,282.93,2.04,N,2025-01-10 10:04:00,0.0020369331261121467,0.0016843334531081568,34.22041433345311,-118.06831693312611,34.22041433345311,-118.0642430668739,34.217045666546895,-118.0642430668739,34.217045666546895,-118.06831693312611,0.140625,1659,0.3793,0.6439756155014038,10,-2.630000114440918,0.0,0.0009299999801442027,25.0,282.1000061035156,289.20001220703125,4.099999904632568,93.0
34.21944,-118.07176,309.03,0.56,0.43,2025-01-10,1004,N21,VIIRS,n,2.0NRT,283.37,2.33,N,2025-01-10 10:04:00,0.0020369502924783736,0.0016843334531081568,34.221124333453105,-118.07379695029248,34.221124333453105,-118.06972304970752,34.21775566654689,-118.06972304970752,34.21775566654689,-118.07379695029248,0.140625,1382,0.3377,0.0,10,-2.630000114440918,0.0,0.0009299999801442027,25.0,282.1000061035156,289.20001220703125,4.099999904632568,93.0
34.2198,-118.07142,308.76,0.56,0.43,2025-01-10,1004,N21,VIIRS,n,2.0NRT,283.09,2.1,N,2025-01-10 10:04:00,0.002036958996781446,0.0016843334531081568,34.221484333453105,-118.07345695899679,34.221484333453105,-118.06938304100322,34.21811566654689,-118.06938304100322,34.21811566654689,-118.07345695899679,0.140625,1382,0.3377,0.0,10,-2.630000114440918,0.0,0.0009299999801442027,25.0,282.1000061035156,289.20001220703125,4.099999904632568,93.0
34.22047,-118.07687,305.51,0.56,0.43,2025-01-10,1004,N21,VIIRS,n,2.0NRT,282.81,1.43,N,2025-01-10 10:04:00,0.0020369751968687734,0.0016843334531081568,34.222154333453105,-118.07890697519687,34.222154333453105,-118.07483302480313,34.21878566654689,-118.07483302480313,34.21878566654689,-118.07890697519687,0.140625,1382,0.3377,0.0,10,-2.630000114440918,0.0,0.0009299999801442027,25.0,282.1000061035156,289.20001220703125,4.099999904632568,93.0
34.22085,-118.07652,308.68,0.56,0.43,2025-01-10,1004,N21,VIIRS,n,2.0NRT,283.37,2.1,N,2025-01-10 10:04:00,0.0020369843852163136,0.0016843334531081568,34.222534333453105,-118.07855698438522,34.222534333453105,-118.07448301561479,34.21916566654689,-118.07448301561479,34.21916566654689,-118.07855698438522,0.140625,1382,0.3377,0.0,10,-2.630000114440918,0.0,0.0009299999801442027,25.0,282.1000061035156,289.20001220703125,4.099999904632568,93.0
34.22156,-118.08226,301.29,0.56,0.43,2025-01-10,1004,N21,VIIRS,n,2.0NRT,281.94,1.43,N,2025-01-10 10:04:00,0.0020370015533805346,0.0016843334531081568,34.2232443334531,-118.08429700155338,34.2232443334531,-118.08022299844663,34.21987566654689,-118.08022299844663,34.21987566654689,-118.08429700155338,0.140625,1256,0.2831,0.0,10,-2.680000066757202,0.0,0.0009800000116229057,25.0,282.29998779296875,289.1000061035156,3.5999999046325684,92.0
34.22196,-118.08187,301.54,0.56,0.43,2025-01-10,1004,N21,VIIRS,n,2.0NRT,281.58,1.74,N,2025-01-10 10:04:00,0.0020370112258509304,0.0016843334531081568,34.22364433345311,-118.08390701122585,34.22364433345311,-118.07983298877414,34.2202756665469,-118.07983298877414,34.2202756665469,-118.08390701122585,0.140625,1256,0.2831,0.0,10,-2.680000066757202,0.0,0.0009800000116229057,25.0,282.29998779296875,289.1000061035156,3.5999999046325684,92.0
34.22235,-118.06606,300.92,0.56,0.43,2025-01-10,1004,N21,VIIRS,n,2.0NRT,281.01,1.05,N,2025-01-10 10:04:00,0.002037020656693598,0.0016843334531081568,34.224034333453105,-118.06809702065668,34.224034333453105,-118.0640229793433,34.22066566654689,-118.0640229793433,34.22066566654689,-118.06809702065668,0.140625,1659,0.3793,0.6439756155014038,10,-2.630000114440918,0.0,0.0009299999801442027,25.0,282.1000061035156,289.20001220703125,4.099999904632568,93.0
34.22269,-118.0657,298.81,0.56,0.43,2025-01-10,1004,N21,VIIRS,n,2.0NRT,280.23,2.04,N,2025-01-10 10:04:00,0.0020370288786021283,0.0016843334531081568,34.224374333453106,-118.06773702887861,34.224374333453106,-118.0636629711214,34.221005666546894,-118.0636629711214,34.221005666546894,-118.06773702887861,0.140625,1659,0.3793,0.6439756155014038,10,-2.630000114440918,0.0,0.0009299999801442027,25.0,282.1000061035156,289.20001220703125,4.099999904632568,93.0
34.22342,-118.07137,307.61,0.56,0.43,2025-01-10,1004,N21,VIIRS,n,2.0NRT,281.13,1.05,N,2025-01-10 10:04:00,0.0020370465319899636,0.0016843334531081568,34.2251043334531,-118.073407046532,34.2251043334531,-118.069332953468,34.22173566654689,-118.069332953468,34.22173566654689,-118.073407046532,0.140625,1382,0.3377,0.0,10,-2.630000114440918,0.0,0.0009299999801442027,25.0,282.1000061035156,289.20001220703125,4.099999904632568,93.0
34.2238,-118.07102,304.61,0.56,0.43,2025-01-10,1004,N21,VIIRS,n,2.0NRT,280.47,2.1,N,2025-01-10 10:04:00,0.0020370557216766905,0.0016843334531081568,34.2254843334531,-118.07305705572168,34.2254843334531,-118.06898294427833,34.22211566654689,-118.06898294427833,34.22211566654689,-118.07305705572168,0.140625,1382,0.3377,0.0,10,-2.630000114440918,0.0,0.0009299999801442027,25.0,282.1000061035156,289.20001220703125,4.099999904632568,93.0
34.22388,-118.11417,309.94,0.56,0.43,2025-01-10,1004,N21,VIIRS,n,2.0NRT,282.21,2.52,N,2025-01-10 10:04:00,0.0020370576563695634,0.0016843334531081568,34.22556433345311,-118.11620705765637,34.22556433345311,-118.11213294234364,34.222195666546895,-118.11213294234364,34.222195666546895,-118.11620705765637,0.140625,1390,0.2343,0.0,10,-2.680000066757202,0.0,0.0009800000116229057,25.0,282.29998779296875,289.1000061035156,3.5999999046325684,92.0
34.22408,-118.09489,313.05,0.56,0.43,2025-01-10,1004,N21,VIIRS,n,2.0NRT,280.98,3.29,N,2025-01-10 10:04:00,0.002037062493135198,0.0016843334531081568,34.22576433345311,-118.09692706249314,34.22576433345311,-118.09285293750688,34.222395666546895,-118.09285293750688,34.222395666546895,-118.09692706249314,0.140625,1268,0.2832,0.0,10,-2.680000066757202,0.0,0.0009800000116229057,25.0,282.29998779296875,289.1000061035156,3.5999999046325684,92.0
34.22446,-118.11369,309.37,0.56,0.43,2025-01-10,1004,N21,VIIRS,n,2.0NRT,283.38,2.4,N,2025-01-10 10:04:00,0.002037071683121565,0.0016843334531081568,34.22614433345311,-118.11572707168312,34.22614433345311,-118.11165292831689,34.222775666546895,-118.11165292831689,34.222775666546895,-118.11572707168312,0.140625,1390,0.2343,0.0,10,-2.680000066757202,0.0,0.0009800000116229057,25.0,282.29998779296875,289.1000061035156,3.5999999046325684,92.0
34.22447,-118.07654,311.55,0.56,0.43,2025-01-10,1004,N21,VIIRS,n,2.0NRT,282.81,2.02,N,2025-01-10 10:04:00,0.0020370719249656415,0.0016843334531081568,34.2261543334531,-118.07857707192495,34.2261543334531,-118.07450292807503,34.22278566654689,-118.07450292807503,34.22278566654689,-118.07857707192495,0.140625,1382,0.3377,0.0,10,-2.630000114440918,0.0,0.0009299999801442027,25.0,282.1000061035156,289.20001220703125,4.099999904632568,93.0
34.22455,-118.09438,308.76,0.56,0.43,2025-01-10,1004,N21,VIIRS,n,2.0NRT,280.99,3.34,N,2025-01-10 10:04:00,0.002037073859722553,0.0016843334531081568,34.22623433345311,-118.09641707385973,34.22623433345311,-118.09234292614028,34.222865666546895,-118.09234292614028,34.222865666546895,-118.09641707385973,0.140625,1268,0.2832,0.0,10,-2.680000066757202,0.0,0.0009800000116229057,25.0,282.29998779296875,289.1000061035156,3.5999999046325684,92.0
34.22486,-118.0762,311.64,0.56,0.43,2025-01-10,1004,N21,VIIRS,n,2.0NRT,282.54,2.1,N,2025-01-10 10:04:00,0.0020370813569778093,0.0016843334531081568,34.226544333453106,-118.07823708135697,34.226544333453106,-118.07416291864303,34.223175666546894,-118.07416291864303,34.223175666546894,-118.07823708135697,0.140625,1382,0.3377,0.0,10,-2.630000114440918,0.0,0.0009299999801442027,25.0,282.1000061035156,289.20001220703125,4.099999904632568,93.0
34.22495,-118.11949,304.29,0.56,0.43,2025-01-10,1004,N21,VIIRS,n,2.0NRT,281.23,2.52,N,2025-01-10 10:04:00,0.0020370835336218094,0.0016843334531081568,34.226634333453106,-118.12152708353362,34.226634333453106,-118.11745291646638,34.223265666546894,-118.11745291646638,34.223265666546894,-118.12152708353362,0.140625,1246,0.2286,0.0,20,-2.680000066757202,0.0,0.0009800000116229057,25.0,282.29998779296875,289.1000061035156,3.5999999046325684,92.0
34.22546,-118.10181,313.32,0.56,0.43,2025-01-10,1004,N21,VIIRS,n,2.0NRT,280.31,3.08,N,2025-01-10 10:04:00,0.002037095868120614,0.0016843334531081568,34.227144333453104,-118.10384709586812,34.227144333453104,-118.09977290413188,34.22377566654689,-118.09977290413188,34.22377566654689,-118.10384709586812,0.140625,1439,0.2877,0.0,10,-2.680000066757202,0.0,0.0009800000116229057,25.0,282.29998779296875,289.1000061035156,3.5999999046325684,92.0
34.22555,-118.11898,323.05,0.56,0.43,2025-01-10,1004,N21,VIIRS,n,2.0NRT,283.18,2.95,N,2025-01-10 10:04:00,0.002037098044829134,0.0016843334531081568,34.227234333453104,-118.12101709804482,34.227234333453104,-118.11694290195517,34.22386566654689,-118.11694290195517,34.22386566654689,-118.12101709804482,0.140625,1246,0.2286,0.0,20,-2.680000066757202,0.0,0.0009800000116229057,25.0,282.29998779296875,289.1000061035156,3.5999999046325684,92.0
34.22557,-118.08198,310.28,0.56,0.43,2025-01-10,1004,N21,VIIRS,n,2.0NRT,282.58,2.02,N,2025-01-10 10:04:00,0.0020370985285434527,0.0016843334531081568,34.227254333453104,-118.08401709852855,34.227254333453104,-118.07994290147145,34.22388566654689,-118.07994290147145,34.22388566654689,-118.08401709852855,0.140625,1256,0.2831,0.0,10,-2.680000066757202,0.0,0.0009800000116229057,25.0,282.29998779296875,289.1000061035156,3.5999999046325684,92.0
34.22597,-118.1013,323.64,0.56,0.43,2025-01-10,1004,N21,VIIRS,n,2.0NRT,281.37,3.34,N,2025-01-10 10:04:00,0.002037108202930193,0.0016843334531081568,34.2276543334531,-118.10333710820292,34.2276543334531,-118.09926289179707,34.22428566654689,-118.09926289179707,34.22428566654689,-118.10333710820292,0.140625,1439,0.2877,0.0,10,-2.680000066757202,0.0,0.0009800000116229057,25.0,282.29998779296875,289.1000061035156,3.5999999046325684,92.0
34.22598,-118.0816,310.5,0.56,0.43,2025-01-10,1004,N21,VIIRS,n,2.0NRT,282.92,1.74,N,2025-01-10 10:04:00,0.0020371084447923116,0.0016843334531081568,34.227664333453106,-118.08363710844479,34.227664333453106,-118.0795628915552,34.224295666546894,-118.0795628915552,34.224295666546894,-118.08363710844479,0.140625,1256,0.2831,0.0,10,-2.680000066757202,0.0,0.0009800000116229057,25.0,282.29998779296875,289.1000061035156,3.5999999046325684,92.0
34.22675,-118.08789,296.52,0.56,0.43,2025-01-10,1004,N21,VIIRS,n,2.0NRT,280.42,2.28,N,2025-01-10 10:04:00,0.0020371270685342136,0.0016843334531081568,34.22843433345311,-118.08992712706853,34.22843433345311,-118.08585287293147,34.2250656665469,-118.08585287293147,34.2250656665469,-118.08992712706853,0.140625,1256,0.2831,0.0,10,-2.680000066757202,0.0,0.0009800000116229057,25.0,282.29998779296875,289.1000061035156,3.5999999046325684,92.0
34.2272,-118.08748,296.86,0.56,0.43,2025-01-10,1004,N21,VIIRS,n,2.0NRT,280.23,1.74,N,2025-01-10 10:04:00,0.0020371379528672197,0.0016843334531081568,34.22888433345311,-118.08951713795287,34.22888433345311,-118.08544286204713,34.2255156665469,-118.08544286204713,34.2255156665469,-118.08951713795287,0.140625,1256,0.2831,0.0,10,-2.680000066757202,0.0,0.0009800000116229057,25.0,282.29998779296875,289.1000061035156,3.5999999046325684,92.0
34.22743,-118.07111,295.9,0.56,0.43,2025-01-10,1004,N21,VIIRS,n,2.0NRT,277.84,1.05,N,2025-01-10 10:04:00,0.002037143516064199,0.0016843334531081568,34.229114333453104,-118.07314714351607,34.229114333453104,-118.06907285648394,34.22574566654689,-118.06907285648394,34.22574566654689,-118.07314714351607,0.140625,1382,0.3377,0.0,10,-2.630000114440918,0.0,0.0009299999801442027,25.0,282.1000061035156,289.20001220703125,4.099999904632568,93.0
34.22778,-118.11341,302.72,0.56,0.43,2025-01-10,1004,N21,VIIRS,n,2.0NRT,282.53,2.52,N,2025-01-10 10:04:00,0.0020371519819200193,0.0016843334531081568,34.22946433345311,-118.11544715198193,34.22946433345311,-118.11137284801808,34.2260956665469,-118.11137284801808,34.2260956665469,-118.11544715198193,0.140625,1454,0.302,0.0,10,-2.680000066757202,0.0,0.0009800000116229057,25.0,282.29998779296875,289.1000061035156,3.5999999046325684,92.0
34.22803,-118.09435,320.24,0.56,0.43,2025-01-10,1004,N21,VIIRS,n,2.0NRT,284.12,2.28,N,2025-01-10 10:04:00,0.0020371580290495126,0.0016843334531081568,34.2297143334531,-118.09638715802906,34.2297143334531,-118.09231284197095,34.22634566654689,-118.09231284197095,34.22634566654689,-118.09638715802906,0.140625,1457,0.42700000000000005,0.0,10,-2.680000066757202,0.0,0.0009800000116229057,25.0,282.29998779296875,289.1000061035156,3.5999999046325684,92.0
34.22837,-118.11293,301.17,0.56,0.43,2025-01-10,1004,N21,VIIRS,n,2.0NRT,281.91,1.98,N,2025-01-10 10:04:00,0.0020371662532654797,0.0016843334531081568,34.230054333453104,-118.11496716625327,34.230054333453104,-118.11089283374675,34.22668566654689,-118.11089283374675,34.22668566654689,-118.11496716625327,0.140625,1454,0.302,0.0,10,-2.680000066757202,0.0,0.0009800000116229057,25.0,282.29998779296875,289.1000061035156,3.5999999046325684,92.0
34.22847,-118.0762,308.73,0.56,0.43,2025-01-10,1004,N21,VIIRS,n,2.0NRT,281.92,2.02,N,2025-01-10 10:04:00,0.002037168672178819,0.0016843334531081568,34.23015433345311,-118.07823716867217,34.23015433345311,-118.07416283132783,34.226785666546895,-118.07416283132783,34.226785666546895,-118.07823716867217,0.140625,1538,0.5264,0.0,10,-2.630000114440918,0.0,0.0009299999801442027,25.0,282.1000061035156,289.20001220703125,4.099999904632568,93.0
34.22851,-118.09385,320.12,0.56,0.43,2025-01-10,1004,N21,VIIRS,n,2.0NRT,284.58,3.34,N,2025-01-10 10:04:00,0.0020371696397475003,0.0016843334531081568,34.230194333453106,-118.09588716963975,34.230194333453106,-118.09181283036025,34.226825666546894,-118.09181283036025,34.226825666546894,-118.09588716963975,0.140625,1457,0.42700000000000005,0.0,10,-2.680000066757202,0.0,0.0009800000116229057,25.0,282.29998779296875,289.1000061035156,3.5999999046325684,92.0
34.22884,-118.11865,329.85,0.56,0.43,2025-01-10,1004,N21,VIIRS,n,2.0NRT,283.65,2.52,N,2025-01-10 10:04:00,0.002037177622262078,0.0016843334531081568,34.230524333453104,-118.12068717762226,34.230524333453104,-118.11661282237775,34.22715566654689,-118.11661282237775,34.22715566654689,-118.12068717762226,0.140625,1333,0.302,0.0,20,-2.680000066757202,0.0,0.0009800000116229057,25.0,282.29998779296875,289.1000061035156,3.5999999046325684,92.0
34.22887,-118.07581,307.59,0.56,0.43,2025-01-10,1004,N21,VIIRS,n,2.0NRT,281.18,1.57,N,2025-01-10 10:04:00,0.002037178347951674,0.0016843334531081568,34.23055433345311,-118.07784717834795,34.23055433345311,-118.07377282165206,34.227185666546895,-118.07377282165206,34.227185666546895,-118.07784717834795,0.140625,1538,0.5264,0.0,10,-2.630000114440918,0.0,0.0009299999801442027,25.0,282.1000061035156,289.20001220703125,4.099999904632568,93.0
34.22945,-118.11816,325.17,0.56,0.43,2025-01-10,1004,N21,VIIRS,n,2.0NRT,283.82,4.31,N,2025-01-10 10:04:00,0.0020371923781619416,0.0016843334531081568,34.231134333453106,-118.12019719237817,34.231134333453106,-118.11612280762184,34.227765666546894,-118.11612280762184,34.227765666546894,-118.12019719237817,0.140625,1333,0.302,0.0,20,-2.680000066757202,0.0,0.0009800000116229057,25.0,282.29998779296875,289.1000061035156,3.5999999046325684,92.0
34.22956,-118.08163,307.47,0.56,0.43,2025-01-10,1004,N21,VIIRS,n,2.0NRT,282.59,2.02,N,2025-01-10 10:04:00,0.002037195039109241,0.0016843334531081568,34.231244333453105,-118.08366719503911,34.231244333453105,-118.0795928049609,34.22787566654689,-118.0795928049609,34.22787566654689,-118.08366719503911,0.140625,1557,0.41650000000000004,0.0,10,-2.680000066757202,0.0,0.0009800000116229057,25.0,282.29998779296875,289.1000061035156,3.5999999046325684,92.0
34.22998,-118.08122,307.26,0.56,0.43,2025-01-10,1004,N21,VIIRS,n,2.0NRT,282.46,2.42,N,2025-01-10 10:04:00,0.0020372051992228486,0.0016843334531081568,34.231664333453104,-118.08325720519923,34.231664333453104,-118.07918279480077,34.22829566654689,-118.07918279480077,34.22829566654689,-118.08325720519923,0.140625,1557,0.41650000000000004,0.0,10,-2.680000066757202,0.0,0.0009800000116229057,25.0,282.29998779296875,289.1000061035156,3.5999999046325684,92.0
34.23074,-118.08755,307.66,0.56,0.43,2025-01-10,1004,N21,VIIRS,n,2.0NRT,281.82,2.28,N,2025-01-10 10:04:00,0.0020372235847262083,0.0016843334531081568,34.2324243334531,-118.08958722358472,34.2324243334531,-118.08551277641527,34.22905566654689,-118.08551277641527,34.22905566654689,-118.08958722358472,0.140625,1557,0.41650000000000004,0.0,10,-2.680000066757202,0.0,0.0009800000116229057,25.0,282.29998779296875,289.1000061035156,3.5999999046325684,92.0
34.2312,-118.08714,306.79,0.56,0.43,2025-01-10,1004,N21,VIIRS,n,2.0NRT,281.67,2.42,N,2025-01-10 10:04:00,0.0020372347131293834,0.0016843334531081568,34.23288433345311,-118.08917723471313,34.23288433345311,-118.08510276528688,34.229515666546895,-118.08510276528688,34.229515666546895,-118.08917723471313,0.140625,1557,0.41650000000000004,0.0,10,-2.680000066757202,0.0,0.0009800000116229057,25.0,282.29998779296875,289.1000061035156,3.5999999046325684,92.0
34.23199,-118.0938,318.88,0.56,0.43,2025-01-10,1004,N21,VIIRS,n,2.0NRT,283.18,2.28,N,2025-01-10 10:04:00,0.0020372538255423378,0.0016843334531081568,34.23367433345311,-118.09583725382555,34.23367433345311,-118.09176274617445,34.2303056665469,-118.09176274617445,34.2303056665469,-118.09583725382555,0.140625,1457,0.42700000000000005,0.0,10,-2.680000066757202,0.0,0.0009800000116229057,25.0,282.29998779296875,289.1000061035156,3.5999999046325684,92.0
34.23248,-118.09333,313.31,0.56,0.43,2025-01-10,1004,N21,VIIRS,n,2.0NRT,281.78,2.97,N,2025-01-10 10:04:00,0.002037265680451768,0.0016843334531081568,34.23416433345311,-118.09536726568045,34.23416433345311,-118.09129273431954,34.230795666546896,-118.09129273431954,34.230795666546896,-118.09536726568045,0.140625,1457,0.42700000000000005,0.0,10,-2.680000066757202,0.0,0.0009800000116229057,25.0,282.29998779296875,289.1000061035156,3.5999999046325684,92.0
34.23276,-118.0749,295.08,0.56,0.43,2025-01-10,1004,N21,VIIRS,n,2.0NRT,279.03,1.57,N,2025-01-10 10:04:00,0.0020372724548145733,0.0016843334531081568,34.234444333453105,-118.07693727245481,34.234444333453105,-118.07286272754519,34.23107566654689,-118.07286272754519,34.23107566654689,-118.07693727245481,0.140625,1538,0.5264,0.0,10,-2.630000114440918,0.0,0.0009299999801442027,25.0,282.1000061035156,289.20001220703125,4.099999904632568,93.0
34.23394,-118.08061,313.22,0.56,0.43,2025-01-10,1004,N21,VIIRS,n,2.0NRT,281.16,2.42,N,2025-01-10 10:04:00,0.002037301004944565,0.0016843334531081568,34.2356243334531,-118.08264730100494,34.2356243334531,-118.07857269899505,34.23225566654689,-118.07857269899505,34.23225566654689,-118.08264730100494,0.140625,1557,0.41650000000000004,0.0,10,-2.680000066757202,0.0,0.0009800000116229057,25.0,282.29998779296875,289.1000061035156,3.5999999046325684,92.0
34.22554,-118.09972,340.27,0.46,0.47,2025-01-10,2125,N21,VIIRS,n,2.0NRT,298.16,4.78,D,2025-01-10 21:25:00,0.002037097802972154,0.0016843334531081568,34.22722433345311,-118.10175709780297,34.22722433345311,-118.09768290219704,34.223855666546896,-118.09768290219704,34.223855666546896,-118.10175709780297,0.140625,1439,0.2877,0.0,10,-2.680000066757202,0.0,0.0009800000116229057,25.0,282.29998779296875,289.1000061035156,3.5999999046325684,92.0
34.15182,-118.195,313.3,0.39,0.36,2025-01-11,945,N21,VIIRS,n,2.0NRT,281.85,0.96,N,2025-01-11 09:45:00,0.0020353180766710336,0.0016843334531081568,34.15350433345311,-118.19703531807666,34.15350433345311,-118.19296468192333,34.150135666546895,-118.19296468192333,34.150135666546895,-118.19703531807666,0.140625,306,0.38380000000000003,35.057273864746094,20,-2.200000047683716,0.0,0.0020000000949949026,25.0,281.70001220703125,294.3999938964844,2.0999999046325684,77.0
34.20324,-118.07168,298.24,0.39,0.36,2025-01-11,945,N21,VIIRS,n,2.0NRT,283.31,0.7,N,2025-01-11 09:45:00,0.002036558759022504,0.0016843334531081568,34.20492433345311,-118.07371655875902,34.20492433345311,-118.06964344124098,34.201555666546895,-118.06964344124098,34.201555666546895,-118.07371655875902,0.140625,1042,0.3785,0.0,10,-2.569999933242798,0.0,0.001180000021122396,29.0,283.0,291.1000061035156,2.5,95.0
34.2197,-118.06564,295.93,0.39,0.36,2025-01-11,945,N21,VIIRS,n,2.0NRT,282.1,0.6,N,2025-01-11 09:45:00,0.0020369565789039533,0.0016843334531081568,34.22138433345311,-118.06767695657891,34.22138433345311,-118.0636030434211,34.2180156665469,-118.0636030434211,34.2180156665469,-118.06767695657891,0.140625,1659,0.3793,0.6439756155014038,10,-2.6700000762939453,0.0,0.0009899999713525176,29.0,279.70001220703125,288.0,2.799999952316284,94.0
34.22037,-118.06968,300.23,0.39,0.36,2025-01-11,945,N21,VIIRS,n,2.0NRT,281.87,0.74,N,2025-01-11 09:45:00,0.0020369727789112477,0.0016843334531081568,34.22205433345311,-118.07171697277892,34.22205433345311,-118.0676430272211,34.2186856665469,-118.0676430272211,34.2186856665469,-118.07171697277892,0.140625,1659,0.3793,0.6439756155014038,10,-2.6700000762939453,0.0,0.0009899999713525176,29.0,279.70001220703125,288.0,2.799999952316284,94.0
34.22103,-118.07374,296.04,0.39,0.36,2025-01-11,945,N21,VIIRS,n,2.0NRT,283.04,0.74,N,2025-01-11 09:45:00,0.0020369887376516698,0.0016843334531081568,34.222714333453105,-118.07577698873766,34.222714333453105,-118.07170301126234,34.21934566654689,-118.07170301126234,34.21934566654689,-118.07577698873766,0.140625,1382,0.3377,0.0,10,-2.6700000762939453,0.0,0.0009899999713525176,29.0,279.70001220703125,288.0,2.799999952316284,94.0
34.22567,-118.08121,298.02,0.39,0.36,2025-01-11,945,N21,VIIRS,n,2.0NRT,282.65,1.42,N,2025-01-11 09:45:00,0.0020371009471222153,0.0016843334531081568,34.22735433345311,-118.08324710094712,34.22735433345311,-118.07917289905288,34.223985666546895,-118.07917289905288,34.223985666546895,-118.08324710094712,0.140625,1256,0.2831,0.0,10,-2.7100000381469727,0.0,0.0010400000028312206,29.0,279.5,288.1000061035156,2.5999999046325684,94.0
34.2283,-118.07646,295.37,0.39,0.36,2025-01-11,945,N21,VIIRS,n,2.0NRT,282.5,1.41,N,2025-01-11 09:45:00,0.0020371645600332526,0.0016843334531081568,34.2299843334531,-118.07849716456003,34.2299843334531,-118.07442283543996,34.22661566654689,-118.07442283543996,34.22661566654689,-118.07849716456003,0.140625,1538,0.5264,0.0,10,-2.6700000762939453,0.0,0.0009899999713525176,29.0,279.70001220703125,288.0,2.799999952316284,94.0
34.22842,-118.09795,308.54,0.39,0.36,2025-01-11,945,N21,VIIRS,n,2.0NRT,282.94,1.86,N,2025-01-11 09:45:00,0.0020371674627206555,0.0016843334531081568,34.230104333453106,-118.09998716746271,34.230104333453106,-118.09591283253728,34.226735666546894,-118.09591283253728,34.226735666546894,-118.09998716746271,0.140625,1582,0.5376000000000001,0.0,10,-2.7100000381469727,0.0,0.0010400000028312206,29.0,279.5,288.1000061035156,2.5999999046325684,94.0
34.23101,-118.09302,300.64,0.39,0.36,2025-01-11,945,N21,VIIRS,n,2.0NRT,283.38,1.73,N,2025-01-11 09:45:00,0.0020372301165843733,0.0016843334531081568,34.232694333453104,-118.09505723011658,34.232694333453104,-118.09098276988341,34.22932566654689,-118.09098276988341,34.22932566654689,-118.09505723011658,0.140625,1457,0.42700000000000005,0.0,10,-2.7100000381469727,0.0,0.0010400000028312206,29.0,279.5,288.1000061035156,2.5999999046325684,94.0
34.2317,-118.09722,312.55,0.39,0.36,2025-01-11,945,N21,VIIRS,n,2.0NRT,281.94,1.73,N,2025-01-11 09:45:00,0.0020372468095066283,0.0016843334531081568,34.2333843334531,-118.0992572468095,34.2333843334531,-118.09518275319049,34.23001566654689,-118.09518275319049,34.23001566654689,-118.0992572468095,0.140625,1457,0.42700000000000005,0.0,10,-2.7100000381469727,0.0,0.0010400000028312206,29.0,279.5,288.1000061035156,2.5999999046325684,94.0
34.23362,-118.08813,299.86,0.39,0.36,2025-01-11,945,N21,VIIRS,n,2.0NRT,284.14,1.57,N,2025-01-11 09:45:00,0.0020372932623719613,0.0016843334531081568,34.23530433345311,-118.09016729326238,34.23530433345311,-118.08609270673763,34.231935666546896,-118.08609270673763,34.231935666546896,-118.09016729326238,0.140625,1557,0.41650000000000004,0.0,10,-2.7100000381469727,0.0,0.0010400000028312206,29.0,279.5,288.1000061035156,2.5999999046325684,94.0
34.23431,-118.09233,330.16,0.39,0.36,2025-01-11,945,N21,VIIRS,n,2.0NRT,285.07,1.73,N,2025-01-11 09:45:00,0.002037309957446721,0.0016843334531081568,34.23599433345311,-118.09436730995745,34.23599433345311,-118.09029269004256,34.232625666546895,-118.09029269004256,34.232625666546895,-118.09436730995745,0.140625,1457,0.42700000000000005,0.0,10,-2.7100000381469727,0.0,0.0010400000028312206,29.0,279.5,288.1000061035156,2.5999999046325684,94.0
34.15326,-118.19147,328.14,0.42,0.37,2025-01-11,2103,N21,VIIRS,n,2.0NRT,299.98,2.67,D,2025-01-11 21:03:00,0.002035352778686397,0.0016843334531081568,34.15494433345311,-118.19350535277869,34.15494433345311,-118.1894346472213,34.1515756665469,-118.1894346472213,34.1515756665469,-118.19350535277869,0.140625,306,0.38380000000000003,35.057273864746094,20,-2.200000047683716,0.0,0.0020000000949949026,25.0,281.70001220703125,294.3999938964844,2.0999999046325684,77.0
34.15364,-118.19074,304.1,0.47,0.4,2025-01-12,926,N21,VIIRS,n,2.0NRT,281.12,0.72,N,2025-01-12 09:26:00,0.0020353619365744103,0.0016843334531081568,34.15532433345311,-118.19277536193658,34.15532433345311,-118.18870463806343,34.1519556665469,-118.18870463806343,34.1519556665469,-118.19277536193658,0.140625,306,0.38380000000000003,35.057273864746094,20,-2.200000047683716,0.0,0.0025500000920146704,11.0,280.5,293.8999938964844,1.7000000476837158,76.0
34.21602,-118.15073,299.7,0.47,0.4,2025-01-12,926,N21,VIIRS,n,2.0NRT,283.54,1.01,N,2025-01-12 09:26:00,0.0020368676093196958,0.0016843334531081568,34.217704333453106,-118.15276686760932,34.217704333453106,-118.14869313239068,34.214335666546894,-118.14869313239068,34.214335666546894,-118.15276686760932,0.140625,649,0.29600000000000004,161.29188537597656,10,-2.5299999713897705,0.0,0.0017099999822676182,11.0,280.3999938964844,289.5,2.200000047683716,94.0
34.15218,-118.19173,325.28,0.44,0.46,2025-01-13,2025,N21,VIIRS,n,2.0NRT,295.81,2.31,D,2025-01-13 20:25:00,0.0020353267519434112,0.0016843334531081568,34.15386433345311,-118.19376532675194,34.15386433345311,-118.18969467324807,34.150495666546895,-118.18969467324807,34.150495666546895,-118.19376532675194,0.140625,306,0.38380000000000003,35.057273864746094,20,-2.200000047683716,0.0,0.002090000081807375,26.0,280.20001220703125,292.8999938964844,3.0999999046325684,78.0
34.1511,-118.19043,299.36,0.41,0.6,2025-01-14,1028,N21,VIIRS,n,2.0NRT,276.55,0.75,N,2025-01-14 10:28:00,0.002035300726589188,0.0016843334531081568,34.152784333453106,-118.1924653007266,34.152784333453106,-118.18839469927342,34.14941566654689,-118.18839469927342,34.14941566654689,-118.1924653007266,0.140625,306,0.38380000000000003,35.057273864746094,20,-2.200000047683716,0.0,0.00203000009059906,54.0,279.1000061035156,292.0,4.099999904632568,79.0
34.15164,-118.19025,295.39,0.44,0.46,2025-01-15,1010,N21,VIIRS,n,2.0NRT,280.08,1.19,N,2025-01-15 10:10:00,0.002035313739092709,0.0016843334531081568,34.15332433345311,-118.19228531373909,34.15332433345311,-118.18821468626092,34.149955666546894,-118.18821468626092,34.149955666546894,-118.19228531373909,0.140625,306,0.38380000000000003,35.057273864746094,20,-2.200000047683716,0.0,0.0018500000005587935,37.0,279.0,292.20001220703125,2.4000000953674316,81.0
34.15268,-118.19499,304.22,0.44,0.46,2025-01-15,1010,N21,VIIRS,n,2.0NRT,278.0,1.06,N,2025-01-15 10:10:00,0.002035338801188813,0.0016843334531081568,34.1543643334531,-118.1970253388012,34.1543643334531,-118.19295466119881,34.15099566654689,-118.19295466119881,34.15099566654689,-118.1970253388012,0.140625,306,0.38380000000000003,35.057273864746094,20,-2.200000047683716,0.0,0.0018500000005587935,37.0,279.0,292.20001220703125,2.4000000953674316,81.0
34.15271,-118.19149,315.42,0.42,0.37,2025-01-17,932,N21,VIIRS,n,2.0NRT,277.91,1.07,N,2025-01-17 09:32:00,0.002035339524153003,0.0016843334531081568,34.154394333453105,-118.19352533952416,34.154394333453105,-118.18945466047585,34.15102566654689,-118.18945466047585,34.15102566654689,-118.19352533952416,0.140625,306,0.38380000000000003,35.057273864746094,20,-2.319999933242798,0.0,0.003100000089034438,142.0,279.0,293.79998779296875,2.9000000953674316,78.0
34.15433,-118.19171,326.81,0.39,0.36,2025-01-17,2053,N21,VIIRS,n,2.0NRT,296.18,1.3,D,2025-01-17 20:53:00,0.0020353785658106245,0.0016843334531081568,34.15601433345311,-118.19374537856581,34.15601433345311,-118.1896746214342,34.152645666546896,-118.1896746214342,34.152645666546896,-118.19374537856581,0.140625,306,0.38380000000000003,35.057273864746094,20,-2.319999933242798,0.0,0.003100000089034438,142.0,279.0,293.79998779296875,2.9000000953674316,78.0
34.15292,-118.19351,305.6,0.43,0.62,2025-01-19,854,N21,VIIRS,n,2.0NRT,277.89,1.35,N,2025-01-19 08:54:00,0.0020353445849323366,0.0016843334531081568,34.15460433345311,-118.19554534458493,34.15460433345311,-118.19147465541508,34.151235666546896,-118.19147465541508,34.151235666546896,-118.19554534458493,0.140625,306,0.38380000000000003,35.057273864746094,20,-2.319999933242798,0.0,0.004139999859035015,197.0,279.20001220703125,290.5,1.2999999523162842,70.0
34.15478,-118.19377,311.1,0.47,0.39,2025-01-21,958,N21,VIIRS,n,2.0NRT,277.11,0.98,N,2025-01-21 09:58:00,0.002035389411270106,0.0016843334531081568,34.15646433345311,-118.19580538941128,34.15646433345311,-118.19173461058872,34.153095666546896,-118.19173461058872,34.153095666546896,-118.19580538941128,0.140625,306,0.38380000000000003,35.057273864746094,20,-2.430000066757202,0.0,0.0031799999997019768,52.0,279.29998779296875,293.20001220703125,2.9000000953674316,71.0
34.15265,-118.19366,317.1,0.56,0.43,2025-01-23,919,N21,VIIRS,n,2.0NRT,282.56,2.76,N,2025-01-23 09:19:00,0.002035338078225695,0.0016843334531081568,34.15433433345311,-118.19569533807822,34.15433433345311,-118.19162466192176,34.150965666546895,-118.19162466192176,34.150965666546895,-118.19569533807822,0.140625,306,0.38380000000000003,35.057273864746094,20,-2.430000066757202,0.0,0.001509999972768128,37.0,285.20001220703125,299.5,2.0999999046325684,83.0
34.15369,-118.195,332.03,0.47,0.4,2025-01-23,2038,N21,VIIRS,n,2.0NRT,302.46,1.6,D,2025-01-23 20:38:00,0.002035363141572475,0.0016843334531081568,34.1553743334531,-118.19703536314157,34.1553743334531,-118.19296463685842,34.15200566654689,-118.19296463685842,34.15200566654689,-118.19703536314157,0.140625,306,0.38380000000000003,35.057273864746094,20,-2.430000066757202,0.0,0.001509999972768128,37.0,285.20001220703125,299.5,2.0999999046325684,83.0
34.15436,-118.19335,313.89,0.35,0.57,2025-01-24,900,N21,VIIRS,n,2.0NRT,280.06,0.61,N,2025-01-24 09:00:00,0.002035379288833754,0.0016843334531081568,34.1560443334531,-118.19538537928882,34.1560443334531,-118.19131462071117,34.15267566654689,-118.19131462071117,34.15267566654689,-118.19538537928882,0.140625,306,0.38380000000000003,35.057273864746094,20,-2.430000066757202,0.0,0.0013800000306218863,55.0,284.5,299.1000061035156,3.299999952316284,85.0
34.23232,-118.09465,319.72,0.35,0.56,2025-01-24,900,N21,VIIRS,n,2.0NRT,283.73,1.9,N,2025-01-24 09:00:00,0.0020372618094293797,0.0016843334531081568,34.23400433345311,-118.09668726180944,34.23400433345311,-118.09261273819057,34.230635666546895,-118.09261273819057,34.230635666546895,-118.09668726180944,0.140625,1457,0.42700000000000005,0.0,10,-2.7200000286102295,0.0,0.0005699999746866524,51.0,282.6000061035156,290.1000061035156,3.799999952316284,100.0
34.15404,-118.19156,325.6,0.41,0.37,2025-01-27,2103,N21,VIIRS,n,2.0NRT,289.49,1.29,D,2025-01-27 21:03:00,0.0020353715766422828,0.0016843334531081568,34.15572433345311,-118.19359537157663,34.15572433345311,-118.18952462842336,34.152355666546896,-118.18952462842336,34.152355666546896,-118.19359537157663,0.140625,306,0.38380000000000003,35.057273864746094,20,-2.5299999713897705,12.0,0.005499999970197678,166.0,279.8999938964844,284.29998779296875,3.0999999046325684,40.0
34.15282,-118.19294,308.48,0.44,0.46,2025-01-31,1010,N21,VIIRS,n,2.0NRT,275.3,1.52,N,2025-01-31 10:10:00,0.0020353421750308673,0.0016843334531081568,34.154504333453104,-118.19497534217503,34.154504333453104,-118.19090465782496,34.15113566654689,-118.19090465782496,34.15113566654689,-118.19497534217503,0.140625,306,0.38380000000000003,35.057273864746094,20,-2.630000114440918,0.0,0.004889999981969595,219.0,279.70001220703125,288.20001220703125,1.5,53.0
